id_estudiante,course_id,course_code,periodo,carrera_cod,carrera,nivel,paralelo,materia,first_course_access,last_course_access,actividades_total,entregadas_pct,atrasadas,actividades_inicio,entregadas_inicio_pct,promedio_inicio,nota_final,dias_primer_acceso,dias_sin_entrar_al_final,hora_primer_acceso,estado,reprobo
53804afc7b95,3000,01/2026C1/P/03/210-01/1/000066-1A,2026C1,03/210-01,INGENIERÍA DE SOFTWARE,1,A,CÁLCULO DIFERENCIAL,2026-03-18 18:58:00,2026-08-07 18:46:00,13,100.0,3,4,100.0,82.02,83.03,3,0,18,Aprobado,0
53804afc7b95,3001,01/2026C1/P/03/210-01/1/000198-1A,2026C1,03/210-01,INGENIERÍA DE SOFTWARE,1,A,PROGRAMACIÓN I,2026-03-16 17:36:00,2026-08-01 19:32:00,13,100.0,0,4,100.0,84.91,91.45,1,5,17,Aprobado,0
53804afc7b95,3002,01/2026C1/P/03/210-01/1/000022-1A,2026C1,03/210-01,INGENIERÍA DE SOFTWARE,1,A,BASE DE DATOS,2026-03-15 17:10:00,2026-08-05 18:01:00,13,100.0,2,4,100.0,95.0,93.98,0,1,17,Aprobado,0
53804afc7b95,3003,01/2026C1/P/03/210-01/1/000165-1A,2026C1,03/210-01,INGENIERÍA DE SOFTWARE,1,A,METODOLOGÍA DE LA INVESTIGACIÓN,2026-03-15 17:36:00,2026-08-01 17:38:00,13,100.0,2,4,100.0,89.35,91.85,0,5,17,Aprobado,0
c63cd0398793,3004,01/2026C1/P/04/132-02/3/000044-3A,2026C1,04/132-02,CONTABILIDAD Y AUDITORÍA,3,A,CONTABILIDAD GENERAL,2026-03-15 20:55:00,2026-08-04 19:54:00,13,92.31,3,4,100.0,82.43,77.89,0,2,20,Aprobado,0
c63cd0398793,3005,01/2026C1/P/04/132-02/3/000154-3A,2026C1,04/132-02,CONTABILIDAD Y AUDITORÍA,3,A,MATEMÁTICA FINANCIERA,2026-03-15 19:18:00,2026-07-30 20:17:00,13,100.0,5,4,100.0,73.81,77.97,0,7,19,Aprobado,0
c63cd0398793,3006,01/2026C1/P/04/132-02/3/000220-3A,2026C1,04/132-02,CONTABILIDAD Y AUDITORÍA,3,A,TRIBUTACIÓN,2026-03-15 21:12:00,2026-08-05 19:56:00,13,92.31,2,4,100.0,78.6,73.8,0,1,21,Aprobado,0
c63cd0398793,3007,01/2026C1/P/04/132-02/3/000165-3A,2026C1,04/132-02,CONTABILIDAD Y AUDITORÍA,3,A,METODOLOGÍA DE LA INVESTIGACIÓN,2026-04-08 18:54:00,2026-08-03 19:04:00,13,100.0,1,4,100.0,99.98,92.17,24,3,18,Aprobado,0
8e05b5dd0d29,3008,01/2026C1/P/01/101-01/2/000011-2B,2026C1,01/101-01,MEDICINA,2,B,ANATOMÍA HUMANA,2026-03-16 16:19:00,2026-08-02 17:26:00,13,100.0,1,4,100.0,76.49,78.55,1,4,16,Aprobado,0
8e05b5dd0d29,3009,01/2026C1/P/01/101-01/2/000033-2B,2026C1,01/101-01,MEDICINA,2,B,BIOQUÍMICA,2026-03-21 15:50:00,2026-07-29 16:32:00,13,100.0,1,4,100.0,81.32,83.13,6,8,15,Aprobado,0
8e05b5dd0d29,3010,01/2026C1/P/01/101-01/2/000132-2B,2026C1,01/101-01,MEDICINA,2,B,FISIOLOGÍA,2026-03-30 17:29:00,2026-07-29 15:56:00,13,100.0,0,4,100.0,93.53,88.92,15,8,17,Aprobado,0
8e05b5dd0d29,3011,01/2026C1/P/01/101-01/2/000165-2B,2026C1,01/101-01,MEDICINA,2,B,METODOLOGÍA DE LA INVESTIGACIÓN,2026-03-19 17:11:00,2026-07-29 17:09:00,13,100.0,2,4,100.0,84.86,79.91,4,8,17,Aprobado,0
371559e970cf,3012,01/2026C1/P/01/188-01/3/000011-3B,2026C1,01/188-01,ENFERMERÍA,3,B,ANATOMÍA HUMANA,2026-03-17 19:44:00,2026-08-07 21:48:00,13,100.0,1,4,100.0,93.48,90.63,2,0,19,Aprobado,0
371559e970cf,3013,01/2026C1/P/01/188-01/3/000055-3B,2026C1,01/188-01,ENFERMERÍA,3,B,CUIDADO BÁSICO,2026-03-16 20:31:00,2026-07-31 21:20:00,13,92.31,0,4,100.0,79.32,73.78,1,6,20,Aprobado,0
371559e970cf,3014,01/2026C1/P/01/188-01/3/000121-3B,2026C1,01/188-01,ENFERMERÍA,3,B,FARMACOLOGÍA,2026-03-16 20:25:00,2026-07-29 19:46:00,13,100.0,0,4,100.0,91.76,88.6,1,8,20,Aprobado,0
371559e970cf,3015,01/2026C1/P/01/188-01/3/000165-3B,2026C1,01/188-01,ENFERMERÍA,3,B,METODOLOGÍA DE LA INVESTIGACIÓN,2026-03-16 21:54:00,2026-07-29 20:39:00,13,100.0,5,4,100.0,73.48,76.83,1,8,21,Aprobado,0
82ce8910df65,3016,01/2026C1/P/01/188-01/2/000011-2A,2026C1,01/188-01,ENFERMERÍA,2,A,ANATOMÍA HUMANA,2026-03-19 19:02:00,2026-08-07 19:37:00,13,100.0,1,4,100.0,77.4,84.86,4,0,19,Aprobado,0
82ce8910df65,3017,01/2026C1/P/01/188-01/2/000055-2A,2026C1,01/188-01,ENFERMERÍA,2,A,CUIDADO BÁSICO,2026-03-22 19:52:00,2026-08-07 20:23:00,13,100.0,0,4,100.0,83.84,88.07,7,0,19,Aprobado,0
82ce8910df65,3018,01/2026C1/P/01/188-01/2/000121-2A,2026C1,01/188-01,ENFERMERÍA,2,A,FARMACOLOGÍA,2026-03-20 19:23:00,2026-08-02 20:18:00,13,100.0,1,4,100.0,83.09,82.27,5,4,19,Aprobado,0
82ce8910df65,3019,01/2026C1/P/01/188-01/2/000165-2A,2026C1,01/188-01,ENFERMERÍA,2,A,METODOLOGÍA DE LA INVESTIGACIÓN,2026-03-16 19:06:00,2026-08-07 21:28:00,13,100.0,3,4,100.0,86.05,85.07,1,0,19,Aprobado,0
f9bb42c6ecd6,3020,01/2026C1/P/03/210-01/3/000066-3A,2026C1,03/210-01,INGENIERÍA DE SOFTWARE,3,A,CÁLCULO DIFERENCIAL,2026-03-20 21:05:00,2026-07-31 20:36:00,13,92.31,3,4,100.0,64.89,59.24,5,6,21,Reprobado,1
f9bb42c6ecd6,3021,01/2026C1/P/03/210-01/3/000198-3A,2026C1,03/210-01,INGENIERÍA DE SOFTWARE,3,A,PROGRAMACIÓN I,2026-03-18 18:58:00,2026-08-07 18:41:00,13,84.62,1,4,100.0,73.11,62.2,3,0,18,Reprobado,1
f9bb42c6ecd6,3022,01/2026C1/P/03/210-01/3/000022-3A,2026C1,03/210-01,INGENIERÍA DE SOFTWARE,3,A,BASE DE DATOS,2026-03-28 19:21:00,2026-08-04 19:35:00,13,69.23,2,4,75.0,47.93,46.05,13,2,19,Reprobado,1
f9bb42c6ecd6,3023,01/2026C1/P/03/210-01/3/000165-3A,2026C1,03/210-01,INGENIERÍA DE SOFTWARE,3,A,METODOLOGÍA DE LA INVESTIGACIÓN,2026-03-21 20:37:00,2026-08-05 21:21:00,13,61.54,1,4,75.0,51.0,44.71,6,1,20,Reprobado,1
9f4a9e2aec26,3024,01/2026C1/P/05/167-02/4/000209-4A,2026C1,05/167-02,PSICOLOGÍA,4,A,PSICOLOGÍA GENERAL,2026-03-18 19:12:00,2026-08-01 21:23:00,13,100.0,1,4,100.0,74.1,75.4,3,5,19,Aprobado,0
9f4a9e2aec26,3025,01/2026C1/P/05/167-02/4/000110-4A,2026C1,05/167-02,PSICOLOGÍA,4,A,ESTADÍSTICA,2026-03-15 21:06:00,2026-07-30 19:13:00,13,100.0,4,4,100.0,71.04,74.28,0,7,21,Aprobado,0
9f4a9e2aec26,3026,01/2026C1/P/05/167-02/4/000187-4A,2026C1,05/167-02,PSICOLOGÍA,4,A,NEUROCIENCIAS,2026-03-24 20:42:00,2026-08-06 21:11:00,13,92.31,4,4,100.0,77.91,70.99,9,0,20,Aprobado,0
9f4a9e2aec26,3027,01/2026C1/P/05/167-02/4/000165-4A,2026C1,05/167-02,PSICOLOGÍA,4,A,METODOLOGÍA DE LA INVESTIGACIÓN,2026-03-19 21:04:00,2026-07-29 20:32:00,13,84.62,1,4,75.0,58.19,71.01,4,8,21,Aprobado,0
f05f0584f540,3028,01/2026C1/P/04/132-02/2/000044-2B,2026C1,04/132-02,CONTABILIDAD Y AUDITORÍA,2,B,CONTABILIDAD GENERAL,2026-03-17 15:13:00,2026-07-29 15:40:00,13,100.0,2,4,100.0,84.0,89.03,2,8,15,Aprobado,0
f05f0584f540,3029,01/2026C1/P/04/132-02/2/000154-2B,2026C1,04/132-02,CONTABILIDAD Y AUDITORÍA,2,B,MATEMÁTICA FINANCIERA,2026-03-24 15:50:00,2026-08-02 16:27:00,13,100.0,4,4,100.0,91.22,90.68,9,4,15,Aprobado,0
f05f0584f540,3030,01/2026C1/P/04/132-02/2/000220-2B,2026C1,04/132-02,CONTABILIDAD Y AUDITORÍA,2,B,TRIBUTACIÓN,2026-03-16 14:41:00,2026-07-29 15:12:00,13,100.0,2,4,100.0,85.44,92.44,1,8,14,Aprobado,0
f05f0584f540,3031,01/2026C1/P/04/132-02/2/000165-2B,2026C1,04/132-02,CONTABILIDAD Y AUDITORÍA,2,B,METODOLOGÍA DE LA INVESTIGACIÓN,2026-03-15 14:53:00,2026-08-01 15:16:00,13,92.31,0,4,100.0,97.53,85.11,0,5,14,Aprobado,0
fce96790bb44,3032,01/2026C1/P/01/101-01/3/000011-3A,2026C1,01/101-01,MEDICINA,3,A,ANATOMÍA HUMANA,2026-03-16 19:05:00,2026-07-29 20:51:00,13,100.0,5,4,100.0,74.08,72.28,1,8,19,Aprobado,0
fce96790bb44,3033,01/2026C1/P/01/101-01/3/000033-3A,2026C1,01/101-01,MEDICINA,3,A,BIOQUÍMICA,2026-03-17 19:35:00,2026-07-31 20:35:00,13,100.0,0,4,100.0,79.42,81.1,2,6,19,Aprobado,0
fce96790bb44,3034,01/2026C1/P/01/101-01/3/000132-3A,2026C1,01/101-01,MEDICINA,3,A,FISIOLOGÍA,2026-03-21 20:02:00,2026-08-01 18:05:00,13,100.0,4,4,100.0,82.6,71.1,6,5,20,Aprobado,0
fce96790bb44,3035,01/2026C1/P/01/101-01/3/000165-3A,2026C1,01/101-01,MEDICINA,3,A,METODOLOGÍA DE LA INVESTIGACIÓN,2026-03-16 19:11:00,2026-08-06 19:41:00,13,100.0,2,4,100.0,78.91,76.46,1,0,19,Aprobado,0
927a4089ba79,3036,01/2026C1/P/03/210-01/3/000066-3B,2026C1,03/210-01,INGENIERÍA DE SOFTWARE,3,B,CÁLCULO DIFERENCIAL,2026-03-20 22:01:00,2026-08-02 23:37:00,13,100.0,0,4,100.0,80.56,80.84,5,4,22,Aprobado,0
927a4089ba79,3037,01/2026C1/P/03/210-01/3/000198-3B,2026C1,03/210-01,INGENIERÍA DE SOFTWARE,3,B,PROGRAMACIÓN I,2026-03-15 21:54:00,2026-08-02 20:04:00,13,100.0,2,4,100.0,78.91,74.87,0,4,21,Aprobado,0
927a4089ba79,3038,01/2026C1/P/03/210-01/3/000022-3B,2026C1,03/210-01,INGENIERÍA DE SOFTWARE,3,B,BASE DE DATOS,2026-03-28 22:47:00,2026-08-04 22:21:00,13,92.31,1,4,100.0,85.7,78.0,13,2,22,Aprobado,0
927a4089ba79,3039,01/2026C1/P/03/210-01/3/000165-3B,2026C1,03/210-01,INGENIERÍA DE SOFTWARE,3,B,METODOLOGÍA DE LA INVESTIGACIÓN,2026-03-20 22:59:00,2026-08-04 23:02:00,13,92.31,2,4,100.0,76.84,76.25,5,2,22,Aprobado,0
1e1873a9994b,3040,01/2026C1/P/04/132-02/1/000044-1A,2026C1,04/132-02,CONTABILIDAD Y AUDITORÍA,1,A,CONTABILIDAD GENERAL,2026-03-17 00:12:00,2026-08-03 20:48:00,13,92.31,0,4,100.0,83.06,79.5,2,3,0,Aprobado,0
1e1873a9994b,3041,01/2026C1/P/04/132-02/1/000154-1A,2026C1,04/132-02,CONTABILIDAD Y AUDITORÍA,1,A,MATEMÁTICA FINANCIERA,2026-03-15 21:38:00,2026-08-02 22:28:00,13,100.0,0,4,100.0,89.44,96.45,0,4,21,Aprobado,0
1e1873a9994b,3042,01/2026C1/P/04/132-02/1/000220-1A,2026C1,04/132-02,CONTABILIDAD Y AUDITORÍA,1,A,TRIBUTACIÓN,2026-03-18 23:01:00,2026-08-06 00:05:00,13,100.0,0,4,100.0,77.85,80.31,3,0,23,Aprobado,0
1e1873a9994b,3043,01/2026C1/P/04/132-02/1/000165-1A,2026C1,04/132-02,CONTABILIDAD Y AUDITORÍA,1,A,METODOLOGÍA DE LA INVESTIGACIÓN,2026-03-15 21:30:00,2026-08-05 00:41:00,13,100.0,0,4,100.0,82.9,88.47,0,1,21,Aprobado,0
3b8727c2748a,3044,01/2026C1/P/01/101-01/1/000011-1B,2026C1,01/101-01,MEDICINA,1,B,ANATOMÍA HUMANA,2026-03-23 00:48:00,2026-08-01 00:11:00,13,46.15,1,4,50.0,30.11,27.07,8,5,0,Reprobado,1
3b8727c2748a,3045,01/2026C1/P/01/101-01/1/000033-1B,2026C1,01/101-01,MEDICINA,1,B,BIOQUÍMICA,2026-03-19 23:58:00,2026-07-31 23:02:00,13,76.92,2,4,100.0,49.95,43.97,4,6,23,Reprobado,1
3b8727c2748a,3046,01/2026C1/P/01/101-01/1/000132-1B,2026C1,01/101-01,MEDICINA,1,B,FISIOLOGÍA,2026-03-17 23:06:00,2026-08-01 00:28:00,13,15.38,0,4,50.0,26.84,7.4,2,5,23,Reprobado,1
3b8727c2748a,3047,01/2026C1/P/01/101-01/1/000165-1B,2026C1,01/101-01,MEDICINA,1,B,METODOLOGÍA DE LA INVESTIGACIÓN,2026-04-27 22:57:00,2026-07-29 22:39:00,13,23.08,1,4,25.0,19.27,14.11,43,8,22,Reprobado,1
1de8dc67d76f,3048,01/2026C1/P/03/210-01/5/000066-5B,2026C1,03/210-01,INGENIERÍA DE SOFTWARE,5,B,CÁLCULO DIFERENCIAL,2026-03-15 20:33:00,2026-07-30 20:32:00,13,92.31,2,4,100.0,87.96,77.0,0,7,20,Aprobado,0
1de8dc67d76f,3049,01/2026C1/P/03/210-01/5/000198-5B,2026C1,03/210-01,INGENIERÍA DE SOFTWARE,5,B,PROGRAMACIÓN I,2026-03-16 19:10:00,2026-07-31 22:52:00,13,100.0,2,4,100.0,71.94,79.89,1,6,19,Aprobado,0
1de8dc67d76f,3050,01/2026C1/P/03/210-01/5/000022-5B,2026C1,03/210-01,INGENIERÍA DE SOFTWARE,5,B,BASE DE DATOS,2026-03-15 20:41:00,2026-08-07 20:14:00,13,92.31,1,4,75.0,65.8,80.35,0,0,20,Aprobado,0
1de8dc67d76f,3051,01/2026C1/P/03/210-01/5/000165-5B,2026C1,03/210-01,INGENIERÍA DE SOFTWARE,5,B,METODOLOGÍA DE LA INVESTIGACIÓN,2026-03-15 21:15:00,2026-07-30 19:54:00,13,100.0,2,4,100.0,91.28,93.51,0,7,21,Aprobado,0
5d4c75096bae,3052,01/2026C1/P/04/132-02/2/000044-2A,2026C1,04/132-02,CONTABILIDAD Y AUDITORÍA,2,A,CONTABILIDAD GENERAL,2026-03-20 13:29:00,2026-04-29 13:16:00,13,30.77,0,4,100.0,80.94,25.68,5,99,13,Reprobado,1
5d4c75096bae,3053,01/2026C1/P/04/132-02/2/000154-2A,2026C1,04/132-02,CONTABILIDAD Y AUDITORÍA,2,A,MATEMÁTICA FINANCIERA,2026-03-17 12:21:00,2026-06-13 11:21:00,13,69.23,0,4,100.0,88.83,56.29,2,54,12,Reprobado,1
5d4c75096bae,3054,01/2026C1/P/04/132-02/2/000220-2A,2026C1,04/132-02,CONTABILIDAD Y AUDITORÍA,2,A,TRIBUTACIÓN,2026-03-17 12:50:00,2026-05-27 14:36:00,13,46.15,1,4,100.0,95.2,42.68,2,71,12,Reprobado,1
5d4c75096bae,3055,01/2026C1/P/04/132-02/2/000165-2A,2026C1,04/132-02,CONTABILIDAD Y AUDITORÍA,2,A,METODOLOGÍA DE LA INVESTIGACIÓN,2026-03-16 13:41:00,2026-05-12 14:24:00,13,38.46,0,4,100.0,96.48,38.02,1,86,13,Reprobado,1
528d22ab8dc6,3056,01/2026C1/P/04/132-02/5/000044-5B,2026C1,04/132-02,CONTABILIDAD Y AUDITORÍA,5,B,CONTABILIDAD GENERAL,2026-03-15 23:37:00,2026-08-01 23:02:00,13,100.0,2,4,100.0,94.88,92.06,0,5,23,Aprobado,0
528d22ab8dc6,3057,01/2026C1/P/04/132-02/5/000154-5B,2026C1,04/132-02,CONTABILIDAD Y AUDITORÍA,5,B,MATEMÁTICA FINANCIERA,2026-03-18 22:37:00,2026-08-07 23:13:00,13,100.0,4,4,100.0,69.54,79.21,3,0,22,Aprobado,0
528d22ab8dc6,3058,01/2026C1/P/04/132-02/5/000220-5B,2026C1,04/132-02,CONTABILIDAD Y AUDITORÍA,5,B,TRIBUTACIÓN,2026-03-22 01:39:00,2026-08-08 00:17:00,13,100.0,0,4,100.0,80.74,85.11,7,0,1,Aprobado,0
528d22ab8dc6,3059,01/2026C1/P/04/132-02/5/000165-5B,2026C1,04/132-02,CONTABILIDAD Y AUDITORÍA,5,B,METODOLOGÍA DE LA INVESTIGACIÓN,2026-03-24 00:03:00,2026-08-03 22:52:00,13,92.31,5,4,100.0,82.7,77.69,9,3,0,Aprobado,0
ded33c0578ad,3024,01/2026C1/P/05/167-02/4/000209-4A,2026C1,05/167-02,PSICOLOGÍA,4,A,PSICOLOGÍA GENERAL,2026-03-26 18:07:00,2026-08-04 20:47:00,13,100.0,3,4,100.0,79.02,82.26,11,2,18,Aprobado,0
ded33c0578ad,3025,01/2026C1/P/05/167-02/4/000110-4A,2026C1,05/167-02,PSICOLOGÍA,4,A,ESTADÍSTICA,2026-04-13 19:16:00,2026-08-02 17:32:00,13,61.54,1,4,50.0,27.46,45.03,29,4,19,Reprobado,1
ded33c0578ad,3026,01/2026C1/P/05/167-02/4/000187-4A,2026C1,05/167-02,PSICOLOGÍA,4,A,NEUROCIENCIAS,2026-04-15 20:05:00,2026-08-02 19:05:00,13,92.31,3,4,75.0,58.93,73.56,31,4,20,Aprobado,0
ded33c0578ad,3027,01/2026C1/P/05/167-02/4/000165-4A,2026C1,05/167-02,PSICOLOGÍA,4,A,METODOLOGÍA DE LA INVESTIGACIÓN,2026-03-19 16:44:00,2026-08-06 19:21:00,13,100.0,0,4,100.0,90.99,86.82,4,0,16,Aprobado,0
be87dfe05f87,3060,01/2026C1/P/05/167-02/5/000209-5B,2026C1,05/167-02,PSICOLOGÍA,5,B,PSICOLOGÍA GENERAL,2026-03-16 23:15:00,2026-08-05 22:08:00,13,100.0,0,4,100.0,89.94,86.68,1,1,23,Aprobado,0
be87dfe05f87,3061,01/2026C1/P/05/167-02/5/000110-5B,2026C1,05/167-02,PSICOLOGÍA,5,B,ESTADÍSTICA,2026-03-22 23:34:00,2026-08-07 23:19:00,13,100.0,4,4,100.0,74.16,72.44,7,0,23,Aprobado,0
be87dfe05f87,3062,01/2026C1/P/05/167-02/5/000187-5B,2026C1,05/167-02,PSICOLOGÍA,5,B,NEUROCIENCIAS,2026-03-18 21:54:00,2026-08-02 22:04:00,13,100.0,4,4,100.0,88.84,85.97,3,4,21,Aprobado,0
be87dfe05f87,3063,01/2026C1/P/05/167-02/5/000165-5B,2026C1,05/167-02,PSICOLOGÍA,5,B,METODOLOGÍA DE LA INVESTIGACIÓN,2026-03-15 22:21:00,2026-07-29 23:34:00,13,100.0,4,4,100.0,97.22,92.95,0,8,22,Aprobado,0
2e3f2382c93f,3064,01/2026C1/P/03/210-01/2/000066-2A,2026C1,03/210-01,INGENIERÍA DE SOFTWARE,2,A,CÁLCULO DIFERENCIAL,2026-03-22 16:32:00,2026-08-02 20:31:00,13,100.0,2,4,100.0,73.49,74.3,7,4,16,Aprobado,0
2e3f2382c93f,3065,01/2026C1/P/03/210-01/2/000198-2A,2026C1,03/210-01,INGENIERÍA DE SOFTWARE,2,A,PROGRAMACIÓN I,2026-03-22 20:46:00,2026-08-06 19:17:00,13,84.62,3,4,75.0,44.12,58.39,7,0,20,Reprobado,1
2e3f2382c93f,3066,01/2026C1/P/03/210-01/2/000022-2A,2026C1,03/210-01,INGENIERÍA DE SOFTWARE,2,A,BASE DE DATOS,2026-04-01 18:43:00,2026-07-31 18:56:00,13,76.92,1,4,100.0,75.39,56.32,17,6,18,Reprobado,1
2e3f2382c93f,3067,01/2026C1/P/03/210-01/2/000165-2A,2026C1,03/210-01,INGENIERÍA DE SOFTWARE,2,A,METODOLOGÍA DE LA INVESTIGACIÓN,2026-04-10 19:38:00,2026-08-07 19:17:00,13,92.31,2,4,75.0,67.24,72.71,26,0,19,Aprobado,0
60a72a8ef4c9,3068,01/2026C1/P/05/167-02/2/000209-2A,2026C1,05/167-02,PSICOLOGÍA,2,A,PSICOLOGÍA GENERAL,2026-03-15 18:09:00,2026-07-30 17:04:00,13,92.31,4,4,100.0,75.79,77.41,0,7,18,Aprobado,0
60a72a8ef4c9,3069,01/2026C1/P/05/167-02/2/000110-2A,2026C1,05/167-02,PSICOLOGÍA,2,A,ESTADÍSTICA,2026-03-15 21:01:00,2026-07-29 18:33:00,13,76.92,2,4,50.0,34.82,61.65,0,8,21,Reprobado,1
60a72a8ef4c9,3070,01/2026C1/P/05/167-02/2/000187-2A,2026C1,05/167-02,PSICOLOGÍA,2,A,NEUROCIENCIAS,2026-03-19 18:43:00,2026-08-02 19:37:00,13,84.62,2,4,100.0,91.8,68.99,4,4,18,Reprobado,1
60a72a8ef4c9,3071,01/2026C1/P/05/167-02/2/000165-2A,2026C1,05/167-02,PSICOLOGÍA,2,A,METODOLOGÍA DE LA INVESTIGACIÓN,2026-03-25 16:51:00,2026-08-03 19:46:00,13,76.92,2,4,100.0,79.91,61.58,10,3,16,Reprobado,1
4454ec3a95d5,3068,01/2026C1/P/05/167-02/2/000209-2A,2026C1,05/167-02,PSICOLOGÍA,2,A,PSICOLOGÍA GENERAL,2026-03-15 23:26:00,2026-07-30 00:42:00,13,92.31,1,4,75.0,63.61,79.9,0,7,23,Aprobado,0
4454ec3a95d5,3069,01/2026C1/P/05/167-02/2/000110-2A,2026C1,05/167-02,PSICOLOGÍA,2,A,ESTADÍSTICA,2026-03-19 22:48:00,2026-07-31 00:20:00,13,100.0,1,4,100.0,89.52,86.26,4,6,22,Aprobado,0
4454ec3a95d5,3070,01/2026C1/P/05/167-02/2/000187-2A,2026C1,05/167-02,PSICOLOGÍA,2,A,NEUROCIENCIAS,2026-03-20 23:56:00,2026-08-05 23:46:00,13,100.0,5,4,100.0,74.22,78.37,5,1,23,Aprobado,0
4454ec3a95d5,3071,01/2026C1/P/05/167-02/2/000165-2A,2026C1,05/167-02,PSICOLOGÍA,2,A,METODOLOGÍA DE LA INVESTIGACIÓN,2026-03-18 22:47:00,2026-08-08 01:05:00,13,100.0,2,4,100.0,77.49,83.51,3,0,22,Aprobado,0
f3b63dddac9c,3072,01/2026C1/P/01/188-01/4/000011-4A,2026C1,01/188-01,ENFERMERÍA,4,A,ANATOMÍA HUMANA,2026-03-17 21:00:00,2026-08-01 21:28:00,13,100.0,1,4,100.0,75.41,81.42,2,5,21,Aprobado,0
f3b63dddac9c,3073,01/2026C1/P/01/188-01/4/000055-4A,2026C1,01/188-01,ENFERMERÍA,4,A,CUIDADO BÁSICO,2026-04-13 22:18:00,2026-07-29 21:11:00,13,76.92,2,4,75.0,66.63,61.25,29,8,22,Reprobado,1
f3b63dddac9c,3074,01/2026C1/P/01/188-01/4/000121-4A,2026C1,01/188-01,ENFERMERÍA,4,A,FARMACOLOGÍA,2026-03-15 23:11:00,2026-08-03 20:20:00,13,92.31,0,4,100.0,80.17,78.59,0,3,23,Aprobado,0
f3b63dddac9c,3075,01/2026C1/P/01/188-01/4/000165-4A,2026C1,01/188-01,ENFERMERÍA,4,A,METODOLOGÍA DE LA INVESTIGACIÓN,2026-03-16 22:51:00,2026-08-04 20:39:00,13,100.0,4,4,100.0,87.16,85.68,1,2,22,Aprobado,0
03f07175a94d,3076,01/2026C1/P/01/101-01/4/000011-4B,2026C1,01/101-01,MEDICINA,4,B,ANATOMÍA HUMANA,2026-04-06 22:08:00,2026-08-05 19:56:00,13,76.92,3,4,75.0,43.82,51.66,22,1,22,Reprobado,1
03f07175a94d,3077,01/2026C1/P/01/101-01/4/000033-4B,2026C1,01/101-01,MEDICINA,4,B,BIOQUÍMICA,2026-03-30 22:33:00,2026-08-05 21:26:00,13,100.0,2,4,100.0,74.88,66.14,15,1,22,Reprobado,1
03f07175a94d,3078,01/2026C1/P/01/101-01/4/000132-4B,2026C1,01/101-01,MEDICINA,4,B,FISIOLOGÍA,2026-03-16 20:57:00,2026-07-31 20:31:00,13,92.31,1,4,75.0,52.7,63.77,1,6,20,Reprobado,1
03f07175a94d,3079,01/2026C1/P/01/101-01/4/000165-4B,2026C1,01/101-01,MEDICINA,4,B,METODOLOGÍA DE LA INVESTIGACIÓN,2026-03-20 22:45:00,2026-07-30 23:39:00,13,100.0,2,4,100.0,72.33,78.12,5,7,22,Aprobado,0
01539591af65,3080,01/2026C1/P/04/132-02/4/000044-4A,2026C1,04/132-02,CONTABILIDAD Y AUDITORÍA,4,A,CONTABILIDAD GENERAL,2026-03-16 23:42:00,2026-07-31 00:36:00,13,100.0,2,4,100.0,72.87,80.07,1,6,23,Aprobado,0
01539591af65,3081,01/2026C1/P/04/132-02/4/000154-4A,2026C1,04/132-02,CONTABILIDAD Y AUDITORÍA,4,A,MATEMÁTICA FINANCIERA,2026-03-25 23:45:00,2026-08-03 00:43:00,13,100.0,2,4,100.0,90.0,86.5,10,3,23,Aprobado,0
01539591af65,3082,01/2026C1/P/04/132-02/4/000220-4A,2026C1,04/132-02,CONTABILIDAD Y AUDITORÍA,4,A,TRIBUTACIÓN,2026-03-17 21:59:00,2026-07-30 00:28:00,13,100.0,2,4,100.0,88.9,92.77,2,7,21,Aprobado,0
01539591af65,3083,01/2026C1/P/04/132-02/4/000165-4A,2026C1,04/132-02,CONTABILIDAD Y AUDITORÍA,4,A,METODOLOGÍA DE LA INVESTIGACIÓN,2026-03-22 00:32:00,2026-07-31 23:30:00,13,100.0,1,4,100.0,89.36,88.66,7,6,0,Aprobado,0
295f6f8e7432,3084,01/2026C1/P/04/120-03/2/000143-2A,2026C1,04/120-03,ECONOMÍA,2,A,MACROECONOMÍA,2026-03-17 13:56:00,2026-08-01 15:13:00,13,100.0,3,4,100.0,80.28,86.87,2,5,13,Aprobado,0
295f6f8e7432,3085,01/2026C1/P/04/120-03/2/000176-2A,2026C1,04/120-03,ECONOMÍA,2,A,MICROECONOMÍA,2026-03-21 14:17:00,2026-07-30 14:02:00,13,100.0,1,4,100.0,94.88,92.22,6,7,14,Aprobado,0
295f6f8e7432,3086,01/2026C1/P/04/120-03/2/000110-2A,2026C1,04/120-03,ECONOMÍA,2,A,ESTADÍSTICA,2026-03-15 13:17:00,2026-08-05 14:14:00,13,100.0,1,4,100.0,72.78,78.66,0,1,13,Aprobado,0
295f6f8e7432,3087,01/2026C1/P/04/120-03/2/000165-2A,2026C1,04/120-03,ECONOMÍA,2,A,METODOLOGÍA DE LA INVESTIGACIÓN,2026-03-22 13:36:00,2026-07-29 14:10:00,13,100.0,0,4,100.0,92.66,91.99,7,8,13,Aprobado,0
75679061cc69,3012,01/2026C1/P/01/188-01/3/000011-3B,2026C1,01/188-01,ENFERMERÍA,3,B,ANATOMÍA HUMANA,2026-03-18 19:58:00,2026-08-06 22:28:00,13,61.54,2,4,50.0,33.26,41.71,3,0,19,Reprobado,1
75679061cc69,3013,01/2026C1/P/01/188-01/3/000055-3B,2026C1,01/188-01,ENFERMERÍA,3,B,CUIDADO BÁSICO,2026-03-17 20:50:00,2026-08-03 21:19:00,13,69.23,1,4,50.0,32.36,46.12,2,3,20,Reprobado,1
75679061cc69,3014,01/2026C1/P/01/188-01/3/000121-3B,2026C1,01/188-01,ENFERMERÍA,3,B,FARMACOLOGÍA,2026-05-11 20:39:00,2026-08-02 20:55:00,13,7.69,0,4,0.0,0.0,3.52,57,4,20,Reprobado,1
75679061cc69,3015,01/2026C1/P/01/188-01/3/000165-3B,2026C1,01/188-01,ENFERMERÍA,3,B,METODOLOGÍA DE LA INVESTIGACIÓN,2026-03-18 21:09:00,2026-08-01 20:11:00,13,84.62,4,4,75.0,49.36,60.22,3,5,21,Reprobado,1
5ddf7c55cbc8,3024,01/2026C1/P/05/167-02/4/000209-4A,2026C1,05/167-02,PSICOLOGÍA,4,A,PSICOLOGÍA GENERAL,2026-03-15 14:13:00,2026-08-01 16:23:00,13,100.0,0,4,100.0,100.0,97.42,0,5,14,Aprobado,0
5ddf7c55cbc8,3025,01/2026C1/P/05/167-02/4/000110-4A,2026C1,05/167-02,PSICOLOGÍA,4,A,ESTADÍSTICA,2026-03-15 17:15:00,2026-08-06 14:13:00,13,100.0,1,4,100.0,97.74,94.15,0,0,17,Aprobado,0
5ddf7c55cbc8,3026,01/2026C1/P/05/167-02/4/000187-4A,2026C1,05/167-02,PSICOLOGÍA,4,A,NEUROCIENCIAS,2026-03-16 16:02:00,2026-08-04 14:32:00,13,100.0,1,4,100.0,91.88,94.9,1,2,16,Aprobado,0
5ddf7c55cbc8,3027,01/2026C1/P/05/167-02/4/000165-4A,2026C1,05/167-02,PSICOLOGÍA,4,A,METODOLOGÍA DE LA INVESTIGACIÓN,2026-03-18 17:10:00,2026-08-05 11:16:00,13,100.0,0,4,100.0,93.04,97.51,3,1,17,Aprobado,0
216fd26c0c87,3088,01/2026C1/P/04/132-02/1/000044-1B,2026C1,04/132-02,CONTABILIDAD Y AUDITORÍA,1,B,CONTABILIDAD GENERAL,2026-03-23 19:20:00,2026-08-07 18:11:00,13,92.31,3,4,100.0,73.76,75.07,8,0,19,Aprobado,0
216fd26c0c87,3089,01/2026C1/P/04/132-02/1/000154-1B,2026C1,04/132-02,CONTABILIDAD Y AUDITORÍA,1,B,MATEMÁTICA FINANCIERA,2026-03-15 19:49:00,2026-08-03 19:19:00,13,92.31,4,4,100.0,89.48,75.77,0,3,19,Aprobado,0
216fd26c0c87,3090,01/2026C1/P/04/132-02/1/000220-1B,2026C1,04/132-02,CONTABILIDAD Y AUDITORÍA,1,B,TRIBUTACIÓN,2026-04-16 20:23:00,2026-08-07 18:44:00,13,84.62,2,4,100.0,77.04,65.48,32,0,20,Reprobado,1
216fd26c0c87,3091,01/2026C1/P/04/132-02/1/000165-1B,2026C1,04/132-02,CONTABILIDAD Y AUDITORÍA,1,B,METODOLOGÍA DE LA INVESTIGACIÓN,2026-03-18 19:49:00,2026-07-30 19:17:00,13,92.31,4,4,100.0,75.3,72.5,3,7,19,Aprobado,0
7ba289e415ba,3092,01/2026C1/P/05/167-02/1/000209-1A,2026C1,05/167-02,PSICOLOGÍA,1,A,PSICOLOGÍA GENERAL,2026-03-28 19:05:00,2026-07-30 20:45:00,13,84.62,1,4,50.0,38.42,70.76,13,7,19,Aprobado,0
7ba289e415ba,3093,01/2026C1/P/05/167-02/1/000110-1A,2026C1,05/167-02,PSICOLOGÍA,1,A,ESTADÍSTICA,2026-03-21 20:46:00,2026-07-30 19:29:00,13,84.62,2,4,100.0,90.85,69.03,6,7,20,Reprobado,1
7ba289e415ba,3094,01/2026C1/P/05/167-02/1/000187-1A,2026C1,05/167-02,PSICOLOGÍA,1,A,NEUROCIENCIAS,2026-03-22 18:21:00,2026-08-04 20:19:00,13,100.0,3,4,100.0,91.65,88.85,7,2,18,Aprobado,0
7ba289e415ba,3095,01/2026C1/P/05/167-02/1/000165-1A,2026C1,05/167-02,PSICOLOGÍA,1,A,METODOLOGÍA DE LA INVESTIGACIÓN,2026-03-17 19:48:00,2026-07-31 20:03:00,13,100.0,1,4,100.0,92.79,90.34,2,6,19,Aprobado,0
ff2aba3001e9,3096,01/2026C1/P/02/145-01/2/000077-2B,2026C1,02/145-01,DERECHO,2,B,DERECHO CIVIL,2026-03-19 16:05:00,2026-07-29 14:12:00,13,100.0,2,4,100.0,82.36,90.35,4,8,16,Aprobado,0
ff2aba3001e9,3097,01/2026C1/P/02/145-01/2/000099-2B,2026C1,02/145-01,DERECHO,2,B,DERECHO PENAL,2026-03-16 14:42:00,2026-08-01 15:27:00,13,100.0,0,4,100.0,99.27,97.49,1,5,14,Aprobado,0
ff2aba3001e9,3098,01/2026C1/P/02/145-01/2/000088-2B,2026C1,02/145-01,DERECHO,2,B,DERECHO CONSTITUCIONAL,2026-03-19 14:45:00,2026-07-29 12:43:00,13,92.31,1,4,100.0,87.04,81.71,4,8,14,Aprobado,0
ff2aba3001e9,3099,01/2026C1/P/02/145-01/2/000165-2B,2026C1,02/145-01,DERECHO,2,B,METODOLOGÍA DE LA INVESTIGACIÓN,2026-03-16 14:45:00,2026-07-30 13:06:00,13,100.0,2,4,100.0,82.52,83.86,1,7,14,Aprobado,0
edfa3d7a40a9,3100,01/2026C1/P/01/101-01/5/000011-5B,2026C1,01/101-01,MEDICINA,5,B,ANATOMÍA HUMANA,2026-03-15 21:55:00,2026-08-05 20:23:00,13,100.0,1,4,100.0,84.91,80.79,0,1,21,Aprobado,0
edfa3d7a40a9,3101,01/2026C1/P/01/101-01/5/000033-5B,2026C1,01/101-01,MEDICINA,5,B,BIOQUÍMICA,2026-03-17 18:52:00,2026-08-01 19:37:00,13,92.31,2,4,100.0,60.04,63.15,2,5,18,Reprobado,1
edfa3d7a40a9,3102,01/2026C1/P/01/101-01/5/000132-5B,2026C1,01/101-01,MEDICINA,5,B,FISIOLOGÍA,2026-04-03 20:03:00,2026-07-30 21:54:00,13,100.0,1,4,100.0,88.12,89.16,19,7,20,Aprobado,0
edfa3d7a40a9,3103,01/2026C1/P/01/101-01/5/000165-5B,2026C1,01/101-01,MEDICINA,5,B,METODOLOGÍA DE LA INVESTIGACIÓN,2026-04-16 22:33:00,2026-08-02 22:07:00,13,92.31,2,4,75.0,65.09,72.14,32,4,22,Aprobado,0
36b3d3a01b75,3104,01/2026C1/P/04/132-02/4/000044-4B,2026C1,04/132-02,CONTABILIDAD Y AUDITORÍA,4,B,CONTABILIDAD GENERAL,2026-03-21 17:33:00,2026-07-31 17:23:00,13,100.0,2,4,100.0,74.96,77.53,6,6,17,Aprobado,0
36b3d3a01b75,3105,01/2026C1/P/04/132-02/4/000154-4B,2026C1,04/132-02,CONTABILIDAD Y AUDITORÍA,4,B,MATEMÁTICA FINANCIERA,2026-03-21 17:31:00,2026-07-30 16:10:00,13,100.0,1,4,100.0,83.7,85.3,6,7,17,Aprobado,0
36b3d3a01b75,3106,01/2026C1/P/04/132-02/4/000220-4B,2026C1,04/132-02,CONTABILIDAD Y AUDITORÍA,4,B,TRIBUTACIÓN,2026-03-26 16:18:00,2026-08-01 17:33:00,13,92.31,2,4,100.0,86.83,79.81,11,5,16,Aprobado,0
36b3d3a01b75,3107,01/2026C1/P/04/132-02/4/000165-4B,2026C1,04/132-02,CONTABILIDAD Y AUDITORÍA,4,B,METODOLOGÍA DE LA INVESTIGACIÓN,2026-03-17 17:15:00,2026-08-05 16:48:00,13,100.0,5,4,100.0,81.34,82.68,2,1,17,Aprobado,0
ebacc3f3de07,3108,01/2026C1/P/05/167-02/3/000209-3B,2026C1,05/167-02,PSICOLOGÍA,3,B,PSICOLOGÍA GENERAL,2026-03-24 20:55:00,2026-08-07 20:46:00,13,100.0,3,4,100.0,87.87,86.04,9,0,20,Aprobado,0
ebacc3f3de07,3109,01/2026C1/P/05/167-02/3/000110-3B,2026C1,05/167-02,PSICOLOGÍA,3,B,ESTADÍSTICA,2026-03-18 21:12:00,2026-08-07 21:12:00,13,100.0,1,4,100.0,85.32,82.43,3,0,21,Aprobado,0
ebacc3f3de07,3110,01/2026C1/P/05/167-02/3/000187-3B,2026C1,05/167-02,PSICOLOGÍA,3,B,NEUROCIENCIAS,2026-04-08 19:50:00,2026-07-30 20:59:00,13,92.31,2,4,75.0,57.6,76.81,24,7,19,Aprobado,0
ebacc3f3de07,3111,01/2026C1/P/05/167-02/3/000165-3B,2026C1,05/167-02,PSICOLOGÍA,3,B,METODOLOGÍA DE LA INVESTIGACIÓN,2026-03-15 20:56:00,2026-08-06 20:41:00,13,100.0,1,4,100.0,94.66,86.92,0,0,20,Aprobado,0
c4f5da042ef0,3112,01/2026C1/P/02/145-01/4/000077-4B,2026C1,02/145-01,DERECHO,4,B,DERECHO CIVIL,2026-03-17 17:38:00,2026-08-07 20:19:00,13,100.0,0,4,100.0,89.47,89.43,2,0,17,Aprobado,0
c4f5da042ef0,3113,01/2026C1/P/02/145-01/4/000099-4B,2026C1,02/145-01,DERECHO,4,B,DERECHO PENAL,2026-03-23 19:41:00,2026-08-03 19:06:00,13,100.0,1,4,100.0,84.47,88.59,8,3,19,Aprobado,0
c4f5da042ef0,3114,01/2026C1/P/02/145-01/4/000088-4B,2026C1,02/145-01,DERECHO,4,B,DERECHO CONSTITUCIONAL,2026-03-23 20:31:00,2026-07-29 20:07:00,13,100.0,1,4,100.0,94.17,93.85,8,8,20,Aprobado,0
c4f5da042ef0,3115,01/2026C1/P/02/145-01/4/000165-4B,2026C1,02/145-01,DERECHO,4,B,METODOLOGÍA DE LA INVESTIGACIÓN,2026-03-16 20:12:00,2026-08-06 18:11:00,13,100.0,0,4,100.0,92.38,90.24,1,0,20,Aprobado,0
444995bea133,3032,01/2026C1/P/01/101-01/3/000011-3A,2026C1,01/101-01,MEDICINA,3,A,ANATOMÍA HUMANA,2026-04-01 18:34:00,2026-08-07 18:04:00,13,100.0,2,4,100.0,86.64,81.53,17,0,18,Aprobado,0
444995bea133,3033,01/2026C1/P/01/101-01/3/000033-3A,2026C1,01/101-01,MEDICINA,3,A,BIOQUÍMICA,2026-04-08 19:31:00,2026-08-07 18:19:00,13,84.62,7,4,100.0,73.47,61.28,24,0,19,Reprobado,1
444995bea133,3034,01/2026C1/P/01/101-01/3/000132-3A,2026C1,01/101-01,MEDICINA,3,A,FISIOLOGÍA,2026-03-28 18:36:00,2026-08-04 18:33:00,13,100.0,0,4,100.0,88.62,91.91,13,2,18,Aprobado,0
444995bea133,3035,01/2026C1/P/01/101-01/3/000165-3A,2026C1,01/101-01,MEDICINA,3,A,METODOLOGÍA DE LA INVESTIGACIÓN,2026-03-16 18:43:00,2026-08-01 18:48:00,13,100.0,1,4,100.0,77.19,82.7,1,5,18,Aprobado,0
2f4f3d5fb549,3076,01/2026C1/P/01/101-01/4/000011-4B,2026C1,01/101-01,MEDICINA,4,B,ANATOMÍA HUMANA,2026-04-08 19:44:00,2026-08-01 18:33:00,13,69.23,1,4,50.0,43.01,47.0,24,5,19,Reprobado,1
2f4f3d5fb549,3077,01/2026C1/P/01/101-01/4/000033-4B,2026C1,01/101-01,MEDICINA,4,B,BIOQUÍMICA,2026-03-18 18:20:00,2026-08-04 17:14:00,13,100.0,3,4,100.0,60.68,67.38,3,2,18,Reprobado,1
2f4f3d5fb549,3078,01/2026C1/P/01/101-01/4/000132-4B,2026C1,01/101-01,MEDICINA,4,B,FISIOLOGÍA,2026-03-29 18:09:00,2026-08-06 19:09:00,13,76.92,1,4,75.0,61.22,54.35,14,0,18,Reprobado,1
2f4f3d5fb549,3079,01/2026C1/P/01/101-01/4/000165-4B,2026C1,01/101-01,MEDICINA,4,B,METODOLOGÍA DE LA INVESTIGACIÓN,2026-03-30 18:50:00,2026-07-29 20:30:00,13,61.54,1,4,75.0,50.97,43.8,15,8,18,Reprobado,1
111d496f6321,3060,01/2026C1/P/05/167-02/5/000209-5B,2026C1,05/167-02,PSICOLOGÍA,5,B,PSICOLOGÍA GENERAL,2026-03-18 19:07:00,2026-08-01 18:26:00,13,100.0,1,4,100.0,100.0,95.43,3,5,19,Aprobado,0
111d496f6321,3061,01/2026C1/P/05/167-02/5/000110-5B,2026C1,05/167-02,PSICOLOGÍA,5,B,ESTADÍSTICA,2026-03-18 18:28:00,2026-08-03 17:48:00,13,100.0,0,4,100.0,96.07,95.4,3,3,18,Aprobado,0
111d496f6321,3062,01/2026C1/P/05/167-02/5/000187-5B,2026C1,05/167-02,PSICOLOGÍA,5,B,NEUROCIENCIAS,2026-03-15 18:23:00,2026-08-07 17:55:00,13,100.0,1,4,100.0,86.91,91.25,0,0,18,Aprobado,0
111d496f6321,3063,01/2026C1/P/05/167-02/5/000165-5B,2026C1,05/167-02,PSICOLOGÍA,5,B,METODOLOGÍA DE LA INVESTIGACIÓN,2026-03-25 18:28:00,2026-08-07 17:47:00,13,100.0,2,4,100.0,92.9,85.66,10,0,18,Aprobado,0
e452de72acfa,3040,01/2026C1/P/04/132-02/1/000044-1A,2026C1,04/132-02,CONTABILIDAD Y AUDITORÍA,1,A,CONTABILIDAD GENERAL,2026-03-17 20:32:00,2026-07-29 20:17:00,13,100.0,4,4,100.0,79.09,80.48,2,8,20,Aprobado,0
e452de72acfa,3041,01/2026C1/P/04/132-02/1/000154-1A,2026C1,04/132-02,CONTABILIDAD Y AUDITORÍA,1,A,MATEMÁTICA FINANCIERA,2026-03-23 20:25:00,2026-08-06 20:10:00,13,100.0,2,4,100.0,83.3,80.04,8,0,20,Aprobado,0
e452de72acfa,3042,01/2026C1/P/04/132-02/1/000220-1A,2026C1,04/132-02,CONTABILIDAD Y AUDITORÍA,1,A,TRIBUTACIÓN,2026-03-16 20:38:00,2026-08-04 19:35:00,13,100.0,1,4,100.0,88.6,86.57,1,2,20,Aprobado,0
e452de72acfa,3043,01/2026C1/P/04/132-02/1/000165-1A,2026C1,04/132-02,CONTABILIDAD Y AUDITORÍA,1,A,METODOLOGÍA DE LA INVESTIGACIÓN,2026-03-21 20:26:00,2026-08-02 20:56:00,13,92.31,4,4,100.0,72.04,65.52,6,4,20,Reprobado,1
1e8cb068cd85,3072,01/2026C1/P/01/188-01/4/000011-4A,2026C1,01/188-01,ENFERMERÍA,4,A,ANATOMÍA HUMANA,2026-03-24 19:07:00,2026-08-02 19:28:00,13,100.0,2,4,100.0,70.96,74.61,9,4,19,Aprobado,0
1e8cb068cd85,3073,01/2026C1/P/01/188-01/4/000055-4A,2026C1,01/188-01,ENFERMERÍA,4,A,CUIDADO BÁSICO,2026-03-24 20:19:00,2026-08-03 21:18:00,13,84.62,5,4,75.0,58.65,66.67,9,3,20,Reprobado,1
1e8cb068cd85,3074,01/2026C1/P/01/188-01/4/000121-4A,2026C1,01/188-01,ENFERMERÍA,4,A,FARMACOLOGÍA,2026-03-19 18:39:00,2026-08-01 20:21:00,13,84.62,0,4,75.0,53.92,54.58,4,5,18,Reprobado,1
1e8cb068cd85,3075,01/2026C1/P/01/188-01/4/000165-4A,2026C1,01/188-01,ENFERMERÍA,4,A,METODOLOGÍA DE LA INVESTIGACIÓN,2026-03-22 19:27:00,2026-08-03 19:06:00,13,92.31,0,4,100.0,96.09,79.97,7,3,19,Aprobado,0
3e4cce16a236,3060,01/2026C1/P/05/167-02/5/000209-5B,2026C1,05/167-02,PSICOLOGÍA,5,B,PSICOLOGÍA GENERAL,2026-03-16 21:21:00,2026-08-01 18:56:00,13,92.31,1,4,100.0,93.71,86.25,1,5,21,Aprobado,0
3e4cce16a236,3061,01/2026C1/P/05/167-02/5/000110-5B,2026C1,05/167-02,PSICOLOGÍA,5,B,ESTADÍSTICA,2026-03-15 20:39:00,2026-07-29 21:11:00,13,100.0,2,4,100.0,67.77,76.85,0,8,20,Aprobado,0
3e4cce16a236,3062,01/2026C1/P/05/167-02/5/000187-5B,2026C1,05/167-02,PSICOLOGÍA,5,B,NEUROCIENCIAS,2026-03-21 19:29:00,2026-07-29 19:58:00,13,100.0,1,4,100.0,88.23,81.29,6,8,19,Aprobado,0
3e4cce16a236,3063,01/2026C1/P/05/167-02/5/000165-5B,2026C1,05/167-02,PSICOLOGÍA,5,B,METODOLOGÍA DE LA INVESTIGACIÓN,2026-03-25 20:23:00,2026-08-01 19:56:00,13,100.0,1,4,100.0,78.28,83.79,10,5,20,Aprobado,0
4dd06c357530,3004,01/2026C1/P/04/132-02/3/000044-3A,2026C1,04/132-02,CONTABILIDAD Y AUDITORÍA,3,A,CONTABILIDAD GENERAL,2026-03-16 21:36:00,2026-08-03 21:25:00,13,100.0,1,4,100.0,96.76,89.51,1,3,21,Aprobado,0
4dd06c357530,3005,01/2026C1/P/04/132-02/3/000154-3A,2026C1,04/132-02,CONTABILIDAD Y AUDITORÍA,3,A,MATEMÁTICA FINANCIERA,2026-03-20 19:59:00,2026-08-04 19:39:00,13,100.0,1,4,100.0,82.61,84.9,5,2,19,Aprobado,0
4dd06c357530,3006,01/2026C1/P/04/132-02/3/000220-3A,2026C1,04/132-02,CONTABILIDAD Y AUDITORÍA,3,A,TRIBUTACIÓN,2026-03-16 20:31:00,2026-08-02 20:12:00,13,100.0,1,4,100.0,93.96,91.92,1,4,20,Aprobado,0
4dd06c357530,3007,01/2026C1/P/04/132-02/3/000165-3A,2026C1,04/132-02,CONTABILIDAD Y AUDITORÍA,3,A,METODOLOGÍA DE LA INVESTIGACIÓN,2026-03-15 20:45:00,2026-07-31 21:51:00,13,100.0,1,4,100.0,85.1,86.28,0,6,20,Aprobado,0
eb54e265ca21,3116,01/2026C1/P/04/120-03/2/000143-2B,2026C1,04/120-03,ECONOMÍA,2,B,MACROECONOMÍA,2026-03-28 18:48:00,2026-07-31 17:22:00,13,84.62,1,4,100.0,79.21,69.95,13,6,18,Reprobado,1
eb54e265ca21,3117,01/2026C1/P/04/120-03/2/000176-2B,2026C1,04/120-03,ECONOMÍA,2,B,MICROECONOMÍA,2026-03-17 17:21:00,2026-08-03 16:44:00,13,100.0,2,4,100.0,76.84,84.26,2,3,17,Aprobado,0
eb54e265ca21,3118,01/2026C1/P/04/120-03/2/000110-2B,2026C1,04/120-03,ECONOMÍA,2,B,ESTADÍSTICA,2026-03-15 18:11:00,2026-08-01 18:02:00,13,100.0,0,4,100.0,91.52,90.43,0,5,18,Aprobado,0
eb54e265ca21,3119,01/2026C1/P/04/120-03/2/000165-2B,2026C1,04/120-03,ECONOMÍA,2,B,METODOLOGÍA DE LA INVESTIGACIÓN,2026-03-21 18:47:00,2026-08-01 17:08:00,13,100.0,0,4,100.0,94.22,95.33,6,5,18,Aprobado,0
9a0eeee35252,3120,01/2026C1/P/04/132-02/3/000044-3B,2026C1,04/132-02,CONTABILIDAD Y AUDITORÍA,3,B,CONTABILIDAD GENERAL,2026-03-16 19:19:00,2026-08-07 18:36:00,13,100.0,2,4,100.0,97.5,98.51,1,0,19,Aprobado,0
9a0eeee35252,3121,01/2026C1/P/04/132-02/3/000154-3B,2026C1,04/132-02,CONTABILIDAD Y AUDITORÍA,3,B,MATEMÁTICA FINANCIERA,2026-03-15 18:03:00,2026-08-01 18:14:00,13,100.0,1,4,100.0,98.08,96.07,0,5,18,Aprobado,0
9a0eeee35252,3122,01/2026C1/P/04/132-02/3/000220-3B,2026C1,04/132-02,CONTABILIDAD Y AUDITORÍA,3,B,TRIBUTACIÓN,2026-03-19 17:59:00,2026-08-04 17:53:00,13,100.0,1,4,100.0,85.08,88.52,4,2,17,Aprobado,0
9a0eeee35252,3123,01/2026C1/P/04/132-02/3/000165-3B,2026C1,04/132-02,CONTABILIDAD Y AUDITORÍA,3,B,METODOLOGÍA DE LA INVESTIGACIÓN,2026-03-17 18:43:00,2026-08-05 16:43:00,13,100.0,0,4,100.0,98.62,96.28,2,1,18,Aprobado,0
a764376c2446,3124,01/2026C1/P/01/101-01/1/000011-1A,2026C1,01/101-01,MEDICINA,1,A,ANATOMÍA HUMANA,2026-03-20 16:51:00,2026-08-07 18:10:00,13,92.31,0,4,100.0,80.64,73.01,5,0,16,Aprobado,0
a764376c2446,3125,01/2026C1/P/01/101-01/1/000033-1A,2026C1,01/101-01,MEDICINA,1,A,BIOQUÍMICA,2026-03-16 16:24:00,2026-08-06 17:51:00,13,69.23,3,4,50.0,33.56,42.26,1,0,16,Reprobado,1
a764376c2446,3126,01/2026C1/P/01/101-01/1/000132-1A,2026C1,01/101-01,MEDICINA,1,A,FISIOLOGÍA,2026-03-17 18:01:00,2026-07-30 18:51:00,13,84.62,4,4,75.0,60.86,59.39,2,7,18,Reprobado,1
a764376c2446,3127,01/2026C1/P/01/101-01/1/000165-1A,2026C1,01/101-01,MEDICINA,1,A,METODOLOGÍA DE LA INVESTIGACIÓN,2026-03-17 17:58:00,2026-08-01 18:46:00,13,92.31,3,4,100.0,79.19,76.25,2,5,17,Aprobado,0
7f23cde688a8,3128,01/2026C1/P/01/188-01/2/000011-2B,2026C1,01/188-01,ENFERMERÍA,2,B,ANATOMÍA HUMANA,2026-03-16 21:23:00,2026-07-31 21:53:00,13,100.0,1,4,100.0,83.61,85.84,1,6,21,Aprobado,0
7f23cde688a8,3129,01/2026C1/P/01/188-01/2/000055-2B,2026C1,01/188-01,ENFERMERÍA,2,B,CUIDADO BÁSICO,2026-03-18 22:03:00,2026-08-01 23:11:00,13,100.0,2,4,100.0,90.26,91.66,3,5,22,Aprobado,0
7f23cde688a8,3130,01/2026C1/P/01/188-01/2/000121-2B,2026C1,01/188-01,ENFERMERÍA,2,B,FARMACOLOGÍA,2026-03-17 22:41:00,2026-07-30 22:28:00,13,84.62,2,4,100.0,71.8,65.8,2,7,22,Reprobado,1
7f23cde688a8,3131,01/2026C1/P/01/188-01/2/000165-2B,2026C1,01/188-01,ENFERMERÍA,2,B,METODOLOGÍA DE LA INVESTIGACIÓN,2026-03-27 21:47:00,2026-08-02 21:33:00,13,100.0,2,4,100.0,78.62,80.41,12,4,21,Aprobado,0
ca6f5fad01b7,3136,01/2026C1/P/01/188-01/1/000011-1A,2026C1,01/188-01,ENFERMERÍA,1,A,ANATOMÍA HUMANA,2026-03-21 15:42:00,2026-08-05 17:27:00,13,100.0,1,4,100.0,94.48,91.2,6,1,15,Aprobado,0
ca6f5fad01b7,3137,01/2026C1/P/01/188-01/1/000055-1A,2026C1,01/188-01,ENFERMERÍA,1,A,CUIDADO BÁSICO,2026-03-17 17:24:00,2026-08-01 15:34:00,13,100.0,1,4,100.0,89.23,89.34,2,5,17,Aprobado,0
ca6f5fad01b7,3138,01/2026C1/P/01/188-01/1/000121-1A,2026C1,01/188-01,ENFERMERÍA,1,A,FARMACOLOGÍA,2026-03-16 16:44:00,2026-08-05 16:44:00,13,100.0,2,4,100.0,90.35,92.48,1,1,16,Aprobado,0
ca6f5fad01b7,3139,01/2026C1/P/01/188-01/1/000165-1A,2026C1,01/188-01,ENFERMERÍA,1,A,METODOLOGÍA DE LA INVESTIGACIÓN,2026-03-22 15:05:00,2026-08-05 17:40:00,13,100.0,0,4,100.0,91.94,88.89,7,1,15,Aprobado,0
31a9ded0acb6,3140,01/2026C1/P/04/120-03/3/000143-3B,2026C1,04/120-03,ECONOMÍA,3,B,MACROECONOMÍA,2026-03-25 19:46:00,2026-07-31 19:30:00,13,100.0,5,4,100.0,81.37,71.48,10,6,19,Aprobado,0
31a9ded0acb6,3141,01/2026C1/P/04/120-03/3/000176-3B,2026C1,04/120-03,ECONOMÍA,3,B,MICROECONOMÍA,2026-03-28 20:32:00,2026-08-07 20:42:00,13,46.15,3,4,50.0,29.42,30.55,13,0,20,Reprobado,1
31a9ded0acb6,3142,01/2026C1/P/04/120-03/3/000110-3B,2026C1,04/120-03,ECONOMÍA,3,B,ESTADÍSTICA,2026-03-20 20:57:00,2026-08-03 21:25:00,13,53.85,0,4,75.0,56.2,34.1,5,3,20,Reprobado,1
31a9ded0acb6,3143,01/2026C1/P/04/120-03/3/000165-3B,2026C1,04/120-03,ECONOMÍA,3,B,METODOLOGÍA DE LA INVESTIGACIÓN,2026-03-31 21:28:00,2026-07-30 21:56:00,13,46.15,1,4,75.0,51.54,30.21,16,7,21,Reprobado,1
73f850e94512,3144,01/2026C1/P/04/120-03/1/000143-1B,2026C1,04/120-03,ECONOMÍA,1,B,MACROECONOMÍA,2026-03-17 20:59:00,2026-07-29 20:42:00,13,100.0,1,4,100.0,88.81,86.41,2,8,20,Aprobado,0
73f850e94512,3145,01/2026C1/P/04/120-03/1/000176-1B,2026C1,04/120-03,ECONOMÍA,1,B,MICROECONOMÍA,2026-03-16 21:06:00,2026-08-02 20:06:00,13,100.0,2,4,100.0,93.96,91.36,1,4,21,Aprobado,0
73f850e94512,3146,01/2026C1/P/04/120-03/1/000110-1B,2026C1,04/120-03,ECONOMÍA,1,B,ESTADÍSTICA,2026-03-25 20:06:00,2026-07-30 18:44:00,13,100.0,2,4,100.0,76.95,76.89,10,7,20,Aprobado,0
73f850e94512,3147,01/2026C1/P/04/120-03/1/000165-1B,2026C1,04/120-03,ECONOMÍA,1,B,METODOLOGÍA DE LA INVESTIGACIÓN,2026-03-16 20:58:00,2026-08-04 19:48:00,13,100.0,4,4,100.0,76.8,77.54,1,2,20,Aprobado,0
a28584d7dffa,3096,01/2026C1/P/02/145-01/2/000077-2B,2026C1,02/145-01,DERECHO,2,B,DERECHO CIVIL,2026-03-19 20:31:00,2026-07-29 17:02:00,13,100.0,1,4,100.0,89.12,89.08,4,8,20,Aprobado,0
a28584d7dffa,3097,01/2026C1/P/02/145-01/2/000099-2B,2026C1,02/145-01,DERECHO,2,B,DERECHO PENAL,2026-03-16 17:48:00,2026-08-05 20:03:00,13,84.62,0,4,100.0,90.94,73.82,1,1,17,Aprobado,0
a28584d7dffa,3098,01/2026C1/P/02/145-01/2/000088-2B,2026C1,02/145-01,DERECHO,2,B,DERECHO CONSTITUCIONAL,2026-03-15 19:15:00,2026-08-05 16:38:00,13,100.0,1,4,100.0,93.56,94.98,0,1,19,Aprobado,0
a28584d7dffa,3099,01/2026C1/P/02/145-01/2/000165-2B,2026C1,02/145-01,DERECHO,2,B,METODOLOGÍA DE LA INVESTIGACIÓN,2026-03-21 19:51:00,2026-07-29 19:05:00,13,100.0,0,4,100.0,88.99,93.34,6,8,19,Aprobado,0
4ae368136998,3148,01/2026C1/P/03/210-01/5/000066-5A,2026C1,03/210-01,INGENIERÍA DE SOFTWARE,5,A,CÁLCULO DIFERENCIAL,2026-03-19 22:14:00,2026-07-30 20:12:00,13,100.0,0,4,100.0,75.82,71.46,4,7,22,Aprobado,0
4ae368136998,3149,01/2026C1/P/03/210-01/5/000198-5A,2026C1,03/210-01,INGENIERÍA DE SOFTWARE,5,A,PROGRAMACIÓN I,2026-03-15 21:35:00,2026-08-05 21:06:00,13,100.0,3,4,100.0,81.04,76.53,0,1,21,Aprobado,0
4ae368136998,3150,01/2026C1/P/03/210-01/5/000022-5A,2026C1,03/210-01,INGENIERÍA DE SOFTWARE,5,A,BASE DE DATOS,2026-03-22 21:39:00,2026-08-04 22:05:00,13,100.0,1,4,100.0,80.47,83.35,7,2,21,Aprobado,0
4ae368136998,3151,01/2026C1/P/03/210-01/5/000165-5A,2026C1,03/210-01,INGENIERÍA DE SOFTWARE,5,A,METODOLOGÍA DE LA INVESTIGACIÓN,2026-03-17 21:06:00,2026-07-30 19:45:00,13,100.0,3,4,100.0,91.82,82.52,2,7,21,Aprobado,0
833851f6dc17,3152,01/2026C1/P/03/210-01/2/000066-2B,2026C1,03/210-01,INGENIERÍA DE SOFTWARE,2,B,CÁLCULO DIFERENCIAL,2026-03-16 20:15:00,2026-07-30 21:03:00,13,100.0,7,4,100.0,53.01,60.6,1,7,20,Reprobado,1
833851f6dc17,3153,01/2026C1/P/03/210-01/2/000198-2B,2026C1,03/210-01,INGENIERÍA DE SOFTWARE,2,B,PROGRAMACIÓN I,2026-03-22 22:52:00,2026-08-05 20:00:00,13,100.0,2,4,100.0,80.07,79.99,7,1,22,Aprobado,0
833851f6dc17,3154,01/2026C1/P/03/210-01/2/000022-2B,2026C1,03/210-01,INGENIERÍA DE SOFTWARE,2,B,BASE DE DATOS,2026-03-20 19:58:00,2026-08-04 22:16:00,13,92.31,4,4,100.0,86.26,78.94,5,2,19,Aprobado,0
833851f6dc17,3155,01/2026C1/P/03/210-01/2/000165-2B,2026C1,03/210-01,INGENIERÍA DE SOFTWARE,2,B,METODOLOGÍA DE LA INVESTIGACIÓN,2026-03-18 22:08:00,2026-08-01 21:41:00,13,92.31,3,4,100.0,77.31,78.85,3,5,22,Aprobado,0
a46c7cd346a7,3156,01/2026C1/P/04/120-03/4/000143-4B,2026C1,04/120-03,ECONOMÍA,4,B,MACROECONOMÍA,2026-03-15 17:55:00,2026-08-04 18:03:00,13,100.0,1,4,100.0,98.0,94.34,0,2,17,Aprobado,0
a46c7cd346a7,3157,01/2026C1/P/04/120-03/4/000176-4B,2026C1,04/120-03,ECONOMÍA,4,B,MICROECONOMÍA,2026-03-18 18:26:00,2026-08-02 17:46:00,13,100.0,1,4,100.0,83.3,83.63,3,4,18,Aprobado,0
a46c7cd346a7,3158,01/2026C1/P/04/120-03/4/000110-4B,2026C1,04/120-03,ECONOMÍA,4,B,ESTADÍSTICA,2026-03-20 19:09:00,2026-08-06 17:14:00,13,92.31,1,4,100.0,78.63,75.61,5,0,19,Aprobado,0
a46c7cd346a7,3159,01/2026C1/P/04/120-03/4/000165-4B,2026C1,04/120-03,ECONOMÍA,4,B,METODOLOGÍA DE LA INVESTIGACIÓN,2026-03-18 18:29:00,2026-07-29 16:14:00,13,100.0,0,4,100.0,95.06,95.69,3,8,18,Aprobado,0
3a6eb6927a4f,3160,01/2026C1/P/05/167-02/5/000209-5A,2026C1,05/167-02,PSICOLOGÍA,5,A,PSICOLOGÍA GENERAL,2026-03-19 17:04:00,2026-08-01 17:56:00,13,100.0,2,4,100.0,89.06,89.4,4,5,17,Aprobado,0
3a6eb6927a4f,3161,01/2026C1/P/05/167-02/5/000110-5A,2026C1,05/167-02,PSICOLOGÍA,5,A,ESTADÍSTICA,2026-03-15 17:24:00,2026-08-04 18:26:00,13,100.0,0,4,100.0,95.22,96.81,0,2,17,Aprobado,0
3a6eb6927a4f,3162,01/2026C1/P/05/167-02/5/000187-5A,2026C1,05/167-02,PSICOLOGÍA,5,A,NEUROCIENCIAS,2026-03-16 18:03:00,2026-07-31 17:42:00,13,100.0,2,4,100.0,90.43,90.31,1,6,18,Aprobado,0
3a6eb6927a4f,3163,01/2026C1/P/05/167-02/5/000165-5A,2026C1,05/167-02,PSICOLOGÍA,5,A,METODOLOGÍA DE LA INVESTIGACIÓN,2026-03-21 18:48:00,2026-08-05 17:39:00,13,100.0,1,4,100.0,95.6,95.58,6,1,18,Aprobado,0
7e44bd873cc6,3124,01/2026C1/P/01/101-01/1/000011-1A,2026C1,01/101-01,MEDICINA,1,A,ANATOMÍA HUMANA,2026-03-19 20:59:00,2026-04-24 22:47:00,13,23.08,1,4,50.0,36.07,18.38,4,104,20,Reprobado,1
7e44bd873cc6,3125,01/2026C1/P/01/101-01/1/000033-1A,2026C1,01/101-01,MEDICINA,1,A,BIOQUÍMICA,2026-03-15 21:16:00,2026-06-09 21:31:00,13,53.85,0,4,100.0,77.09,39.31,0,58,21,Reprobado,1
7e44bd873cc6,3126,01/2026C1/P/01/101-01/1/000132-1A,2026C1,01/101-01,MEDICINA,1,A,FISIOLOGÍA,2026-03-16 20:12:00,2026-05-07 21:09:00,13,30.77,1,4,100.0,88.04,27.32,1,91,20,Reprobado,1
7e44bd873cc6,3127,01/2026C1/P/01/101-01/1/000165-1A,2026C1,01/101-01,MEDICINA,1,A,METODOLOGÍA DE LA INVESTIGACIÓN,2026-03-16 22:50:00,2026-04-30 20:59:00,13,30.77,0,4,100.0,81.08,23.84,1,98,22,Reprobado,1
9ab6fb121b87,3164,01/2026C1/P/01/101-01/3/000011-3B,2026C1,01/101-01,MEDICINA,3,B,ANATOMÍA HUMANA,2026-03-19 20:59:00,2026-08-07 17:46:00,13,92.31,3,4,75.0,59.64,74.36,4,0,20,Aprobado,0
9ab6fb121b87,3165,01/2026C1/P/01/101-01/3/000033-3B,2026C1,01/101-01,MEDICINA,3,B,BIOQUÍMICA,2026-03-22 18:23:00,2026-08-05 16:48:00,13,100.0,2,4,100.0,82.5,85.07,7,1,18,Aprobado,0
9ab6fb121b87,3166,01/2026C1/P/01/101-01/3/000132-3B,2026C1,01/101-01,MEDICINA,3,B,FISIOLOGÍA,2026-03-18 20:32:00,2026-08-03 20:31:00,13,100.0,3,4,100.0,78.24,81.41,3,3,20,Aprobado,0
9ab6fb121b87,3167,01/2026C1/P/01/101-01/3/000165-3B,2026C1,01/101-01,MEDICINA,3,B,METODOLOGÍA DE LA INVESTIGACIÓN,2026-03-18 20:44:00,2026-08-02 19:36:00,13,100.0,1,4,100.0,91.55,90.32,3,4,20,Aprobado,0
0f427857c790,3168,01/2026C1/P/04/120-03/3/000143-3A,2026C1,04/120-03,ECONOMÍA,3,A,MACROECONOMÍA,2026-03-16 16:47:00,2026-07-29 14:57:00,13,100.0,3,4,100.0,90.18,83.16,1,8,16,Aprobado,0
0f427857c790,3169,01/2026C1/P/04/120-03/3/000176-3A,2026C1,04/120-03,ECONOMÍA,3,A,MICROECONOMÍA,2026-03-15 15:19:00,2026-08-04 15:20:00,13,100.0,1,4,100.0,89.94,87.45,0,2,15,Aprobado,0
0f427857c790,3170,01/2026C1/P/04/120-03/3/000110-3A,2026C1,04/120-03,ECONOMÍA,3,A,ESTADÍSTICA,2026-03-16 15:45:00,2026-08-05 14:11:00,13,100.0,0,4,100.0,93.38,87.64,1,1,15,Aprobado,0
0f427857c790,3171,01/2026C1/P/04/120-03/3/000165-3A,2026C1,04/120-03,ECONOMÍA,3,A,METODOLOGÍA DE LA INVESTIGACIÓN,2026-03-16 13:49:00,2026-08-02 14:20:00,13,100.0,0,4,100.0,89.0,90.94,1,4,13,Aprobado,0
686de7e74806,3008,01/2026C1/P/01/101-01/2/000011-2B,2026C1,01/101-01,MEDICINA,2,B,ANATOMÍA HUMANA,2026-03-19 15:01:00,2026-08-06 15:37:00,13,100.0,0,4,100.0,80.6,84.61,4,0,15,Aprobado,0
686de7e74806,3009,01/2026C1/P/01/101-01/2/000033-2B,2026C1,01/101-01,MEDICINA,2,B,BIOQUÍMICA,2026-03-17 13:33:00,2026-07-30 15:12:00,13,100.0,1,4,100.0,91.34,92.7,2,7,13,Aprobado,0
686de7e74806,3010,01/2026C1/P/01/101-01/2/000132-2B,2026C1,01/101-01,MEDICINA,2,B,FISIOLOGÍA,2026-03-15 13:37:00,2026-08-07 16:04:00,13,100.0,3,4,100.0,83.17,84.49,0,0,13,Aprobado,0
686de7e74806,3011,01/2026C1/P/01/101-01/2/000165-2B,2026C1,01/101-01,MEDICINA,2,B,METODOLOGÍA DE LA INVESTIGACIÓN,2026-03-19 14:54:00,2026-08-07 14:04:00,13,100.0,1,4,100.0,80.87,90.08,4,0,14,Aprobado,0
e649ae59db88,3076,01/2026C1/P/01/101-01/4/000011-4B,2026C1,01/101-01,MEDICINA,4,B,ANATOMÍA HUMANA,2026-03-18 13:33:00,2026-08-03 14:26:00,13,100.0,3,4,100.0,81.04,80.34,3,3,13,Aprobado,0
e649ae59db88,3077,01/2026C1/P/01/101-01/4/000033-4B,2026C1,01/101-01,MEDICINA,4,B,BIOQUÍMICA,2026-03-15 15:14:00,2026-08-03 18:25:00,13,100.0,4,4,100.0,77.78,79.75,0,3,15,Aprobado,0
e649ae59db88,3078,01/2026C1/P/01/101-01/4/000132-4B,2026C1,01/101-01,MEDICINA,4,B,FISIOLOGÍA,2026-03-19 14:13:00,2026-08-05 14:26:00,13,92.31,2,4,75.0,51.61,68.96,4,1,14,Reprobado,1
e649ae59db88,3079,01/2026C1/P/01/101-01/4/000165-4B,2026C1,01/101-01,MEDICINA,4,B,METODOLOGÍA DE LA INVESTIGACIÓN,2026-03-15 14:45:00,2026-08-07 15:07:00,13,100.0,0,4,100.0,80.23,90.91,0,0,14,Aprobado,0
787abea80e2e,3156,01/2026C1/P/04/120-03/4/000143-4B,2026C1,04/120-03,ECONOMÍA,4,B,MACROECONOMÍA,2026-03-15 16:40:00,2026-07-30 16:16:00,13,100.0,1,4,100.0,92.73,92.54,0,7,16,Aprobado,0
787abea80e2e,3157,01/2026C1/P/04/120-03/4/000176-4B,2026C1,04/120-03,ECONOMÍA,4,B,MICROECONOMÍA,2026-03-18 16:13:00,2026-07-31 16:11:00,13,100.0,2,4,100.0,83.02,85.51,3,6,16,Aprobado,0
787abea80e2e,3158,01/2026C1/P/04/120-03/4/000110-4B,2026C1,04/120-03,ECONOMÍA,4,B,ESTADÍSTICA,2026-03-21 17:00:00,2026-08-03 16:15:00,13,100.0,1,4,100.0,69.68,81.87,6,3,17,Aprobado,0
787abea80e2e,3159,01/2026C1/P/04/120-03/4/000165-4B,2026C1,04/120-03,ECONOMÍA,4,B,METODOLOGÍA DE LA INVESTIGACIÓN,2026-03-16 17:47:00,2026-07-29 15:13:00,13,100.0,1,4,100.0,89.63,94.82,1,8,17,Aprobado,0
ee3126fcb822,3172,01/2026C1/P/01/188-01/5/000011-5A,2026C1,01/188-01,ENFERMERÍA,5,A,ANATOMÍA HUMANA,2026-04-08 22:19:00,2026-08-02 23:39:00,13,69.23,3,4,75.0,51.19,53.1,24,4,22,Reprobado,1
ee3126fcb822,3173,01/2026C1/P/01/188-01/5/000055-5A,2026C1,01/188-01,ENFERMERÍA,5,A,CUIDADO BÁSICO,2026-03-21 22:48:00,2026-07-31 21:49:00,13,100.0,3,4,100.0,85.17,79.0,6,6,22,Aprobado,0
ee3126fcb822,3174,01/2026C1/P/01/188-01/5/000121-5A,2026C1,01/188-01,ENFERMERÍA,5,A,FARMACOLOGÍA,2026-03-20 20:42:00,2026-07-31 20:45:00,13,100.0,1,4,100.0,75.88,80.79,5,6,20,Aprobado,0
ee3126fcb822,3175,01/2026C1/P/01/188-01/5/000165-5A,2026C1,01/188-01,ENFERMERÍA,5,A,METODOLOGÍA DE LA INVESTIGACIÓN,2026-03-20 23:25:00,2026-08-04 21:26:00,13,76.92,3,4,75.0,55.48,50.13,5,2,23,Reprobado,1
394b58de6a96,3176,01/2026C1/P/02/145-01/1/000077-1A,2026C1,02/145-01,DERECHO,1,A,DERECHO CIVIL,2026-04-02 20:37:00,2026-08-07 20:36:00,13,69.23,0,4,25.0,18.43,52.45,18,0,20,Reprobado,1
394b58de6a96,3177,01/2026C1/P/02/145-01/1/000099-1A,2026C1,02/145-01,DERECHO,1,A,DERECHO PENAL,2026-03-16 21:09:00,2026-07-31 19:38:00,13,100.0,4,4,100.0,74.59,71.91,1,6,21,Aprobado,0
394b58de6a96,3178,01/2026C1/P/02/145-01/1/000088-1A,2026C1,02/145-01,DERECHO,1,A,DERECHO CONSTITUCIONAL,2026-03-26 21:24:00,2026-08-07 21:24:00,13,92.31,2,4,100.0,76.72,74.14,11,0,21,Aprobado,0
394b58de6a96,3179,01/2026C1/P/02/145-01/1/000165-1A,2026C1,02/145-01,DERECHO,1,A,METODOLOGÍA DE LA INVESTIGACIÓN,2026-03-19 19:16:00,2026-08-06 19:40:00,13,84.62,3,4,75.0,55.74,60.87,4,0,19,Reprobado,1
9579cc715238,3032,01/2026C1/P/01/101-01/3/000011-3A,2026C1,01/101-01,MEDICINA,3,A,ANATOMÍA HUMANA,2026-03-26 14:32:00,2026-08-06 17:07:00,13,92.31,0,4,100.0,76.13,71.59,11,0,14,Aprobado,0
9579cc715238,3033,01/2026C1/P/01/101-01/3/000033-3A,2026C1,01/101-01,MEDICINA,3,A,BIOQUÍMICA,2026-03-23 13:59:00,2026-08-06 13:35:00,13,92.31,2,4,100.0,71.4,59.7,8,0,13,Reprobado,1
9579cc715238,3034,01/2026C1/P/01/101-01/3/000132-3A,2026C1,01/101-01,MEDICINA,3,A,FISIOLOGÍA,2026-03-18 13:46:00,2026-08-03 16:18:00,13,100.0,0,4,100.0,88.27,86.25,3,3,13,Aprobado,0
9579cc715238,3035,01/2026C1/P/01/101-01/3/000165-3A,2026C1,01/101-01,MEDICINA,3,A,METODOLOGÍA DE LA INVESTIGACIÓN,2026-03-15 13:12:00,2026-07-29 15:41:00,13,84.62,2,4,75.0,52.92,61.31,0,8,13,Reprobado,1
dd6a526884c8,3100,01/2026C1/P/01/101-01/5/000011-5B,2026C1,01/101-01,MEDICINA,5,B,ANATOMÍA HUMANA,2026-03-19 17:37:00,2026-08-02 16:33:00,13,84.62,1,4,100.0,75.11,65.28,4,4,17,Reprobado,1
dd6a526884c8,3101,01/2026C1/P/01/101-01/5/000033-5B,2026C1,01/101-01,MEDICINA,5,B,BIOQUÍMICA,2026-03-17 16:05:00,2026-08-05 18:48:00,13,100.0,3,4,100.0,91.06,85.53,2,1,16,Aprobado,0
dd6a526884c8,3102,01/2026C1/P/01/101-01/5/000132-5B,2026C1,01/101-01,MEDICINA,5,B,FISIOLOGÍA,2026-03-18 16:57:00,2026-07-31 17:53:00,13,100.0,2,4,100.0,96.57,95.74,3,6,16,Aprobado,0
dd6a526884c8,3103,01/2026C1/P/01/101-01/5/000165-5B,2026C1,01/101-01,MEDICINA,5,B,METODOLOGÍA DE LA INVESTIGACIÓN,2026-03-16 17:03:00,2026-07-30 15:29:00,13,100.0,3,4,100.0,94.38,95.22,1,7,17,Aprobado,0
c6d8d36881ea,3164,01/2026C1/P/01/101-01/3/000011-3B,2026C1,01/101-01,MEDICINA,3,B,ANATOMÍA HUMANA,2026-03-23 22:56:00,2026-08-06 00:18:00,13,92.31,5,4,100.0,71.54,67.55,8,0,22,Reprobado,1
c6d8d36881ea,3165,01/2026C1/P/01/101-01/3/000033-3B,2026C1,01/101-01,MEDICINA,3,B,BIOQUÍMICA,2026-03-19 23:57:00,2026-08-02 22:56:00,13,92.31,3,4,100.0,74.9,67.54,4,4,23,Reprobado,1
c6d8d36881ea,3166,01/2026C1/P/01/101-01/3/000132-3B,2026C1,01/101-01,MEDICINA,3,B,FISIOLOGÍA,2026-03-15 23:59:00,2026-08-04 22:53:00,13,100.0,2,4,100.0,90.36,91.63,0,2,23,Aprobado,0
c6d8d36881ea,3167,01/2026C1/P/01/101-01/3/000165-3B,2026C1,01/101-01,MEDICINA,3,B,METODOLOGÍA DE LA INVESTIGACIÓN,2026-03-18 23:11:00,2026-08-07 22:51:00,13,100.0,1,4,100.0,96.02,92.53,3,0,23,Aprobado,0
16639f51d3f4,3112,01/2026C1/P/02/145-01/4/000077-4B,2026C1,02/145-01,DERECHO,4,B,DERECHO CIVIL,2026-03-15 19:27:00,2026-08-05 21:10:00,13,92.31,1,4,75.0,59.54,76.66,0,1,19,Aprobado,0
16639f51d3f4,3113,01/2026C1/P/02/145-01/4/000099-4B,2026C1,02/145-01,DERECHO,4,B,DERECHO PENAL,2026-03-18 20:13:00,2026-08-01 18:25:00,13,100.0,0,4,100.0,94.64,91.5,3,5,20,Aprobado,0
16639f51d3f4,3114,01/2026C1/P/02/145-01/4/000088-4B,2026C1,02/145-01,DERECHO,4,B,DERECHO CONSTITUCIONAL,2026-04-13 21:44:00,2026-08-05 18:21:00,13,61.54,2,4,75.0,55.23,45.6,29,1,21,Reprobado,1
16639f51d3f4,3115,01/2026C1/P/02/145-01/4/000165-4B,2026C1,02/145-01,DERECHO,4,B,METODOLOGÍA DE LA INVESTIGACIÓN,2026-03-22 19:38:00,2026-07-30 20:56:00,13,100.0,1,4,100.0,84.42,85.76,7,7,19,Aprobado,0
955cd519a4cd,3036,01/2026C1/P/03/210-01/3/000066-3B,2026C1,03/210-01,INGENIERÍA DE SOFTWARE,3,B,CÁLCULO DIFERENCIAL,2026-04-06 00:46:00,2026-08-07 01:01:00,13,46.15,2,4,25.0,16.11,28.57,22,0,0,Reprobado,1
955cd519a4cd,3037,01/2026C1/P/03/210-01/3/000198-3B,2026C1,03/210-01,INGENIERÍA DE SOFTWARE,3,B,PROGRAMACIÓN I,2026-03-30 23:21:00,2026-08-01 22:24:00,13,61.54,2,4,75.0,48.62,37.02,15,5,23,Reprobado,1
955cd519a4cd,3038,01/2026C1/P/03/210-01/3/000022-3B,2026C1,03/210-01,INGENIERÍA DE SOFTWARE,3,B,BASE DE DATOS,2026-03-25 00:13:00,2026-08-04 01:29:00,13,38.46,2,4,0.0,0.0,17.67,10,2,0,Reprobado,1
955cd519a4cd,3039,01/2026C1/P/03/210-01/3/000165-3B,2026C1,03/210-01,INGENIERÍA DE SOFTWARE,3,B,METODOLOGÍA DE LA INVESTIGACIÓN,2026-04-27 23:38:00,2026-08-03 00:19:00,13,23.08,1,4,0.0,0.0,14.33,43,3,23,Reprobado,1
4dc1304a995f,3180,01/2026C1/P/02/145-01/3/000077-3B,2026C1,02/145-01,DERECHO,3,B,DERECHO CIVIL,2026-04-04 22:26:00,2026-07-29 20:22:00,13,15.38,0,4,0.0,0.0,12.07,20,8,22,Reprobado,1
4dc1304a995f,3181,01/2026C1/P/02/145-01/3/000099-3B,2026C1,02/145-01,DERECHO,3,B,DERECHO PENAL,2026-03-31 21:15:00,2026-07-31 21:58:00,13,92.31,1,4,100.0,86.08,76.53,16,6,21,Aprobado,0
4dc1304a995f,3182,01/2026C1/P/02/145-01/3/000088-3B,2026C1,02/145-01,DERECHO,3,B,DERECHO CONSTITUCIONAL,2026-04-10 20:09:00,2026-08-05 22:21:00,13,69.23,3,4,75.0,44.73,45.54,26,1,20,Reprobado,1
4dc1304a995f,3183,01/2026C1/P/02/145-01/3/000165-3B,2026C1,02/145-01,DERECHO,3,B,METODOLOGÍA DE LA INVESTIGACIÓN,2026-03-24 20:22:00,2026-08-01 00:52:00,13,76.92,2,4,100.0,65.76,56.41,9,5,20,Reprobado,1
a5c56c7ff389,3020,01/2026C1/P/03/210-01/3/000066-3A,2026C1,03/210-01,INGENIERÍA DE SOFTWARE,3,A,CÁLCULO DIFERENCIAL,2026-03-31 19:56:00,2026-08-01 16:10:00,13,100.0,2,4,100.0,77.22,80.49,16,5,19,Aprobado,0
a5c56c7ff389,3021,01/2026C1/P/03/210-01/3/000198-3A,2026C1,03/210-01,INGENIERÍA DE SOFTWARE,3,A,PROGRAMACIÓN I,2026-03-16 17:23:00,2026-08-02 17:44:00,13,100.0,4,4,100.0,80.7,79.12,1,4,17,Aprobado,0
a5c56c7ff389,3022,01/2026C1/P/03/210-01/3/000022-3A,2026C1,03/210-01,INGENIERÍA DE SOFTWARE,3,A,BASE DE DATOS,2026-03-22 18:04:00,2026-07-29 18:03:00,13,100.0,1,4,100.0,91.99,91.44,7,8,18,Aprobado,0
a5c56c7ff389,3023,01/2026C1/P/03/210-01/3/000165-3A,2026C1,03/210-01,INGENIERÍA DE SOFTWARE,3,A,METODOLOGÍA DE LA INVESTIGACIÓN,2026-03-27 17:31:00,2026-08-05 18:22:00,13,100.0,3,4,100.0,87.77,90.7,12,1,17,Aprobado,0
5874d2f78d52,3036,01/2026C1/P/03/210-01/3/000066-3B,2026C1,03/210-01,INGENIERÍA DE SOFTWARE,3,B,CÁLCULO DIFERENCIAL,2026-03-18 13:59:00,2026-07-30 15:07:00,13,100.0,2,4,100.0,80.31,83.31,3,7,13,Aprobado,0
5874d2f78d52,3037,01/2026C1/P/03/210-01/3/000198-3B,2026C1,03/210-01,INGENIERÍA DE SOFTWARE,3,B,PROGRAMACIÓN I,2026-03-15 15:31:00,2026-07-29 14:38:00,13,100.0,2,4,100.0,88.54,92.15,0,8,15,Aprobado,0
5874d2f78d52,3038,01/2026C1/P/03/210-01/3/000022-3B,2026C1,03/210-01,INGENIERÍA DE SOFTWARE,3,B,BASE DE DATOS,2026-03-16 16:04:00,2026-07-30 13:59:00,13,100.0,1,4,100.0,95.58,95.82,1,7,16,Aprobado,0
5874d2f78d52,3039,01/2026C1/P/03/210-01/3/000165-3B,2026C1,03/210-01,INGENIERÍA DE SOFTWARE,3,B,METODOLOGÍA DE LA INVESTIGACIÓN,2026-03-16 13:56:00,2026-08-02 15:00:00,13,100.0,1,4,100.0,99.47,93.78,1,4,13,Aprobado,0
dc7d2b5dd4ea,3076,01/2026C1/P/01/101-01/4/000011-4B,2026C1,01/101-01,MEDICINA,4,B,ANATOMÍA HUMANA,2026-03-18 16:09:00,2026-08-01 14:02:00,13,100.0,1,4,100.0,90.67,89.28,3,5,16,Aprobado,0
dc7d2b5dd4ea,3077,01/2026C1/P/01/101-01/4/000033-4B,2026C1,01/101-01,MEDICINA,4,B,BIOQUÍMICA,2026-03-17 15:13:00,2026-08-03 14:05:00,13,100.0,0,4,100.0,85.14,82.27,2,3,15,Aprobado,0
dc7d2b5dd4ea,3078,01/2026C1/P/01/101-01/4/000132-4B,2026C1,01/101-01,MEDICINA,4,B,FISIOLOGÍA,2026-03-15 15:10:00,2026-07-29 16:20:00,13,100.0,1,4,100.0,91.51,92.42,0,8,15,Aprobado,0
dc7d2b5dd4ea,3079,01/2026C1/P/01/101-01/4/000165-4B,2026C1,01/101-01,MEDICINA,4,B,METODOLOGÍA DE LA INVESTIGACIÓN,2026-03-18 15:23:00,2026-08-04 14:50:00,13,100.0,2,4,100.0,93.61,93.05,3,2,15,Aprobado,0
0a14bc474972,3060,01/2026C1/P/05/167-02/5/000209-5B,2026C1,05/167-02,PSICOLOGÍA,5,B,PSICOLOGÍA GENERAL,2026-03-19 21:43:00,2026-08-06 22:30:00,13,100.0,1,4,100.0,94.04,98.36,4,0,21,Aprobado,0
0a14bc474972,3061,01/2026C1/P/05/167-02/5/000110-5B,2026C1,05/167-02,PSICOLOGÍA,5,B,ESTADÍSTICA,2026-03-16 22:30:00,2026-07-31 21:55:00,13,100.0,2,4,100.0,91.6,96.09,1,6,22,Aprobado,0
0a14bc474972,3062,01/2026C1/P/05/167-02/5/000187-5B,2026C1,05/167-02,PSICOLOGÍA,5,B,NEUROCIENCIAS,2026-03-16 21:20:00,2026-07-30 22:27:00,13,100.0,0,4,100.0,98.9,98.92,1,7,21,Aprobado,0
0a14bc474972,3063,01/2026C1/P/05/167-02/5/000165-5B,2026C1,05/167-02,PSICOLOGÍA,5,B,METODOLOGÍA DE LA INVESTIGACIÓN,2026-03-18 20:06:00,2026-08-07 21:41:00,13,100.0,2,4,100.0,95.82,93.71,3,0,20,Aprobado,0
3af9b7b38822,3040,01/2026C1/P/04/132-02/1/000044-1A,2026C1,04/132-02,CONTABILIDAD Y AUDITORÍA,1,A,CONTABILIDAD GENERAL,2026-03-17 19:51:00,2026-08-06 18:02:00,13,92.31,2,4,100.0,84.92,77.59,2,0,19,Aprobado,0
3af9b7b38822,3041,01/2026C1/P/04/132-02/1/000154-1A,2026C1,04/132-02,CONTABILIDAD Y AUDITORÍA,1,A,MATEMÁTICA FINANCIERA,2026-03-19 18:57:00,2026-07-30 18:06:00,13,92.31,7,4,100.0,76.37,67.35,4,7,18,Reprobado,1
3af9b7b38822,3042,01/2026C1/P/04/132-02/1/000220-1A,2026C1,04/132-02,CONTABILIDAD Y AUDITORÍA,1,A,TRIBUTACIÓN,2026-03-17 18:22:00,2026-08-01 18:25:00,13,84.62,3,4,100.0,79.32,68.44,2,5,18,Reprobado,1
3af9b7b38822,3043,01/2026C1/P/04/132-02/1/000165-1A,2026C1,04/132-02,CONTABILIDAD Y AUDITORÍA,1,A,METODOLOGÍA DE LA INVESTIGACIÓN,2026-03-17 19:10:00,2026-07-30 18:45:00,13,100.0,1,4,100.0,75.94,82.72,2,7,19,Aprobado,0
5e2b00158155,3172,01/2026C1/P/01/188-01/5/000011-5A,2026C1,01/188-01,ENFERMERÍA,5,A,ANATOMÍA HUMANA,2026-03-23 17:25:00,2026-07-30 17:39:00,13,100.0,2,4,100.0,83.73,80.24,8,7,17,Aprobado,0
5e2b00158155,3173,01/2026C1/P/01/188-01/5/000055-5A,2026C1,01/188-01,ENFERMERÍA,5,A,CUIDADO BÁSICO,2026-04-03 18:34:00,2026-08-01 18:03:00,13,84.62,1,4,100.0,80.7,67.85,19,5,18,Reprobado,1
5e2b00158155,3174,01/2026C1/P/01/188-01/5/000121-5A,2026C1,01/188-01,ENFERMERÍA,5,A,FARMACOLOGÍA,2026-03-18 17:55:00,2026-08-05 18:40:00,13,100.0,2,4,100.0,76.57,76.71,3,1,17,Aprobado,0
5e2b00158155,3175,01/2026C1/P/01/188-01/5/000165-5A,2026C1,01/188-01,ENFERMERÍA,5,A,METODOLOGÍA DE LA INVESTIGACIÓN,2026-03-17 18:15:00,2026-07-30 18:05:00,13,84.62,2,4,75.0,56.56,69.13,2,7,18,Reprobado,1
bed96e7fe65b,3144,01/2026C1/P/04/120-03/1/000143-1B,2026C1,04/120-03,ECONOMÍA,1,B,MACROECONOMÍA,2026-03-28 18:49:00,2026-08-02 19:21:00,13,92.31,2,4,100.0,79.37,71.74,13,4,18,Aprobado,0
bed96e7fe65b,3145,01/2026C1/P/04/120-03/1/000176-1B,2026C1,04/120-03,ECONOMÍA,1,B,MICROECONOMÍA,2026-03-18 19:36:00,2026-08-06 19:19:00,13,92.31,1,4,100.0,95.46,83.03,3,0,19,Aprobado,0
bed96e7fe65b,3146,01/2026C1/P/04/120-03/1/000110-1B,2026C1,04/120-03,ECONOMÍA,1,B,ESTADÍSTICA,2026-03-17 20:02:00,2026-08-03 19:44:00,13,100.0,1,4,100.0,77.24,85.21,2,3,20,Aprobado,0
bed96e7fe65b,3147,01/2026C1/P/04/120-03/1/000165-1B,2026C1,04/120-03,ECONOMÍA,1,B,METODOLOGÍA DE LA INVESTIGACIÓN,2026-03-15 19:31:00,2026-07-31 19:48:00,13,92.31,3,4,100.0,82.27,80.96,0,6,19,Aprobado,0
209f9b7ee2cb,3184,01/2026C1/P/04/120-03/5/000143-5A,2026C1,04/120-03,ECONOMÍA,5,A,MACROECONOMÍA,2026-03-15 21:09:00,2026-08-03 20:59:00,13,100.0,3,4,100.0,77.25,76.21,0,3,21,Aprobado,0
209f9b7ee2cb,3185,01/2026C1/P/04/120-03/5/000176-5A,2026C1,04/120-03,ECONOMÍA,5,A,MICROECONOMÍA,2026-03-15 21:53:00,2026-07-31 20:29:00,13,100.0,3,4,100.0,84.04,88.88,0,6,21,Aprobado,0
209f9b7ee2cb,3186,01/2026C1/P/04/120-03/5/000110-5A,2026C1,04/120-03,ECONOMÍA,5,A,ESTADÍSTICA,2026-03-15 20:05:00,2026-07-31 20:10:00,13,100.0,4,4,100.0,84.58,80.1,0,6,20,Aprobado,0
209f9b7ee2cb,3187,01/2026C1/P/04/120-03/5/000165-5A,2026C1,04/120-03,ECONOMÍA,5,A,METODOLOGÍA DE LA INVESTIGACIÓN,2026-04-05 21:53:00,2026-08-07 21:58:00,13,76.92,3,4,100.0,70.79,56.6,21,0,21,Reprobado,1
14e389da333f,3080,01/2026C1/P/04/132-02/4/000044-4A,2026C1,04/132-02,CONTABILIDAD Y AUDITORÍA,4,A,CONTABILIDAD GENERAL,2026-03-20 17:12:00,2026-08-07 17:43:00,13,100.0,1,4,100.0,94.42,93.94,5,0,17,Aprobado,0
14e389da333f,3081,01/2026C1/P/04/132-02/4/000154-4A,2026C1,04/132-02,CONTABILIDAD Y AUDITORÍA,4,A,MATEMÁTICA FINANCIERA,2026-03-19 18:40:00,2026-08-03 15:30:00,13,100.0,1,4,100.0,92.26,94.47,4,3,18,Aprobado,0
14e389da333f,3082,01/2026C1/P/04/132-02/4/000220-4A,2026C1,04/132-02,CONTABILIDAD Y AUDITORÍA,4,A,TRIBUTACIÓN,2026-03-17 18:40:00,2026-08-04 18:50:00,13,100.0,0,4,100.0,93.02,92.23,2,2,18,Aprobado,0
14e389da333f,3083,01/2026C1/P/04/132-02/4/000165-4A,2026C1,04/132-02,CONTABILIDAD Y AUDITORÍA,4,A,METODOLOGÍA DE LA INVESTIGACIÓN,2026-03-15 16:51:00,2026-08-01 19:58:00,13,100.0,2,4,100.0,87.66,91.28,0,5,16,Aprobado,0
c387a2a0cb8b,3188,01/2026C1/P/02/145-01/5/000077-5A,2026C1,02/145-01,DERECHO,5,A,DERECHO CIVIL,2026-03-15 18:58:00,2026-08-05 21:10:00,13,100.0,2,4,100.0,88.9,91.63,0,1,18,Aprobado,0
c387a2a0cb8b,3189,01/2026C1/P/02/145-01/5/000099-5A,2026C1,02/145-01,DERECHO,5,A,DERECHO PENAL,2026-03-15 18:37:00,2026-07-29 19:35:00,13,100.0,2,4,100.0,92.69,93.96,0,8,18,Aprobado,0
c387a2a0cb8b,3190,01/2026C1/P/02/145-01/5/000088-5A,2026C1,02/145-01,DERECHO,5,A,DERECHO CONSTITUCIONAL,2026-03-18 20:34:00,2026-08-03 19:50:00,13,100.0,2,4,100.0,96.58,92.86,3,3,20,Aprobado,0
c387a2a0cb8b,3191,01/2026C1/P/02/145-01/5/000165-5A,2026C1,02/145-01,DERECHO,5,A,METODOLOGÍA DE LA INVESTIGACIÓN,2026-03-15 19:38:00,2026-08-04 19:08:00,13,100.0,2,4,100.0,89.43,91.0,0,2,19,Aprobado,0
1259200751e1,3108,01/2026C1/P/05/167-02/3/000209-3B,2026C1,05/167-02,PSICOLOGÍA,3,B,PSICOLOGÍA GENERAL,2026-04-21 00:15:00,2026-08-03 01:11:00,13,0.0,0,4,0.0,0.0,0.0,37,3,0,Reprobado,1
1259200751e1,3109,01/2026C1/P/05/167-02/3/000110-3B,2026C1,05/167-02,PSICOLOGÍA,3,B,ESTADÍSTICA,2026-03-17 00:16:00,2026-07-30 23:08:00,13,46.15,0,4,25.0,15.81,27.83,2,7,0,Reprobado,1
1259200751e1,3110,01/2026C1/P/05/167-02/3/000187-3B,2026C1,05/167-02,PSICOLOGÍA,3,B,NEUROCIENCIAS,2026-03-20 22:16:00,2026-07-29 23:47:00,13,53.85,1,4,75.0,47.85,37.36,5,8,22,Reprobado,1
1259200751e1,3111,01/2026C1/P/05/167-02/3/000165-3B,2026C1,05/167-02,PSICOLOGÍA,3,B,METODOLOGÍA DE LA INVESTIGACIÓN,2026-03-16 23:53:00,2026-07-31 23:33:00,13,69.23,0,4,75.0,47.3,50.12,1,6,23,Reprobado,1
687d8fe6eab3,3156,01/2026C1/P/04/120-03/4/000143-4B,2026C1,04/120-03,ECONOMÍA,4,B,MACROECONOMÍA,2026-03-17 23:59:00,2026-08-05 22:41:00,13,69.23,3,4,75.0,44.19,39.97,2,1,23,Reprobado,1
687d8fe6eab3,3157,01/2026C1/P/04/120-03/4/000176-4B,2026C1,04/120-03,ECONOMÍA,4,B,MICROECONOMÍA,2026-04-25 01:55:00,2026-08-06 23:01:00,13,38.46,0,4,50.0,39.78,30.85,41,0,1,Reprobado,1
687d8fe6eab3,3158,01/2026C1/P/04/120-03/4/000110-4B,2026C1,04/120-03,ECONOMÍA,4,B,ESTADÍSTICA,2026-05-14 23:55:00,2026-07-30 23:05:00,13,7.69,0,4,0.0,0.0,4.07,60,7,23,Reprobado,1
687d8fe6eab3,3159,01/2026C1/P/04/120-03/4/000165-4B,2026C1,04/120-03,ECONOMÍA,4,B,METODOLOGÍA DE LA INVESTIGACIÓN,2026-04-09 00:50:00,2026-08-02 22:20:00,13,7.69,0,4,0.0,0.0,2.89,25,4,0,Reprobado,1
34ad06a00fcc,3148,01/2026C1/P/03/210-01/5/000066-5A,2026C1,03/210-01,INGENIERÍA DE SOFTWARE,5,A,CÁLCULO DIFERENCIAL,2026-03-16 22:26:00,2026-08-07 21:58:00,13,100.0,1,4,100.0,68.06,77.71,1,0,22,Aprobado,0
34ad06a00fcc,3149,01/2026C1/P/03/210-01/5/000198-5A,2026C1,03/210-01,INGENIERÍA DE SOFTWARE,5,A,PROGRAMACIÓN I,2026-03-24 22:43:00,2026-08-03 23:16:00,13,100.0,3,4,100.0,70.37,78.2,9,3,22,Aprobado,0
34ad06a00fcc,3150,01/2026C1/P/03/210-01/5/000022-5A,2026C1,03/210-01,INGENIERÍA DE SOFTWARE,5,A,BASE DE DATOS,2026-03-16 21:13:00,2026-07-29 22:54:00,13,100.0,2,4,100.0,86.54,82.84,1,8,21,Aprobado,0
34ad06a00fcc,3151,01/2026C1/P/03/210-01/5/000165-5A,2026C1,03/210-01,INGENIERÍA DE SOFTWARE,5,A,METODOLOGÍA DE LA INVESTIGACIÓN,2026-03-15 21:28:00,2026-08-01 21:59:00,13,100.0,2,4,100.0,83.8,88.06,0,5,21,Aprobado,0
e0622d2c7dc0,3028,01/2026C1/P/04/132-02/2/000044-2B,2026C1,04/132-02,CONTABILIDAD Y AUDITORÍA,2,B,CONTABILIDAD GENERAL,2026-03-15 20:34:00,2026-08-02 20:10:00,13,100.0,1,4,100.0,98.19,97.57,0,4,20,Aprobado,0
e0622d2c7dc0,3029,01/2026C1/P/04/132-02/2/000154-2B,2026C1,04/132-02,CONTABILIDAD Y AUDITORÍA,2,B,MATEMÁTICA FINANCIERA,2026-03-17 20:17:00,2026-07-31 18:38:00,13,100.0,1,4,100.0,86.82,89.49,2,6,20,Aprobado,0
e0622d2c7dc0,3030,01/2026C1/P/04/132-02/2/000220-2B,2026C1,04/132-02,CONTABILIDAD Y AUDITORÍA,2,B,TRIBUTACIÓN,2026-03-15 19:53:00,2026-08-01 19:21:00,13,100.0,1,4,100.0,92.47,93.95,0,5,19,Aprobado,0
e0622d2c7dc0,3031,01/2026C1/P/04/132-02/2/000165-2B,2026C1,04/132-02,CONTABILIDAD Y AUDITORÍA,2,B,METODOLOGÍA DE LA INVESTIGACIÓN,2026-03-18 17:59:00,2026-07-30 18:57:00,13,100.0,0,4,100.0,99.63,97.03,3,7,17,Aprobado,0
952af002ffcb,3028,01/2026C1/P/04/132-02/2/000044-2B,2026C1,04/132-02,CONTABILIDAD Y AUDITORÍA,2,B,CONTABILIDAD GENERAL,2026-03-20 18:21:00,2026-08-03 18:04:00,13,100.0,2,4,100.0,90.71,86.71,5,3,18,Aprobado,0
952af002ffcb,3029,01/2026C1/P/04/132-02/2/000154-2B,2026C1,04/132-02,CONTABILIDAD Y AUDITORÍA,2,B,MATEMÁTICA FINANCIERA,2026-03-15 17:18:00,2026-08-03 18:01:00,13,100.0,2,4,100.0,89.12,88.66,0,3,17,Aprobado,0
952af002ffcb,3030,01/2026C1/P/04/132-02/2/000220-2B,2026C1,04/132-02,CONTABILIDAD Y AUDITORÍA,2,B,TRIBUTACIÓN,2026-03-16 16:45:00,2026-08-05 16:50:00,13,92.31,2,4,100.0,94.62,79.64,1,1,16,Aprobado,0
952af002ffcb,3031,01/2026C1/P/04/132-02/2/000165-2B,2026C1,04/132-02,CONTABILIDAD Y AUDITORÍA,2,B,METODOLOGÍA DE LA INVESTIGACIÓN,2026-03-26 15:25:00,2026-08-06 16:37:00,13,92.31,2,4,75.0,53.0,71.69,11,0,15,Aprobado,0
9b5e41d757a9,3192,01/2026C1/P/01/188-01/3/000011-3A,2026C1,01/188-01,ENFERMERÍA,3,A,ANATOMÍA HUMANA,2026-03-15 19:48:00,2026-08-02 18:46:00,13,100.0,1,4,100.0,92.44,92.37,0,4,19,Aprobado,0
9b5e41d757a9,3193,01/2026C1/P/01/188-01/3/000055-3A,2026C1,01/188-01,ENFERMERÍA,3,A,CUIDADO BÁSICO,2026-03-16 19:26:00,2026-08-06 17:42:00,13,100.0,0,4,100.0,91.82,88.9,1,0,19,Aprobado,0
9b5e41d757a9,3194,01/2026C1/P/01/188-01/3/000121-3A,2026C1,01/188-01,ENFERMERÍA,3,A,FARMACOLOGÍA,2026-03-19 18:53:00,2026-08-03 17:59:00,13,100.0,1,4,100.0,98.09,86.19,4,3,18,Aprobado,0
9b5e41d757a9,3195,01/2026C1/P/01/188-01/3/000165-3A,2026C1,01/188-01,ENFERMERÍA,3,A,METODOLOGÍA DE LA INVESTIGACIÓN,2026-03-16 19:04:00,2026-08-03 17:51:00,13,92.31,1,4,100.0,89.91,79.67,1,3,19,Aprobado,0
cc5faa247e42,3196,01/2026C1/P/01/101-01/4/000011-4A,2026C1,01/101-01,MEDICINA,4,A,ANATOMÍA HUMANA,2026-03-19 17:10:00,2026-07-31 16:27:00,13,100.0,3,4,100.0,88.63,86.56,4,6,17,Aprobado,0
cc5faa247e42,3197,01/2026C1/P/01/101-01/4/000033-4A,2026C1,01/101-01,MEDICINA,4,A,BIOQUÍMICA,2026-03-15 16:31:00,2026-07-30 16:58:00,13,100.0,1,4,100.0,84.83,82.64,0,7,16,Aprobado,0
cc5faa247e42,3198,01/2026C1/P/01/101-01/4/000132-4A,2026C1,01/101-01,MEDICINA,4,A,FISIOLOGÍA,2026-03-16 17:26:00,2026-07-29 15:50:00,13,100.0,0,4,100.0,89.24,94.9,1,8,17,Aprobado,0
cc5faa247e42,3199,01/2026C1/P/01/101-01/4/000165-4A,2026C1,01/101-01,MEDICINA,4,A,METODOLOGÍA DE LA INVESTIGACIÓN,2026-03-18 15:55:00,2026-07-31 17:34:00,13,100.0,0,4,100.0,93.85,94.04,3,6,15,Aprobado,0
891966c0f772,3200,01/2026C1/P/04/120-03/4/000143-4A,2026C1,04/120-03,ECONOMÍA,4,A,MACROECONOMÍA,2026-03-16 21:00:00,2026-08-04 22:52:00,13,100.0,2,4,100.0,85.61,88.42,1,2,21,Aprobado,0
891966c0f772,3201,01/2026C1/P/04/120-03/4/000176-4A,2026C1,04/120-03,ECONOMÍA,4,A,MICROECONOMÍA,2026-03-15 21:01:00,2026-07-31 23:03:00,13,100.0,1,4,100.0,93.27,87.89,0,6,21,Aprobado,0
891966c0f772,3202,01/2026C1/P/04/120-03/4/000110-4A,2026C1,04/120-03,ECONOMÍA,4,A,ESTADÍSTICA,2026-03-16 21:19:00,2026-08-01 21:36:00,13,100.0,1,4,100.0,91.91,88.7,1,5,21,Aprobado,0
891966c0f772,3203,01/2026C1/P/04/120-03/4/000165-4A,2026C1,04/120-03,ECONOMÍA,4,A,METODOLOGÍA DE LA INVESTIGACIÓN,2026-03-15 22:22:00,2026-07-29 23:15:00,13,84.62,1,4,75.0,53.46,65.76,0,8,22,Reprobado,1
f2a8b7368104,3148,01/2026C1/P/03/210-01/5/000066-5A,2026C1,03/210-01,INGENIERÍA DE SOFTWARE,5,A,CÁLCULO DIFERENCIAL,2026-03-23 19:36:00,2026-07-29 19:48:00,13,100.0,2,4,100.0,73.6,73.91,8,8,19,Aprobado,0
f2a8b7368104,3149,01/2026C1/P/03/210-01/5/000198-5A,2026C1,03/210-01,INGENIERÍA DE SOFTWARE,5,A,PROGRAMACIÓN I,2026-03-19 20:14:00,2026-08-04 20:08:00,13,100.0,3,4,100.0,81.97,73.23,4,2,20,Aprobado,0
f2a8b7368104,3150,01/2026C1/P/03/210-01/5/000022-5A,2026C1,03/210-01,INGENIERÍA DE SOFTWARE,5,A,BASE DE DATOS,2026-04-21 19:26:00,2026-07-30 20:32:00,13,46.15,3,4,50.0,31.06,30.25,37,7,19,Reprobado,1
f2a8b7368104,3151,01/2026C1/P/03/210-01/5/000165-5A,2026C1,03/210-01,INGENIERÍA DE SOFTWARE,5,A,METODOLOGÍA DE LA INVESTIGACIÓN,2026-03-25 19:32:00,2026-08-06 19:56:00,13,69.23,3,4,50.0,44.74,48.26,10,0,19,Reprobado,1
fe055caf11c3,3188,01/2026C1/P/02/145-01/5/000077-5A,2026C1,02/145-01,DERECHO,5,A,DERECHO CIVIL,2026-03-19 16:19:00,2026-05-07 18:09:00,13,15.38,1,4,50.0,26.22,7.63,4,91,16,Reprobado,1
fe055caf11c3,3189,01/2026C1/P/02/145-01/5/000099-5A,2026C1,02/145-01,DERECHO,5,A,DERECHO PENAL,2026-03-15 16:15:00,2026-05-26 18:12:00,13,38.46,2,4,100.0,79.5,30.01,0,72,16,Reprobado,1
fe055caf11c3,3190,01/2026C1/P/02/145-01/5/000088-5A,2026C1,02/145-01,DERECHO,5,A,DERECHO CONSTITUCIONAL,2026-03-15 18:15:00,2026-05-27 18:14:00,13,46.15,0,4,100.0,82.31,39.17,0,71,18,Reprobado,1
fe055caf11c3,3191,01/2026C1/P/02/145-01/5/000165-5A,2026C1,02/145-01,DERECHO,5,A,METODOLOGÍA DE LA INVESTIGACIÓN,2026-03-21 18:00:00,2026-05-19 18:55:00,13,38.46,2,4,75.0,56.2,30.41,6,79,18,Reprobado,1
e6dc05947168,3148,01/2026C1/P/03/210-01/5/000066-5A,2026C1,03/210-01,INGENIERÍA DE SOFTWARE,5,A,CÁLCULO DIFERENCIAL,2026-03-16 16:18:00,2026-08-01 15:14:00,13,100.0,1,4,100.0,89.78,73.62,1,5,16,Aprobado,0
e6dc05947168,3149,01/2026C1/P/03/210-01/5/000198-5A,2026C1,03/210-01,INGENIERÍA DE SOFTWARE,5,A,PROGRAMACIÓN I,2026-03-24 16:07:00,2026-08-06 15:08:00,13,100.0,2,4,100.0,86.66,93.33,9,0,16,Aprobado,0
e6dc05947168,3150,01/2026C1/P/03/210-01/5/000022-5A,2026C1,03/210-01,INGENIERÍA DE SOFTWARE,5,A,BASE DE DATOS,2026-03-20 16:13:00,2026-08-02 16:31:00,13,100.0,1,4,100.0,83.83,86.79,5,4,16,Aprobado,0
e6dc05947168,3151,01/2026C1/P/03/210-01/5/000165-5A,2026C1,03/210-01,INGENIERÍA DE SOFTWARE,5,A,METODOLOGÍA DE LA INVESTIGACIÓN,2026-03-16 15:22:00,2026-07-30 15:11:00,13,100.0,2,4,100.0,87.66,89.16,1,7,15,Aprobado,0
d481ba44dec5,3004,01/2026C1/P/04/132-02/3/000044-3A,2026C1,04/132-02,CONTABILIDAD Y AUDITORÍA,3,A,CONTABILIDAD GENERAL,2026-03-15 22:05:00,2026-08-06 21:25:00,13,100.0,1,4,100.0,82.93,91.4,0,0,22,Aprobado,0
d481ba44dec5,3005,01/2026C1/P/04/132-02/3/000154-3A,2026C1,04/132-02,CONTABILIDAD Y AUDITORÍA,3,A,MATEMÁTICA FINANCIERA,2026-03-17 21:50:00,2026-08-07 21:19:00,13,100.0,3,4,100.0,95.32,91.38,2,0,21,Aprobado,0
d481ba44dec5,3006,01/2026C1/P/04/132-02/3/000220-3A,2026C1,04/132-02,CONTABILIDAD Y AUDITORÍA,3,A,TRIBUTACIÓN,2026-03-17 21:01:00,2026-08-06 23:08:00,13,100.0,1,4,100.0,93.75,95.46,2,0,21,Aprobado,0
d481ba44dec5,3007,01/2026C1/P/04/132-02/3/000165-3A,2026C1,04/132-02,CONTABILIDAD Y AUDITORÍA,3,A,METODOLOGÍA DE LA INVESTIGACIÓN,2026-03-16 20:09:00,2026-07-29 20:57:00,13,100.0,0,4,100.0,100.0,98.51,1,8,20,Aprobado,0
0ed12647556d,3196,01/2026C1/P/01/101-01/4/000011-4A,2026C1,01/101-01,MEDICINA,4,A,ANATOMÍA HUMANA,2026-03-15 21:32:00,2026-08-01 21:04:00,13,100.0,1,4,100.0,78.99,77.05,0,5,21,Aprobado,0
0ed12647556d,3197,01/2026C1/P/01/101-01/4/000033-4A,2026C1,01/101-01,MEDICINA,4,A,BIOQUÍMICA,2026-04-13 21:30:00,2026-07-31 21:05:00,13,84.62,0,4,75.0,52.77,61.05,29,6,21,Reprobado,1
0ed12647556d,3198,01/2026C1/P/01/101-01/4/000132-4A,2026C1,01/101-01,MEDICINA,4,A,FISIOLOGÍA,2026-03-29 18:55:00,2026-08-07 22:13:00,13,92.31,1,4,100.0,77.09,74.88,14,0,18,Aprobado,0
0ed12647556d,3199,01/2026C1/P/01/101-01/4/000165-4A,2026C1,01/101-01,MEDICINA,4,A,METODOLOGÍA DE LA INVESTIGACIÓN,2026-03-18 20:44:00,2026-08-04 21:05:00,13,100.0,3,4,100.0,88.56,80.63,3,2,20,Aprobado,0
330f9c68f2b4,3076,01/2026C1/P/01/101-01/4/000011-4B,2026C1,01/101-01,MEDICINA,4,B,ANATOMÍA HUMANA,2026-03-15 19:56:00,2026-07-29 19:22:00,13,100.0,3,4,100.0,80.63,76.71,0,8,19,Aprobado,0
330f9c68f2b4,3077,01/2026C1/P/01/101-01/4/000033-4B,2026C1,01/101-01,MEDICINA,4,B,BIOQUÍMICA,2026-03-20 19:36:00,2026-08-07 18:38:00,13,92.31,1,4,100.0,84.56,72.26,5,0,19,Aprobado,0
330f9c68f2b4,3078,01/2026C1/P/01/101-01/4/000132-4B,2026C1,01/101-01,MEDICINA,4,B,FISIOLOGÍA,2026-03-16 21:19:00,2026-08-03 19:37:00,13,100.0,3,4,100.0,82.19,90.1,1,3,21,Aprobado,0
330f9c68f2b4,3079,01/2026C1/P/01/101-01/4/000165-4B,2026C1,01/101-01,MEDICINA,4,B,METODOLOGÍA DE LA INVESTIGACIÓN,2026-03-15 18:50:00,2026-08-01 19:18:00,13,100.0,1,4,100.0,76.08,87.12,0,5,18,Aprobado,0
9bee994309b9,3016,01/2026C1/P/01/188-01/2/000011-2A,2026C1,01/188-01,ENFERMERÍA,2,A,ANATOMÍA HUMANA,2026-03-18 23:34:00,2026-07-31 00:55:00,13,100.0,0,4,100.0,81.98,80.0,3,6,23,Aprobado,0
9bee994309b9,3017,01/2026C1/P/01/188-01/2/000055-2A,2026C1,01/188-01,ENFERMERÍA,2,A,CUIDADO BÁSICO,2026-03-22 22:19:00,2026-08-07 22:54:00,13,100.0,0,4,100.0,77.16,81.12,7,0,22,Aprobado,0
9bee994309b9,3018,01/2026C1/P/01/188-01/2/000121-2A,2026C1,01/188-01,ENFERMERÍA,2,A,FARMACOLOGÍA,2026-03-27 00:38:00,2026-08-08 00:27:00,13,92.31,3,4,100.0,81.28,74.92,12,0,0,Aprobado,0
9bee994309b9,3019,01/2026C1/P/01/188-01/2/000165-2A,2026C1,01/188-01,ENFERMERÍA,2,A,METODOLOGÍA DE LA INVESTIGACIÓN,2026-03-15 23:19:00,2026-07-31 22:13:00,13,100.0,1,4,100.0,91.72,88.55,0,6,23,Aprobado,0
7a9dd9391f81,3152,01/2026C1/P/03/210-01/2/000066-2B,2026C1,03/210-01,INGENIERÍA DE SOFTWARE,2,B,CÁLCULO DIFERENCIAL,2026-03-15 20:49:00,2026-08-07 23:08:00,13,100.0,5,4,100.0,82.95,70.35,0,0,20,Aprobado,0
7a9dd9391f81,3153,01/2026C1/P/03/210-01/2/000198-2B,2026C1,03/210-01,INGENIERÍA DE SOFTWARE,2,B,PROGRAMACIÓN I,2026-04-06 20:36:00,2026-08-01 21:15:00,13,100.0,0,4,100.0,87.41,89.96,22,5,20,Aprobado,0
7a9dd9391f81,3154,01/2026C1/P/03/210-01/2/000022-2B,2026C1,03/210-01,INGENIERÍA DE SOFTWARE,2,B,BASE DE DATOS,2026-03-20 21:33:00,2026-07-31 22:34:00,13,92.31,3,4,100.0,82.05,65.46,5,6,21,Reprobado,1
7a9dd9391f81,3155,01/2026C1/P/03/210-01/2/000165-2B,2026C1,03/210-01,INGENIERÍA DE SOFTWARE,2,B,METODOLOGÍA DE LA INVESTIGACIÓN,2026-03-23 21:08:00,2026-08-02 21:38:00,13,100.0,4,4,100.0,79.08,74.14,8,4,21,Aprobado,0
8ec03b27096a,3204,01/2026C1/P/02/145-01/1/000077-1B,2026C1,02/145-01,DERECHO,1,B,DERECHO CIVIL,2026-03-21 21:10:00,2026-07-30 21:31:00,13,100.0,1,4,100.0,96.52,92.74,6,7,21,Aprobado,0
8ec03b27096a,3205,01/2026C1/P/02/145-01/1/000099-1B,2026C1,02/145-01,DERECHO,1,B,DERECHO PENAL,2026-03-17 21:28:00,2026-08-05 21:15:00,13,100.0,0,4,100.0,97.28,94.3,2,1,21,Aprobado,0
8ec03b27096a,3206,01/2026C1/P/02/145-01/1/000088-1B,2026C1,02/145-01,DERECHO,1,B,DERECHO CONSTITUCIONAL,2026-03-21 21:49:00,2026-07-30 00:01:00,13,100.0,2,4,100.0,96.91,95.84,6,7,21,Aprobado,0
8ec03b27096a,3207,01/2026C1/P/02/145-01/1/000165-1B,2026C1,02/145-01,DERECHO,1,B,METODOLOGÍA DE LA INVESTIGACIÓN,2026-03-15 20:09:00,2026-08-06 23:32:00,13,100.0,1,4,100.0,97.5,95.99,0,0,20,Aprobado,0
3c6c5bc1f722,3208,01/2026C1/P/04/120-03/1/000143-1A,2026C1,04/120-03,ECONOMÍA,1,A,MACROECONOMÍA,2026-03-16 19:35:00,2026-08-04 19:48:00,13,100.0,1,4,100.0,90.74,91.77,1,2,19,Aprobado,0
3c6c5bc1f722,3209,01/2026C1/P/04/120-03/1/000176-1A,2026C1,04/120-03,ECONOMÍA,1,A,MICROECONOMÍA,2026-03-16 19:54:00,2026-08-05 18:02:00,13,100.0,3,4,100.0,87.67,88.07,1,1,19,Aprobado,0
3c6c5bc1f722,3210,01/2026C1/P/04/120-03/1/000110-1A,2026C1,04/120-03,ECONOMÍA,1,A,ESTADÍSTICA,2026-03-15 19:42:00,2026-07-30 19:43:00,13,100.0,1,4,100.0,86.21,78.91,0,7,19,Aprobado,0
3c6c5bc1f722,3211,01/2026C1/P/04/120-03/1/000165-1A,2026C1,04/120-03,ECONOMÍA,1,A,METODOLOGÍA DE LA INVESTIGACIÓN,2026-03-16 19:32:00,2026-08-05 19:38:00,13,100.0,1,4,100.0,86.18,91.63,1,1,19,Aprobado,0
369375409617,3016,01/2026C1/P/01/188-01/2/000011-2A,2026C1,01/188-01,ENFERMERÍA,2,A,ANATOMÍA HUMANA,2026-03-19 18:04:00,2026-07-29 18:26:00,13,100.0,1,4,100.0,89.65,87.31,4,8,18,Aprobado,0
369375409617,3017,01/2026C1/P/01/188-01/2/000055-2A,2026C1,01/188-01,ENFERMERÍA,2,A,CUIDADO BÁSICO,2026-03-18 16:48:00,2026-07-31 17:53:00,13,76.92,1,4,75.0,69.52,66.54,3,6,16,Reprobado,1
369375409617,3018,01/2026C1/P/01/188-01/2/000121-2A,2026C1,01/188-01,ENFERMERÍA,2,A,FARMACOLOGÍA,2026-03-15 16:21:00,2026-07-31 19:45:00,13,100.0,0,4,100.0,95.95,96.78,0,6,16,Aprobado,0
369375409617,3019,01/2026C1/P/01/188-01/2/000165-2A,2026C1,01/188-01,ENFERMERÍA,2,A,METODOLOGÍA DE LA INVESTIGACIÓN,2026-03-15 16:40:00,2026-08-04 17:08:00,13,100.0,2,4,100.0,95.65,93.86,0,2,16,Aprobado,0
27c4b7780af0,3212,01/2026C1/P/03/210-01/1/000066-1B,2026C1,03/210-01,INGENIERÍA DE SOFTWARE,1,B,CÁLCULO DIFERENCIAL,2026-03-20 19:49:00,2026-07-29 22:59:00,13,92.31,4,4,75.0,45.87,59.39,5,8,19,Reprobado,1
27c4b7780af0,3213,01/2026C1/P/03/210-01/1/000198-1B,2026C1,03/210-01,INGENIERÍA DE SOFTWARE,1,B,PROGRAMACIÓN I,2026-04-10 21:36:00,2026-08-07 20:59:00,13,76.92,1,4,75.0,50.04,54.14,26,0,21,Reprobado,1
27c4b7780af0,3214,01/2026C1/P/03/210-01/1/000022-1B,2026C1,03/210-01,INGENIERÍA DE SOFTWARE,1,B,BASE DE DATOS,2026-03-21 21:38:00,2026-08-04 21:56:00,13,92.31,5,4,100.0,80.7,69.87,6,2,21,Reprobado,1
27c4b7780af0,3215,01/2026C1/P/03/210-01/1/000165-1B,2026C1,03/210-01,INGENIERÍA DE SOFTWARE,1,B,METODOLOGÍA DE LA INVESTIGACIÓN,2026-03-19 20:17:00,2026-08-05 19:32:00,13,100.0,1,4,100.0,80.74,80.28,4,1,20,Aprobado,0
60f6a39bd744,3028,01/2026C1/P/04/132-02/2/000044-2B,2026C1,04/132-02,CONTABILIDAD Y AUDITORÍA,2,B,CONTABILIDAD GENERAL,2026-03-17 22:14:00,2026-07-30 23:14:00,13,100.0,1,4,100.0,88.38,88.93,2,7,22,Aprobado,0
60f6a39bd744,3029,01/2026C1/P/04/132-02/2/000154-2B,2026C1,04/132-02,CONTABILIDAD Y AUDITORÍA,2,B,MATEMÁTICA FINANCIERA,2026-03-23 21:53:00,2026-08-05 22:37:00,13,100.0,2,4,100.0,77.06,79.38,8,1,21,Aprobado,0
60f6a39bd744,3030,01/2026C1/P/04/132-02/2/000220-2B,2026C1,04/132-02,CONTABILIDAD Y AUDITORÍA,2,B,TRIBUTACIÓN,2026-03-16 00:20:00,2026-07-29 23:00:00,13,100.0,4,4,100.0,77.62,82.66,1,8,0,Aprobado,0
60f6a39bd744,3031,01/2026C1/P/04/132-02/2/000165-2B,2026C1,04/132-02,CONTABILIDAD Y AUDITORÍA,2,B,METODOLOGÍA DE LA INVESTIGACIÓN,2026-03-28 22:07:00,2026-08-03 23:39:00,13,84.62,1,4,75.0,58.03,69.33,13,3,22,Reprobado,1
8e9e97de3387,3216,01/2026C1/P/03/210-01/4/000066-4A,2026C1,03/210-01,INGENIERÍA DE SOFTWARE,4,A,CÁLCULO DIFERENCIAL,2026-04-12 19:58:00,2026-07-30 20:51:00,13,92.31,1,4,100.0,61.98,67.78,28,7,19,Reprobado,1
8e9e97de3387,3217,01/2026C1/P/03/210-01/4/000198-4A,2026C1,03/210-01,INGENIERÍA DE SOFTWARE,4,A,PROGRAMACIÓN I,2026-03-18 21:39:00,2026-08-02 21:35:00,13,100.0,1,4,100.0,88.16,91.71,3,4,21,Aprobado,0
8e9e97de3387,3218,01/2026C1/P/03/210-01/4/000022-4A,2026C1,03/210-01,INGENIERÍA DE SOFTWARE,4,A,BASE DE DATOS,2026-03-17 20:45:00,2026-08-01 20:05:00,13,100.0,3,4,100.0,82.5,85.06,2,5,20,Aprobado,0
8e9e97de3387,3219,01/2026C1/P/03/210-01/4/000165-4A,2026C1,03/210-01,INGENIERÍA DE SOFTWARE,4,A,METODOLOGÍA DE LA INVESTIGACIÓN,2026-03-18 22:27:00,2026-08-05 22:20:00,13,100.0,3,4,100.0,89.51,82.44,3,1,22,Aprobado,0
3817bc751501,3220,01/2026C1/P/04/120-03/5/000143-5B,2026C1,04/120-03,ECONOMÍA,5,B,MACROECONOMÍA,2026-03-15 19:10:00,2026-08-01 21:29:00,13,100.0,0,4,100.0,90.0,76.89,0,5,19,Aprobado,0
3817bc751501,3221,01/2026C1/P/04/120-03/5/000176-5B,2026C1,04/120-03,ECONOMÍA,5,B,MICROECONOMÍA,2026-03-16 20:09:00,2026-07-29 18:18:00,13,100.0,0,4,100.0,84.35,88.3,1,8,20,Aprobado,0
3817bc751501,3222,01/2026C1/P/04/120-03/5/000110-5B,2026C1,04/120-03,ECONOMÍA,5,B,ESTADÍSTICA,2026-03-21 18:33:00,2026-08-05 20:46:00,13,100.0,1,4,100.0,82.12,83.51,6,1,18,Aprobado,0
3817bc751501,3223,01/2026C1/P/04/120-03/5/000165-5B,2026C1,04/120-03,ECONOMÍA,5,B,METODOLOGÍA DE LA INVESTIGACIÓN,2026-03-17 19:06:00,2026-08-03 21:38:00,13,100.0,5,4,100.0,79.36,78.98,2,3,19,Aprobado,0
e1ed34834915,3104,01/2026C1/P/04/132-02/4/000044-4B,2026C1,04/132-02,CONTABILIDAD Y AUDITORÍA,4,B,CONTABILIDAD GENERAL,2026-04-03 22:43:00,2026-08-02 21:27:00,13,100.0,3,4,100.0,85.52,79.86,19,4,22,Aprobado,0
e1ed34834915,3105,01/2026C1/P/04/132-02/4/000154-4B,2026C1,04/132-02,CONTABILIDAD Y AUDITORÍA,4,B,MATEMÁTICA FINANCIERA,2026-03-29 22:37:00,2026-08-05 22:10:00,13,92.31,2,4,100.0,83.51,77.04,14,1,22,Aprobado,0
e1ed34834915,3106,01/2026C1/P/04/132-02/4/000220-4B,2026C1,04/132-02,CONTABILIDAD Y AUDITORÍA,4,B,TRIBUTACIÓN,2026-03-15 21:21:00,2026-07-30 23:12:00,13,100.0,4,4,100.0,94.43,87.13,0,7,21,Aprobado,0
e1ed34834915,3107,01/2026C1/P/04/132-02/4/000165-4B,2026C1,04/132-02,CONTABILIDAD Y AUDITORÍA,4,B,METODOLOGÍA DE LA INVESTIGACIÓN,2026-03-17 21:28:00,2026-07-31 22:58:00,13,100.0,4,4,100.0,88.1,83.03,2,6,21,Aprobado,0
8a1c972a3bf0,3056,01/2026C1/P/04/132-02/5/000044-5B,2026C1,04/132-02,CONTABILIDAD Y AUDITORÍA,5,B,CONTABILIDAD GENERAL,2026-03-15 21:37:00,2026-08-04 21:15:00,13,100.0,1,4,100.0,95.28,94.28,0,2,21,Aprobado,0
8a1c972a3bf0,3057,01/2026C1/P/04/132-02/5/000154-5B,2026C1,04/132-02,CONTABILIDAD Y AUDITORÍA,5,B,MATEMÁTICA FINANCIERA,2026-03-17 22:16:00,2026-08-04 22:54:00,13,100.0,2,4,100.0,90.42,90.94,2,2,22,Aprobado,0
8a1c972a3bf0,3058,01/2026C1/P/04/132-02/5/000220-5B,2026C1,04/132-02,CONTABILIDAD Y AUDITORÍA,5,B,TRIBUTACIÓN,2026-03-16 22:47:00,2026-08-07 23:17:00,13,100.0,1,4,100.0,93.7,92.9,1,0,22,Aprobado,0
8a1c972a3bf0,3059,01/2026C1/P/04/132-02/5/000165-5B,2026C1,04/132-02,CONTABILIDAD Y AUDITORÍA,5,B,METODOLOGÍA DE LA INVESTIGACIÓN,2026-03-19 20:47:00,2026-07-31 23:32:00,13,100.0,1,4,100.0,96.31,97.46,4,6,20,Aprobado,0
5a759ce35eff,3160,01/2026C1/P/05/167-02/5/000209-5A,2026C1,05/167-02,PSICOLOGÍA,5,A,PSICOLOGÍA GENERAL,2026-03-22 19:56:00,2026-07-29 20:27:00,13,100.0,0,4,100.0,82.74,85.58,7,8,19,Aprobado,0
5a759ce35eff,3161,01/2026C1/P/05/167-02/5/000110-5A,2026C1,05/167-02,PSICOLOGÍA,5,A,ESTADÍSTICA,2026-03-19 20:00:00,2026-08-04 19:02:00,13,100.0,0,4,100.0,84.22,88.94,4,2,20,Aprobado,0
5a759ce35eff,3162,01/2026C1/P/05/167-02/5/000187-5A,2026C1,05/167-02,PSICOLOGÍA,5,A,NEUROCIENCIAS,2026-03-15 18:48:00,2026-08-04 19:43:00,13,100.0,3,4,100.0,91.04,90.46,0,2,18,Aprobado,0
5a759ce35eff,3163,01/2026C1/P/05/167-02/5/000165-5A,2026C1,05/167-02,PSICOLOGÍA,5,A,METODOLOGÍA DE LA INVESTIGACIÓN,2026-03-15 19:08:00,2026-08-07 20:42:00,13,100.0,2,4,100.0,91.36,86.24,0,0,19,Aprobado,0
29593403d031,3224,01/2026C1/P/02/145-01/4/000077-4A,2026C1,02/145-01,DERECHO,4,A,DERECHO CIVIL,2026-04-03 19:36:00,2026-07-29 19:47:00,13,92.31,1,4,100.0,89.6,78.62,19,8,19,Aprobado,0
29593403d031,3225,01/2026C1/P/02/145-01/4/000099-4A,2026C1,02/145-01,DERECHO,4,A,DERECHO PENAL,2026-03-18 18:58:00,2026-08-03 19:06:00,13,100.0,3,4,100.0,70.09,77.27,3,3,18,Aprobado,0
29593403d031,3226,01/2026C1/P/02/145-01/4/000088-4A,2026C1,02/145-01,DERECHO,4,A,DERECHO CONSTITUCIONAL,2026-03-18 20:22:00,2026-08-01 21:49:00,13,100.0,0,4,100.0,89.42,87.08,3,5,20,Aprobado,0
29593403d031,3227,01/2026C1/P/02/145-01/4/000165-4A,2026C1,02/145-01,DERECHO,4,A,METODOLOGÍA DE LA INVESTIGACIÓN,2026-03-16 19:02:00,2026-08-06 21:38:00,13,100.0,3,4,100.0,85.34,84.1,1,0,19,Aprobado,0
a4ae2c64f536,3228,01/2026C1/P/05/167-02/4/000209-4B,2026C1,05/167-02,PSICOLOGÍA,4,B,PSICOLOGÍA GENERAL,2026-03-20 23:48:00,2026-08-01 00:08:00,13,84.62,3,4,75.0,53.61,65.22,5,5,23,Reprobado,1
a4ae2c64f536,3229,01/2026C1/P/05/167-02/4/000110-4B,2026C1,05/167-02,PSICOLOGÍA,4,B,ESTADÍSTICA,2026-03-18 22:48:00,2026-07-30 23:46:00,13,84.62,0,4,100.0,73.88,60.41,3,7,22,Reprobado,1
a4ae2c64f536,3230,01/2026C1/P/05/167-02/4/000187-4B,2026C1,05/167-02,PSICOLOGÍA,4,B,NEUROCIENCIAS,2026-04-08 22:53:00,2026-08-04 23:14:00,13,76.92,3,4,75.0,45.0,50.97,24,2,22,Reprobado,1
a4ae2c64f536,3231,01/2026C1/P/05/167-02/4/000165-4B,2026C1,05/167-02,PSICOLOGÍA,4,B,METODOLOGÍA DE LA INVESTIGACIÓN,2026-03-26 00:46:00,2026-08-04 23:26:00,13,92.31,2,4,75.0,54.8,73.44,11,2,0,Aprobado,0
7ebbb971bc33,3032,01/2026C1/P/01/101-01/3/000011-3A,2026C1,01/101-01,MEDICINA,3,A,ANATOMÍA HUMANA,2026-03-16 00:50:00,2026-04-24 00:16:00,13,15.38,0,4,50.0,38.11,12.17,1,104,0,Reprobado,1
7ebbb971bc33,3033,01/2026C1/P/01/101-01/3/000033-3A,2026C1,01/101-01,MEDICINA,3,A,BIOQUÍMICA,2026-04-01 00:32:00,2026-06-13 01:26:00,13,53.85,2,4,75.0,61.78,41.78,17,54,0,Reprobado,1
7ebbb971bc33,3034,01/2026C1/P/01/101-01/3/000132-3A,2026C1,01/101-01,MEDICINA,3,A,FISIOLOGÍA,2026-03-21 23:11:00,2026-05-14 00:00:00,13,30.77,0,4,100.0,78.32,25.11,6,85,23,Reprobado,1
7ebbb971bc33,3035,01/2026C1/P/01/101-01/3/000165-3A,2026C1,01/101-01,MEDICINA,3,A,METODOLOGÍA DE LA INVESTIGACIÓN,2026-03-26 22:23:00,2026-04-26 23:30:00,13,15.38,0,4,25.0,14.78,11.14,11,102,22,Reprobado,1
2b55006a0e53,3232,01/2026C1/P/01/101-01/2/000011-2A,2026C1,01/101-01,MEDICINA,2,A,ANATOMÍA HUMANA,2026-03-25 19:47:00,2026-07-29 20:51:00,13,84.62,2,4,75.0,45.66,58.35,10,8,19,Reprobado,1
2b55006a0e53,3233,01/2026C1/P/01/101-01/2/000033-2A,2026C1,01/101-01,MEDICINA,2,A,BIOQUÍMICA,2026-03-16 21:17:00,2026-08-07 19:26:00,13,84.62,4,4,75.0,47.04,54.03,1,0,21,Reprobado,1
2b55006a0e53,3234,01/2026C1/P/01/101-01/2/000132-2A,2026C1,01/101-01,MEDICINA,2,A,FISIOLOGÍA,2026-03-26 21:25:00,2026-07-31 20:50:00,13,76.92,2,4,100.0,65.76,51.85,11,6,21,Reprobado,1
2b55006a0e53,3235,01/2026C1/P/01/101-01/2/000165-2A,2026C1,01/101-01,MEDICINA,2,A,METODOLOGÍA DE LA INVESTIGACIÓN,2026-03-20 19:55:00,2026-08-07 20:59:00,13,100.0,4,4,100.0,70.88,68.19,5,0,19,Reprobado,1
872db9719e41,3008,01/2026C1/P/01/101-01/2/000011-2B,2026C1,01/101-01,MEDICINA,2,B,ANATOMÍA HUMANA,2026-03-28 20:17:00,2026-08-01 18:52:00,13,100.0,3,4,100.0,61.83,69.4,13,5,20,Reprobado,1
872db9719e41,3009,01/2026C1/P/01/101-01/2/000033-2B,2026C1,01/101-01,MEDICINA,2,B,BIOQUÍMICA,2026-03-17 18:10:00,2026-08-03 18:30:00,13,92.31,2,4,100.0,79.82,68.23,2,3,18,Reprobado,1
872db9719e41,3010,01/2026C1/P/01/101-01/2/000132-2B,2026C1,01/101-01,MEDICINA,2,B,FISIOLOGÍA,2026-04-23 19:47:00,2026-08-02 18:36:00,13,53.85,1,4,100.0,72.19,37.67,39,4,19,Reprobado,1
872db9719e41,3011,01/2026C1/P/01/101-01/2/000165-2B,2026C1,01/101-01,MEDICINA,2,B,METODOLOGÍA DE LA INVESTIGACIÓN,2026-03-21 18:28:00,2026-07-30 16:33:00,13,69.23,3,4,100.0,70.98,50.23,6,7,18,Reprobado,1
c0133a14d9d5,3036,01/2026C1/P/03/210-01/3/000066-3B,2026C1,03/210-01,INGENIERÍA DE SOFTWARE,3,B,CÁLCULO DIFERENCIAL,2026-03-16 18:03:00,2026-08-03 17:06:00,13,100.0,4,4,100.0,69.75,69.0,1,3,18,Reprobado,1
c0133a14d9d5,3037,01/2026C1/P/03/210-01/3/000198-3B,2026C1,03/210-01,INGENIERÍA DE SOFTWARE,3,B,PROGRAMACIÓN I,2026-03-18 17:12:00,2026-08-03 17:25:00,13,100.0,1,4,100.0,81.32,83.2,3,3,17,Aprobado,0
c0133a14d9d5,3038,01/2026C1/P/03/210-01/3/000022-3B,2026C1,03/210-01,INGENIERÍA DE SOFTWARE,3,B,BASE DE DATOS,2026-03-22 18:43:00,2026-08-07 20:47:00,13,100.0,2,4,100.0,83.18,81.55,7,0,18,Aprobado,0
c0133a14d9d5,3039,01/2026C1/P/03/210-01/3/000165-3B,2026C1,03/210-01,INGENIERÍA DE SOFTWARE,3,B,METODOLOGÍA DE LA INVESTIGACIÓN,2026-03-20 17:12:00,2026-08-01 18:54:00,13,100.0,4,4,100.0,80.08,79.9,5,5,17,Aprobado,0
ec8270d135e6,3064,01/2026C1/P/03/210-01/2/000066-2A,2026C1,03/210-01,INGENIERÍA DE SOFTWARE,2,A,CÁLCULO DIFERENCIAL,2026-03-23 22:03:00,2026-07-30 21:18:00,13,92.31,1,4,75.0,57.24,67.05,8,7,22,Reprobado,1
ec8270d135e6,3065,01/2026C1/P/03/210-01/2/000198-2A,2026C1,03/210-01,INGENIERÍA DE SOFTWARE,2,A,PROGRAMACIÓN I,2026-03-16 19:54:00,2026-08-04 22:31:00,13,100.0,3,4,100.0,80.39,78.62,1,2,19,Aprobado,0
ec8270d135e6,3066,01/2026C1/P/03/210-01/2/000022-2A,2026C1,03/210-01,INGENIERÍA DE SOFTWARE,2,A,BASE DE DATOS,2026-03-16 20:24:00,2026-08-02 22:17:00,13,100.0,0,4,100.0,93.98,87.71,1,4,20,Aprobado,0
ec8270d135e6,3067,01/2026C1/P/03/210-01/2/000165-2A,2026C1,03/210-01,INGENIERÍA DE SOFTWARE,2,A,METODOLOGÍA DE LA INVESTIGACIÓN,2026-03-15 21:00:00,2026-07-29 20:32:00,13,100.0,1,4,100.0,83.47,87.25,0,8,21,Aprobado,0
f051a5e831b3,3112,01/2026C1/P/02/145-01/4/000077-4B,2026C1,02/145-01,DERECHO,4,B,DERECHO CIVIL,2026-03-18 01:26:00,2026-08-02 23:07:00,13,92.31,2,4,100.0,90.02,77.99,3,4,1,Aprobado,0
f051a5e831b3,3113,01/2026C1/P/02/145-01/4/000099-4B,2026C1,02/145-01,DERECHO,4,B,DERECHO PENAL,2026-03-15 23:38:00,2026-08-04 01:10:00,13,100.0,1,4,100.0,89.35,88.86,0,2,23,Aprobado,0
f051a5e831b3,3114,01/2026C1/P/02/145-01/4/000088-4B,2026C1,02/145-01,DERECHO,4,B,DERECHO CONSTITUCIONAL,2026-03-15 23:17:00,2026-08-07 23:56:00,13,100.0,0,4,100.0,97.73,95.39,0,0,23,Aprobado,0
f051a5e831b3,3115,01/2026C1/P/02/145-01/4/000165-4B,2026C1,02/145-01,DERECHO,4,B,METODOLOGÍA DE LA INVESTIGACIÓN,2026-03-31 01:50:00,2026-08-05 00:11:00,13,100.0,1,4,100.0,86.68,85.09,16,1,1,Aprobado,0
21cd485011f6,3124,01/2026C1/P/01/101-01/1/000011-1A,2026C1,01/101-01,MEDICINA,1,A,ANATOMÍA HUMANA,2026-03-15 18:20:00,2026-08-04 18:20:00,13,100.0,0,4,100.0,91.65,94.66,0,2,18,Aprobado,0
21cd485011f6,3125,01/2026C1/P/01/101-01/1/000033-1A,2026C1,01/101-01,MEDICINA,1,A,BIOQUÍMICA,2026-03-23 18:39:00,2026-08-01 18:01:00,13,100.0,0,4,100.0,91.75,94.74,8,5,18,Aprobado,0
21cd485011f6,3126,01/2026C1/P/01/101-01/1/000132-1A,2026C1,01/101-01,MEDICINA,1,A,FISIOLOGÍA,2026-03-18 19:45:00,2026-08-05 18:04:00,13,100.0,2,4,100.0,97.71,95.86,3,1,19,Aprobado,0
21cd485011f6,3127,01/2026C1/P/01/101-01/1/000165-1A,2026C1,01/101-01,MEDICINA,1,A,METODOLOGÍA DE LA INVESTIGACIÓN,2026-03-21 17:27:00,2026-08-07 17:49:00,13,100.0,0,4,100.0,91.16,94.86,6,0,17,Aprobado,0
0ac4413098d4,3100,01/2026C1/P/01/101-01/5/000011-5B,2026C1,01/101-01,MEDICINA,5,B,ANATOMÍA HUMANA,2026-03-15 15:54:00,2026-08-01 15:07:00,13,100.0,1,4,100.0,91.78,88.84,0,5,15,Aprobado,0
0ac4413098d4,3101,01/2026C1/P/01/101-01/5/000033-5B,2026C1,01/101-01,MEDICINA,5,B,BIOQUÍMICA,2026-03-21 17:22:00,2026-08-05 16:16:00,13,100.0,3,4,100.0,67.4,74.47,6,1,17,Aprobado,0
0ac4413098d4,3102,01/2026C1/P/01/101-01/5/000132-5B,2026C1,01/101-01,MEDICINA,5,B,FISIOLOGÍA,2026-03-15 15:35:00,2026-08-05 15:09:00,13,100.0,0,4,100.0,84.22,88.05,0,1,15,Aprobado,0
0ac4413098d4,3103,01/2026C1/P/01/101-01/5/000165-5B,2026C1,01/101-01,MEDICINA,5,B,METODOLOGÍA DE LA INVESTIGACIÓN,2026-03-18 16:34:00,2026-08-01 15:39:00,13,100.0,2,4,100.0,93.21,90.03,3,5,16,Aprobado,0
44a2a2096423,3168,01/2026C1/P/04/120-03/3/000143-3A,2026C1,04/120-03,ECONOMÍA,3,A,MACROECONOMÍA,2026-03-17 20:40:00,2026-05-30 21:08:00,13,38.46,2,4,100.0,78.62,31.92,2,68,20,Reprobado,1
44a2a2096423,3169,01/2026C1/P/04/120-03/3/000176-3A,2026C1,04/120-03,ECONOMÍA,3,A,MICROECONOMÍA,2026-03-18 18:39:00,2026-05-27 20:08:00,13,38.46,2,4,100.0,73.59,29.69,3,71,18,Reprobado,1
44a2a2096423,3170,01/2026C1/P/04/120-03/3/000110-3A,2026C1,04/120-03,ECONOMÍA,3,A,ESTADÍSTICA,2026-03-18 19:19:00,2026-05-29 21:57:00,13,38.46,0,4,100.0,78.12,32.37,3,69,19,Reprobado,1
44a2a2096423,3171,01/2026C1/P/04/120-03/3/000165-3A,2026C1,04/120-03,ECONOMÍA,3,A,METODOLOGÍA DE LA INVESTIGACIÓN,2026-03-19 20:39:00,2026-05-14 20:21:00,13,23.08,0,4,75.0,64.47,19.92,4,84,20,Reprobado,1
1a0e2668e08a,3196,01/2026C1/P/01/101-01/4/000011-4A,2026C1,01/101-01,MEDICINA,4,A,ANATOMÍA HUMANA,2026-03-15 18:00:00,2026-08-03 15:10:00,13,100.0,1,4,100.0,89.96,91.27,0,3,18,Aprobado,0
1a0e2668e08a,3197,01/2026C1/P/01/101-01/4/000033-4A,2026C1,01/101-01,MEDICINA,4,A,BIOQUÍMICA,2026-03-18 18:05:00,2026-08-07 15:57:00,13,100.0,2,4,100.0,92.92,90.62,3,0,18,Aprobado,0
1a0e2668e08a,3198,01/2026C1/P/01/101-01/4/000132-4A,2026C1,01/101-01,MEDICINA,4,A,FISIOLOGÍA,2026-03-22 17:20:00,2026-07-29 17:16:00,13,100.0,2,4,100.0,100.0,94.01,7,8,17,Aprobado,0
1a0e2668e08a,3199,01/2026C1/P/01/101-01/4/000165-4A,2026C1,01/101-01,MEDICINA,4,A,METODOLOGÍA DE LA INVESTIGACIÓN,2026-03-16 18:26:00,2026-08-02 16:30:00,13,100.0,1,4,100.0,84.87,93.85,1,4,18,Aprobado,0
dc2127750399,3224,01/2026C1/P/02/145-01/4/000077-4A,2026C1,02/145-01,DERECHO,4,A,DERECHO CIVIL,2026-03-17 20:36:00,2026-08-04 20:19:00,13,100.0,1,4,100.0,79.1,83.32,2,2,20,Aprobado,0
dc2127750399,3225,01/2026C1/P/02/145-01/4/000099-4A,2026C1,02/145-01,DERECHO,4,A,DERECHO PENAL,2026-03-28 20:42:00,2026-08-07 17:56:00,13,69.23,1,4,75.0,52.0,50.15,13,0,20,Reprobado,1
dc2127750399,3226,01/2026C1/P/02/145-01/4/000088-4A,2026C1,02/145-01,DERECHO,4,A,DERECHO CONSTITUCIONAL,2026-03-16 20:07:00,2026-08-03 21:22:00,13,100.0,2,4,100.0,73.34,80.49,1,3,20,Aprobado,0
dc2127750399,3227,01/2026C1/P/02/145-01/4/000165-4A,2026C1,02/145-01,DERECHO,4,A,METODOLOGÍA DE LA INVESTIGACIÓN,2026-03-16 18:52:00,2026-07-31 18:04:00,13,92.31,4,4,100.0,80.05,77.68,1,6,18,Aprobado,0
1d6bab769fbe,3060,01/2026C1/P/05/167-02/5/000209-5B,2026C1,05/167-02,PSICOLOGÍA,5,B,PSICOLOGÍA GENERAL,2026-03-16 20:07:00,2026-08-06 21:24:00,13,92.31,3,4,100.0,87.49,76.8,1,0,20,Aprobado,0
1d6bab769fbe,3061,01/2026C1/P/05/167-02/5/000110-5B,2026C1,05/167-02,PSICOLOGÍA,5,B,ESTADÍSTICA,2026-04-19 22:02:00,2026-07-29 22:10:00,13,69.23,2,4,50.0,38.44,51.19,35,8,22,Reprobado,1
1d6bab769fbe,3062,01/2026C1/P/05/167-02/5/000187-5B,2026C1,05/167-02,PSICOLOGÍA,5,B,NEUROCIENCIAS,2026-04-02 20:38:00,2026-08-07 20:11:00,13,69.23,3,4,75.0,61.83,56.1,18,0,20,Reprobado,1
1d6bab769fbe,3063,01/2026C1/P/05/167-02/5/000165-5B,2026C1,05/167-02,PSICOLOGÍA,5,B,METODOLOGÍA DE LA INVESTIGACIÓN,2026-03-27 22:19:00,2026-07-29 21:49:00,13,69.23,1,4,50.0,39.32,50.27,12,8,22,Reprobado,1
7b70c13bc0d9,3100,01/2026C1/P/01/101-01/5/000011-5B,2026C1,01/101-01,MEDICINA,5,B,ANATOMÍA HUMANA,2026-03-16 19:02:00,2026-08-03 20:25:00,13,100.0,1,4,100.0,78.12,76.65,1,3,19,Aprobado,0
7b70c13bc0d9,3101,01/2026C1/P/01/101-01/5/000033-5B,2026C1,01/101-01,MEDICINA,5,B,BIOQUÍMICA,2026-04-04 18:19:00,2026-07-31 18:59:00,13,84.62,1,4,75.0,56.67,59.23,20,6,18,Reprobado,1
7b70c13bc0d9,3102,01/2026C1/P/01/101-01/5/000132-5B,2026C1,01/101-01,MEDICINA,5,B,FISIOLOGÍA,2026-03-21 17:40:00,2026-08-04 20:06:00,13,100.0,2,4,100.0,73.06,77.4,6,2,17,Aprobado,0
7b70c13bc0d9,3103,01/2026C1/P/01/101-01/5/000165-5B,2026C1,01/101-01,MEDICINA,5,B,METODOLOGÍA DE LA INVESTIGACIÓN,2026-03-18 17:57:00,2026-08-02 18:35:00,13,100.0,2,4,100.0,76.82,86.33,3,4,17,Aprobado,0
44aeef183deb,3236,01/2026C1/P/02/145-01/5/000077-5B,2026C1,02/145-01,DERECHO,5,B,DERECHO CIVIL,2026-03-21 17:40:00,2026-08-04 16:48:00,13,100.0,1,4,100.0,96.22,98.01,6,2,17,Aprobado,0
44aeef183deb,3237,01/2026C1/P/02/145-01/5/000099-5B,2026C1,02/145-01,DERECHO,5,B,DERECHO PENAL,2026-03-16 17:09:00,2026-08-07 19:04:00,13,100.0,0,4,100.0,98.49,99.02,1,0,17,Aprobado,0
44aeef183deb,3238,01/2026C1/P/02/145-01/5/000088-5B,2026C1,02/145-01,DERECHO,5,B,DERECHO CONSTITUCIONAL,2026-03-16 19:32:00,2026-08-03 18:09:00,13,100.0,3,4,100.0,97.5,94.81,1,3,19,Aprobado,0
44aeef183deb,3239,01/2026C1/P/02/145-01/5/000165-5B,2026C1,02/145-01,DERECHO,5,B,METODOLOGÍA DE LA INVESTIGACIÓN,2026-03-16 16:57:00,2026-07-30 19:40:00,13,100.0,0,4,100.0,99.64,97.54,1,7,16,Aprobado,0
00accf05854b,3196,01/2026C1/P/01/101-01/4/000011-4A,2026C1,01/101-01,MEDICINA,4,A,ANATOMÍA HUMANA,2026-03-21 19:05:00,2026-08-05 20:05:00,13,92.31,2,4,75.0,52.17,72.15,6,1,19,Aprobado,0
00accf05854b,3197,01/2026C1/P/01/101-01/4/000033-4A,2026C1,01/101-01,MEDICINA,4,A,BIOQUÍMICA,2026-03-15 18:22:00,2026-07-29 20:05:00,13,92.31,1,4,75.0,47.41,60.52,0,8,18,Reprobado,1
00accf05854b,3198,01/2026C1/P/01/101-01/4/000132-4A,2026C1,01/101-01,MEDICINA,4,A,FISIOLOGÍA,2026-03-31 20:15:00,2026-07-31 18:56:00,13,38.46,1,4,25.0,9.9,24.26,16,6,20,Reprobado,1
00accf05854b,3199,01/2026C1/P/01/101-01/4/000165-4A,2026C1,01/101-01,MEDICINA,4,A,METODOLOGÍA DE LA INVESTIGACIÓN,2026-03-17 17:59:00,2026-08-06 20:03:00,13,100.0,3,4,100.0,76.97,75.81,2,0,17,Aprobado,0
6ea6e91effd6,3084,01/2026C1/P/04/120-03/2/000143-2A,2026C1,04/120-03,ECONOMÍA,2,A,MACROECONOMÍA,2026-04-02 19:14:00,2026-08-01 17:34:00,13,100.0,0,4,100.0,90.2,91.67,18,5,19,Aprobado,0
6ea6e91effd6,3085,01/2026C1/P/04/120-03/2/000176-2A,2026C1,04/120-03,ECONOMÍA,2,A,MICROECONOMÍA,2026-03-15 18:21:00,2026-08-05 18:46:00,13,100.0,1,4,100.0,87.6,92.51,0,1,18,Aprobado,0
6ea6e91effd6,3086,01/2026C1/P/04/120-03/2/000110-2A,2026C1,04/120-03,ECONOMÍA,2,A,ESTADÍSTICA,2026-03-16 18:19:00,2026-08-04 18:45:00,13,100.0,0,4,100.0,89.41,88.55,1,2,18,Aprobado,0
6ea6e91effd6,3087,01/2026C1/P/04/120-03/2/000165-2A,2026C1,04/120-03,ECONOMÍA,2,A,METODOLOGÍA DE LA INVESTIGACIÓN,2026-03-16 18:55:00,2026-07-30 18:35:00,13,100.0,1,4,100.0,98.02,91.81,1,7,18,Aprobado,0
b9360fb9b4c0,3228,01/2026C1/P/05/167-02/4/000209-4B,2026C1,05/167-02,PSICOLOGÍA,4,B,PSICOLOGÍA GENERAL,2026-03-17 15:29:00,2026-08-07 16:27:00,13,92.31,3,4,100.0,88.22,74.89,2,0,15,Aprobado,0
b9360fb9b4c0,3229,01/2026C1/P/05/167-02/4/000110-4B,2026C1,05/167-02,PSICOLOGÍA,4,B,ESTADÍSTICA,2026-03-18 16:47:00,2026-08-02 15:31:00,13,100.0,0,4,100.0,87.75,83.98,3,4,16,Aprobado,0
b9360fb9b4c0,3230,01/2026C1/P/05/167-02/4/000187-4B,2026C1,05/167-02,PSICOLOGÍA,4,B,NEUROCIENCIAS,2026-03-20 17:24:00,2026-08-04 17:16:00,13,100.0,0,4,100.0,87.72,84.14,5,2,17,Aprobado,0
b9360fb9b4c0,3231,01/2026C1/P/05/167-02/4/000165-4B,2026C1,05/167-02,PSICOLOGÍA,4,B,METODOLOGÍA DE LA INVESTIGACIÓN,2026-03-16 16:19:00,2026-08-03 16:42:00,13,92.31,2,4,100.0,76.48,73.42,1,3,16,Aprobado,0
bc5f260eeb43,3212,01/2026C1/P/03/210-01/1/000066-1B,2026C1,03/210-01,INGENIERÍA DE SOFTWARE,1,B,CÁLCULO DIFERENCIAL,2026-03-18 21:49:00,2026-08-07 20:58:00,13,100.0,3,4,100.0,69.06,75.78,3,0,21,Aprobado,0
bc5f260eeb43,3213,01/2026C1/P/03/210-01/1/000198-1B,2026C1,03/210-01,INGENIERÍA DE SOFTWARE,1,B,PROGRAMACIÓN I,2026-03-18 20:11:00,2026-08-07 22:26:00,13,100.0,2,4,100.0,62.06,71.24,3,0,20,Aprobado,0
bc5f260eeb43,3214,01/2026C1/P/03/210-01/1/000022-1B,2026C1,03/210-01,INGENIERÍA DE SOFTWARE,1,B,BASE DE DATOS,2026-03-20 21:52:00,2026-07-29 22:12:00,13,100.0,2,4,100.0,95.14,89.62,5,8,21,Aprobado,0
bc5f260eeb43,3215,01/2026C1/P/03/210-01/1/000165-1B,2026C1,03/210-01,INGENIERÍA DE SOFTWARE,1,B,METODOLOGÍA DE LA INVESTIGACIÓN,2026-03-17 22:28:00,2026-08-02 21:54:00,13,100.0,1,4,100.0,85.85,82.45,2,4,22,Aprobado,0
5a6cbde0c718,3104,01/2026C1/P/04/132-02/4/000044-4B,2026C1,04/132-02,CONTABILIDAD Y AUDITORÍA,4,B,CONTABILIDAD GENERAL,2026-04-04 18:18:00,2026-08-06 18:49:00,13,92.31,1,4,100.0,79.68,78.52,20,0,18,Aprobado,0
5a6cbde0c718,3105,01/2026C1/P/04/132-02/4/000154-4B,2026C1,04/132-02,CONTABILIDAD Y AUDITORÍA,4,B,MATEMÁTICA FINANCIERA,2026-03-15 18:41:00,2026-08-07 18:08:00,13,92.31,2,4,100.0,84.63,73.8,0,0,18,Aprobado,0
5a6cbde0c718,3106,01/2026C1/P/04/132-02/4/000220-4B,2026C1,04/132-02,CONTABILIDAD Y AUDITORÍA,4,B,TRIBUTACIÓN,2026-03-18 19:48:00,2026-08-01 18:40:00,13,100.0,1,4,100.0,84.81,91.85,3,5,19,Aprobado,0
5a6cbde0c718,3107,01/2026C1/P/04/132-02/4/000165-4B,2026C1,04/132-02,CONTABILIDAD Y AUDITORÍA,4,B,METODOLOGÍA DE LA INVESTIGACIÓN,2026-03-15 19:20:00,2026-08-02 18:51:00,13,100.0,0,4,100.0,96.85,93.63,0,4,19,Aprobado,0
80d782f7759f,3240,01/2026C1/P/05/167-02/2/000209-2B,2026C1,05/167-02,PSICOLOGÍA,2,B,PSICOLOGÍA GENERAL,2026-03-18 20:50:00,2026-08-04 19:15:00,13,92.31,6,4,100.0,76.72,78.42,3,2,20,Aprobado,0
80d782f7759f,3241,01/2026C1/P/05/167-02/2/000110-2B,2026C1,05/167-02,PSICOLOGÍA,2,B,ESTADÍSTICA,2026-03-19 20:49:00,2026-08-03 20:06:00,13,100.0,4,4,100.0,80.52,79.13,4,3,20,Aprobado,0
80d782f7759f,3242,01/2026C1/P/05/167-02/2/000187-2B,2026C1,05/167-02,PSICOLOGÍA,2,B,NEUROCIENCIAS,2026-03-18 19:04:00,2026-07-31 20:54:00,13,100.0,1,4,100.0,88.85,84.34,3,6,19,Aprobado,0
80d782f7759f,3243,01/2026C1/P/05/167-02/2/000165-2B,2026C1,05/167-02,PSICOLOGÍA,2,B,METODOLOGÍA DE LA INVESTIGACIÓN,2026-03-23 20:59:00,2026-07-29 20:29:00,13,100.0,2,4,100.0,86.1,87.98,8,8,20,Aprobado,0
309084f8ec87,3104,01/2026C1/P/04/132-02/4/000044-4B,2026C1,04/132-02,CONTABILIDAD Y AUDITORÍA,4,B,CONTABILIDAD GENERAL,2026-03-18 19:21:00,2026-08-03 20:32:00,13,100.0,2,4,100.0,73.96,78.4,3,3,19,Aprobado,0
309084f8ec87,3105,01/2026C1/P/04/132-02/4/000154-4B,2026C1,04/132-02,CONTABILIDAD Y AUDITORÍA,4,B,MATEMÁTICA FINANCIERA,2026-03-18 20:16:00,2026-07-30 21:23:00,13,100.0,2,4,100.0,81.77,78.01,3,7,20,Aprobado,0
309084f8ec87,3106,01/2026C1/P/04/132-02/4/000220-4B,2026C1,04/132-02,CONTABILIDAD Y AUDITORÍA,4,B,TRIBUTACIÓN,2026-03-28 18:01:00,2026-08-07 19:52:00,13,84.62,1,4,75.0,66.05,66.74,13,0,18,Reprobado,1
309084f8ec87,3107,01/2026C1/P/04/132-02/4/000165-4B,2026C1,04/132-02,CONTABILIDAD Y AUDITORÍA,4,B,METODOLOGÍA DE LA INVESTIGACIÓN,2026-03-15 19:47:00,2026-08-07 19:02:00,13,92.31,3,4,75.0,59.17,73.28,0,0,19,Aprobado,0
b2ab97ad679c,3092,01/2026C1/P/05/167-02/1/000209-1A,2026C1,05/167-02,PSICOLOGÍA,1,A,PSICOLOGÍA GENERAL,2026-03-23 20:42:00,2026-08-02 18:45:00,13,100.0,2,4,100.0,91.46,90.27,8,4,20,Aprobado,0
b2ab97ad679c,3093,01/2026C1/P/05/167-02/1/000110-1A,2026C1,05/167-02,PSICOLOGÍA,1,A,ESTADÍSTICA,2026-03-20 18:14:00,2026-08-05 20:06:00,13,100.0,4,4,100.0,84.23,85.98,5,1,18,Aprobado,0
b2ab97ad679c,3094,01/2026C1/P/05/167-02/1/000187-1A,2026C1,05/167-02,PSICOLOGÍA,1,A,NEUROCIENCIAS,2026-03-17 15:56:00,2026-08-03 17:29:00,13,100.0,1,4,100.0,73.76,81.66,2,3,15,Aprobado,0
b2ab97ad679c,3095,01/2026C1/P/05/167-02/1/000165-1A,2026C1,05/167-02,PSICOLOGÍA,1,A,METODOLOGÍA DE LA INVESTIGACIÓN,2026-03-17 18:26:00,2026-08-03 17:25:00,13,100.0,2,4,100.0,82.43,85.08,2,3,18,Aprobado,0
9faabd0a70ff,3188,01/2026C1/P/02/145-01/5/000077-5A,2026C1,02/145-01,DERECHO,5,A,DERECHO CIVIL,2026-03-21 22:44:00,2026-04-26 22:53:00,13,30.77,1,4,50.0,31.31,21.0,6,102,22,Reprobado,1
9faabd0a70ff,3189,01/2026C1/P/02/145-01/5/000099-5A,2026C1,02/145-01,DERECHO,5,A,DERECHO PENAL,2026-03-27 23:23:00,2026-06-12 22:09:00,13,46.15,0,4,75.0,56.86,31.44,12,55,23,Reprobado,1
9faabd0a70ff,3190,01/2026C1/P/02/145-01/5/000088-5A,2026C1,02/145-01,DERECHO,5,A,DERECHO CONSTITUCIONAL,2026-03-15 23:42:00,2026-05-10 00:30:00,13,23.08,0,4,75.0,57.99,17.51,0,88,23,Reprobado,1
9faabd0a70ff,3191,01/2026C1/P/02/145-01/5/000165-5A,2026C1,02/145-01,DERECHO,5,A,METODOLOGÍA DE LA INVESTIGACIÓN,2026-03-15 23:07:00,2026-05-17 02:09:00,13,38.46,1,4,100.0,81.98,30.49,0,81,23,Reprobado,1
560dfaed084c,3064,01/2026C1/P/03/210-01/2/000066-2A,2026C1,03/210-01,INGENIERÍA DE SOFTWARE,2,A,CÁLCULO DIFERENCIAL,2026-03-15 16:48:00,2026-07-31 15:34:00,13,92.31,1,4,100.0,81.58,76.8,0,6,16,Aprobado,0
560dfaed084c,3065,01/2026C1/P/03/210-01/2/000198-2A,2026C1,03/210-01,INGENIERÍA DE SOFTWARE,2,A,PROGRAMACIÓN I,2026-03-15 16:24:00,2026-08-03 14:44:00,13,100.0,4,4,100.0,71.52,80.31,0,3,16,Aprobado,0
560dfaed084c,3066,01/2026C1/P/03/210-01/2/000022-2A,2026C1,03/210-01,INGENIERÍA DE SOFTWARE,2,A,BASE DE DATOS,2026-03-17 16:04:00,2026-08-01 14:51:00,13,100.0,2,4,100.0,97.5,94.17,2,5,16,Aprobado,0
560dfaed084c,3067,01/2026C1/P/03/210-01/2/000165-2A,2026C1,03/210-01,INGENIERÍA DE SOFTWARE,2,A,METODOLOGÍA DE LA INVESTIGACIÓN,2026-03-18 15:06:00,2026-07-31 15:48:00,13,100.0,0,4,100.0,78.98,86.78,3,6,15,Aprobado,0
0b02ef997def,3164,01/2026C1/P/01/101-01/3/000011-3B,2026C1,01/101-01,MEDICINA,3,B,ANATOMÍA HUMANA,2026-03-18 20:08:00,2026-08-06 19:20:00,13,100.0,2,4,100.0,86.5,85.95,3,0,20,Aprobado,0
0b02ef997def,3165,01/2026C1/P/01/101-01/3/000033-3B,2026C1,01/101-01,MEDICINA,3,B,BIOQUÍMICA,2026-03-21 18:40:00,2026-07-31 18:02:00,13,100.0,0,4,100.0,89.03,88.4,6,6,18,Aprobado,0
0b02ef997def,3166,01/2026C1/P/01/101-01/3/000132-3B,2026C1,01/101-01,MEDICINA,3,B,FISIOLOGÍA,2026-03-15 20:00:00,2026-07-30 18:45:00,13,100.0,0,4,100.0,94.56,94.56,0,7,20,Aprobado,0
0b02ef997def,3167,01/2026C1/P/01/101-01/3/000165-3B,2026C1,01/101-01,MEDICINA,3,B,METODOLOGÍA DE LA INVESTIGACIÓN,2026-03-21 20:24:00,2026-08-02 20:00:00,13,100.0,0,4,100.0,96.63,95.25,6,4,20,Aprobado,0
2331e569073f,3184,01/2026C1/P/04/120-03/5/000143-5A,2026C1,04/120-03,ECONOMÍA,5,A,MACROECONOMÍA,2026-03-15 18:07:00,2026-08-07 18:32:00,13,100.0,0,4,100.0,96.21,93.54,0,0,18,Aprobado,0
2331e569073f,3185,01/2026C1/P/04/120-03/5/000176-5A,2026C1,04/120-03,ECONOMÍA,5,A,MICROECONOMÍA,2026-03-16 17:27:00,2026-08-04 16:23:00,13,100.0,0,4,100.0,85.81,87.3,1,2,17,Aprobado,0
2331e569073f,3186,01/2026C1/P/04/120-03/5/000110-5A,2026C1,04/120-03,ECONOMÍA,5,A,ESTADÍSTICA,2026-03-15 18:24:00,2026-07-31 19:07:00,13,100.0,3,4,100.0,84.26,83.78,0,6,18,Aprobado,0
2331e569073f,3187,01/2026C1/P/04/120-03/5/000165-5A,2026C1,04/120-03,ECONOMÍA,5,A,METODOLOGÍA DE LA INVESTIGACIÓN,2026-03-16 17:12:00,2026-08-05 19:10:00,13,100.0,1,4,100.0,99.22,95.12,1,1,17,Aprobado,0
59ac05e1646c,3108,01/2026C1/P/05/167-02/3/000209-3B,2026C1,05/167-02,PSICOLOGÍA,3,B,PSICOLOGÍA GENERAL,2026-03-22 00:01:00,2026-08-06 22:17:00,13,100.0,3,4,100.0,82.68,79.92,7,0,0,Aprobado,0
59ac05e1646c,3109,01/2026C1/P/05/167-02/3/000110-3B,2026C1,05/167-02,PSICOLOGÍA,3,B,ESTADÍSTICA,2026-03-27 00:09:00,2026-07-31 00:41:00,13,100.0,3,4,100.0,83.74,75.28,12,6,0,Aprobado,0
59ac05e1646c,3110,01/2026C1/P/05/167-02/3/000187-3B,2026C1,05/167-02,PSICOLOGÍA,3,B,NEUROCIENCIAS,2026-03-28 01:00:00,2026-08-01 22:50:00,13,92.31,3,4,100.0,80.32,69.29,13,5,1,Reprobado,1
59ac05e1646c,3111,01/2026C1/P/05/167-02/3/000165-3B,2026C1,05/167-02,PSICOLOGÍA,3,B,METODOLOGÍA DE LA INVESTIGACIÓN,2026-03-18 23:11:00,2026-08-04 00:11:00,13,100.0,0,4,100.0,85.78,86.49,3,2,23,Aprobado,0
802bb93eac98,3000,01/2026C1/P/03/210-01/1/000066-1A,2026C1,03/210-01,INGENIERÍA DE SOFTWARE,1,A,CÁLCULO DIFERENCIAL,2026-03-25 23:19:00,2026-08-07 00:05:00,13,100.0,0,4,100.0,67.42,71.49,10,0,23,Aprobado,0
802bb93eac98,3001,01/2026C1/P/03/210-01/1/000198-1A,2026C1,03/210-01,INGENIERÍA DE SOFTWARE,1,A,PROGRAMACIÓN I,2026-03-21 23:22:00,2026-08-03 21:59:00,13,92.31,2,4,100.0,72.68,64.56,6,3,23,Reprobado,1
802bb93eac98,3002,01/2026C1/P/03/210-01/1/000022-1A,2026C1,03/210-01,INGENIERÍA DE SOFTWARE,1,A,BASE DE DATOS,2026-03-16 23:25:00,2026-08-07 00:14:00,13,100.0,1,4,100.0,93.15,88.53,1,0,23,Aprobado,0
802bb93eac98,3003,01/2026C1/P/03/210-01/1/000165-1A,2026C1,03/210-01,INGENIERÍA DE SOFTWARE,1,A,METODOLOGÍA DE LA INVESTIGACIÓN,2026-03-16 00:19:00,2026-08-06 23:49:00,13,92.31,2,4,100.0,87.2,84.39,1,0,0,Aprobado,0
fd063d491e83,3016,01/2026C1/P/01/188-01/2/000011-2A,2026C1,01/188-01,ENFERMERÍA,2,A,ANATOMÍA HUMANA,2026-03-21 18:50:00,2026-07-31 19:21:00,13,100.0,2,4,100.0,83.8,78.81,6,6,18,Aprobado,0
fd063d491e83,3017,01/2026C1/P/01/188-01/2/000055-2A,2026C1,01/188-01,ENFERMERÍA,2,A,CUIDADO BÁSICO,2026-03-25 20:13:00,2026-08-01 18:46:00,13,100.0,2,4,100.0,88.25,80.21,10,5,20,Aprobado,0
fd063d491e83,3018,01/2026C1/P/01/188-01/2/000121-2A,2026C1,01/188-01,ENFERMERÍA,2,A,FARMACOLOGÍA,2026-03-15 18:17:00,2026-08-02 20:02:00,13,84.62,0,4,100.0,74.04,62.29,0,4,18,Reprobado,1
fd063d491e83,3019,01/2026C1/P/01/188-01/2/000165-2A,2026C1,01/188-01,ENFERMERÍA,2,A,METODOLOGÍA DE LA INVESTIGACIÓN,2026-03-25 19:43:00,2026-08-03 17:37:00,13,92.31,2,4,100.0,86.5,82.17,10,3,19,Aprobado,0
039416e65ec5,3028,01/2026C1/P/04/132-02/2/000044-2B,2026C1,04/132-02,CONTABILIDAD Y AUDITORÍA,2,B,CONTABILIDAD GENERAL,2026-03-16 18:00:00,2026-07-31 18:36:00,13,100.0,0,4,100.0,96.67,89.05,1,6,18,Aprobado,0
039416e65ec5,3029,01/2026C1/P/04/132-02/2/000154-2B,2026C1,04/132-02,CONTABILIDAD Y AUDITORÍA,2,B,MATEMÁTICA FINANCIERA,2026-03-17 16:39:00,2026-07-30 16:29:00,13,100.0,2,4,100.0,91.87,89.84,2,7,16,Aprobado,0
039416e65ec5,3030,01/2026C1/P/04/132-02/2/000220-2B,2026C1,04/132-02,CONTABILIDAD Y AUDITORÍA,2,B,TRIBUTACIÓN,2026-03-23 18:02:00,2026-08-04 16:10:00,13,100.0,0,4,100.0,90.64,94.01,8,2,18,Aprobado,0
039416e65ec5,3031,01/2026C1/P/04/132-02/2/000165-2B,2026C1,04/132-02,CONTABILIDAD Y AUDITORÍA,2,B,METODOLOGÍA DE LA INVESTIGACIÓN,2026-03-22 19:23:00,2026-08-02 18:26:00,13,100.0,0,4,100.0,88.5,86.82,7,4,19,Aprobado,0
738831c28ca4,3196,01/2026C1/P/01/101-01/4/000011-4A,2026C1,01/101-01,MEDICINA,4,A,ANATOMÍA HUMANA,2026-03-24 18:24:00,2026-08-07 18:52:00,13,100.0,2,4,100.0,88.77,84.11,9,0,18,Aprobado,0
738831c28ca4,3197,01/2026C1/P/01/101-01/4/000033-4A,2026C1,01/101-01,MEDICINA,4,A,BIOQUÍMICA,2026-03-15 19:09:00,2026-08-06 17:40:00,13,100.0,1,4,100.0,89.48,83.92,0,0,19,Aprobado,0
738831c28ca4,3198,01/2026C1/P/01/101-01/4/000132-4A,2026C1,01/101-01,MEDICINA,4,A,FISIOLOGÍA,2026-03-17 17:23:00,2026-08-06 19:05:00,13,100.0,2,4,100.0,90.24,93.63,2,0,17,Aprobado,0
738831c28ca4,3199,01/2026C1/P/01/101-01/4/000165-4A,2026C1,01/101-01,MEDICINA,4,A,METODOLOGÍA DE LA INVESTIGACIÓN,2026-03-17 19:23:00,2026-07-30 20:17:00,13,100.0,4,4,100.0,94.0,91.76,2,7,19,Aprobado,0
d897a9839124,3012,01/2026C1/P/01/188-01/3/000011-3B,2026C1,01/188-01,ENFERMERÍA,3,B,ANATOMÍA HUMANA,2026-04-06 22:48:00,2026-08-03 20:06:00,13,76.92,0,4,75.0,67.3,66.69,22,3,22,Reprobado,1
d897a9839124,3013,01/2026C1/P/01/188-01/3/000055-3B,2026C1,01/188-01,ENFERMERÍA,3,B,CUIDADO BÁSICO,2026-03-19 20:59:00,2026-08-03 21:04:00,13,100.0,2,4,100.0,88.6,86.18,4,3,20,Aprobado,0
d897a9839124,3014,01/2026C1/P/01/188-01/3/000121-3B,2026C1,01/188-01,ENFERMERÍA,3,B,FARMACOLOGÍA,2026-04-24 20:59:00,2026-08-06 21:26:00,13,61.54,3,4,25.0,23.24,44.37,40,0,20,Reprobado,1
d897a9839124,3015,01/2026C1/P/01/188-01/3/000165-3B,2026C1,01/188-01,ENFERMERÍA,3,B,METODOLOGÍA DE LA INVESTIGACIÓN,2026-03-15 22:28:00,2026-08-06 21:29:00,13,100.0,3,4,100.0,84.34,80.87,0,0,22,Aprobado,0
2495248e790f,3036,01/2026C1/P/03/210-01/3/000066-3B,2026C1,03/210-01,INGENIERÍA DE SOFTWARE,3,B,CÁLCULO DIFERENCIAL,2026-03-30 18:44:00,2026-08-02 18:06:00,13,100.0,4,4,100.0,69.4,66.68,15,4,18,Reprobado,1
2495248e790f,3037,01/2026C1/P/03/210-01/3/000198-3B,2026C1,03/210-01,INGENIERÍA DE SOFTWARE,3,B,PROGRAMACIÓN I,2026-03-20 19:29:00,2026-08-04 19:11:00,13,84.62,2,4,75.0,52.77,63.98,5,2,19,Reprobado,1
2495248e790f,3038,01/2026C1/P/03/210-01/3/000022-3B,2026C1,03/210-01,INGENIERÍA DE SOFTWARE,3,B,BASE DE DATOS,2026-03-22 18:58:00,2026-07-31 20:41:00,13,100.0,3,4,100.0,84.84,77.64,7,6,18,Aprobado,0
2495248e790f,3039,01/2026C1/P/03/210-01/3/000165-3B,2026C1,03/210-01,INGENIERÍA DE SOFTWARE,3,B,METODOLOGÍA DE LA INVESTIGACIÓN,2026-03-29 17:02:00,2026-07-31 18:15:00,13,76.92,3,4,75.0,58.46,57.83,14,6,17,Reprobado,1
449af0fbeb12,3124,01/2026C1/P/01/101-01/1/000011-1A,2026C1,01/101-01,MEDICINA,1,A,ANATOMÍA HUMANA,2026-03-17 20:12:00,2026-08-07 19:45:00,13,100.0,2,4,100.0,76.1,77.84,2,0,20,Aprobado,0
449af0fbeb12,3125,01/2026C1/P/01/101-01/1/000033-1A,2026C1,01/101-01,MEDICINA,1,A,BIOQUÍMICA,2026-03-15 20:39:00,2026-08-01 19:47:00,13,100.0,2,4,100.0,89.76,90.31,0,5,20,Aprobado,0
449af0fbeb12,3126,01/2026C1/P/01/101-01/1/000132-1A,2026C1,01/101-01,MEDICINA,1,A,FISIOLOGÍA,2026-03-17 20:53:00,2026-08-04 21:53:00,13,92.31,0,4,100.0,94.44,86.83,2,2,20,Aprobado,0
449af0fbeb12,3127,01/2026C1/P/01/101-01/1/000165-1A,2026C1,01/101-01,MEDICINA,1,A,METODOLOGÍA DE LA INVESTIGACIÓN,2026-03-16 21:19:00,2026-07-30 22:20:00,13,92.31,1,4,75.0,63.47,81.7,1,7,21,Aprobado,0
d1d1845f9345,3192,01/2026C1/P/01/188-01/3/000011-3A,2026C1,01/188-01,ENFERMERÍA,3,A,ANATOMÍA HUMANA,2026-03-16 21:54:00,2026-08-02 21:45:00,13,100.0,2,4,100.0,63.04,76.49,1,4,21,Aprobado,0
d1d1845f9345,3193,01/2026C1/P/01/188-01/3/000055-3A,2026C1,01/188-01,ENFERMERÍA,3,A,CUIDADO BÁSICO,2026-03-17 00:12:00,2026-07-29 20:37:00,13,100.0,6,4,100.0,85.66,86.71,2,8,0,Aprobado,0
d1d1845f9345,3194,01/2026C1/P/01/188-01/3/000121-3A,2026C1,01/188-01,ENFERMERÍA,3,A,FARMACOLOGÍA,2026-03-23 21:41:00,2026-08-06 21:14:00,13,100.0,3,4,100.0,83.8,76.88,8,0,21,Aprobado,0
d1d1845f9345,3195,01/2026C1/P/01/188-01/3/000165-3A,2026C1,01/188-01,ENFERMERÍA,3,A,METODOLOGÍA DE LA INVESTIGACIÓN,2026-03-19 01:00:00,2026-08-04 23:49:00,13,100.0,2,4,100.0,93.66,91.27,4,2,1,Aprobado,0
606907486a72,3028,01/2026C1/P/04/132-02/2/000044-2B,2026C1,04/132-02,CONTABILIDAD Y AUDITORÍA,2,B,CONTABILIDAD GENERAL,2026-04-10 00:05:00,2026-08-01 00:54:00,13,76.92,3,4,100.0,74.96,54.99,26,5,0,Reprobado,1
606907486a72,3029,01/2026C1/P/04/132-02/2/000154-2B,2026C1,04/132-02,CONTABILIDAD Y AUDITORÍA,2,B,MATEMÁTICA FINANCIERA,2026-03-16 00:41:00,2026-08-02 23:03:00,13,92.31,0,4,100.0,76.43,66.39,1,4,0,Reprobado,1
606907486a72,3030,01/2026C1/P/04/132-02/2/000220-2B,2026C1,04/132-02,CONTABILIDAD Y AUDITORÍA,2,B,TRIBUTACIÓN,2026-04-03 01:17:00,2026-08-01 22:35:00,13,92.31,0,4,75.0,53.3,70.7,19,5,1,Aprobado,0
606907486a72,3031,01/2026C1/P/04/132-02/2/000165-2B,2026C1,04/132-02,CONTABILIDAD Y AUDITORÍA,2,B,METODOLOGÍA DE LA INVESTIGACIÓN,2026-03-17 22:18:00,2026-08-02 00:36:00,13,100.0,4,4,100.0,67.97,72.2,2,4,22,Aprobado,0
7e6e5676260d,3200,01/2026C1/P/04/120-03/4/000143-4A,2026C1,04/120-03,ECONOMÍA,4,A,MACROECONOMÍA,2026-03-16 19:01:00,2026-08-07 18:28:00,13,100.0,2,4,100.0,83.55,83.5,1,0,19,Aprobado,0
7e6e5676260d,3201,01/2026C1/P/04/120-03/4/000176-4A,2026C1,04/120-03,ECONOMÍA,4,A,MICROECONOMÍA,2026-03-28 21:02:00,2026-07-30 19:19:00,13,84.62,2,4,100.0,80.94,67.97,13,7,21,Reprobado,1
7e6e5676260d,3202,01/2026C1/P/04/120-03/4/000110-4A,2026C1,04/120-03,ECONOMÍA,4,A,ESTADÍSTICA,2026-03-17 19:28:00,2026-08-02 19:33:00,13,100.0,6,4,100.0,80.6,76.73,2,4,19,Aprobado,0
7e6e5676260d,3203,01/2026C1/P/04/120-03/4/000165-4A,2026C1,04/120-03,ECONOMÍA,4,A,METODOLOGÍA DE LA INVESTIGACIÓN,2026-03-19 19:24:00,2026-08-05 19:17:00,13,92.31,2,4,100.0,71.66,70.64,4,1,19,Aprobado,0
a583f05905dd,3196,01/2026C1/P/01/101-01/4/000011-4A,2026C1,01/101-01,MEDICINA,4,A,ANATOMÍA HUMANA,2026-04-12 18:44:00,2026-07-29 20:15:00,13,84.62,3,4,75.0,46.39,53.49,28,8,18,Reprobado,1
a583f05905dd,3197,01/2026C1/P/01/101-01/4/000033-4A,2026C1,01/101-01,MEDICINA,4,A,BIOQUÍMICA,2026-03-17 19:58:00,2026-08-04 18:00:00,13,100.0,1,4,100.0,61.42,66.4,2,2,19,Reprobado,1
a583f05905dd,3198,01/2026C1/P/01/101-01/4/000132-4A,2026C1,01/101-01,MEDICINA,4,A,FISIOLOGÍA,2026-03-27 22:17:00,2026-08-07 20:19:00,13,92.31,2,4,100.0,80.2,75.21,12,0,22,Aprobado,0
a583f05905dd,3199,01/2026C1/P/01/101-01/4/000165-4A,2026C1,01/101-01,MEDICINA,4,A,METODOLOGÍA DE LA INVESTIGACIÓN,2026-03-21 19:38:00,2026-07-31 19:57:00,13,92.31,4,4,100.0,74.94,66.38,6,6,19,Reprobado,1
84a9d777ed89,3032,01/2026C1/P/01/101-01/3/000011-3A,2026C1,01/101-01,MEDICINA,3,A,ANATOMÍA HUMANA,2026-03-21 14:47:00,2026-08-02 15:42:00,13,100.0,1,4,100.0,83.17,84.19,6,4,14,Aprobado,0
84a9d777ed89,3033,01/2026C1/P/01/101-01/3/000033-3A,2026C1,01/101-01,MEDICINA,3,A,BIOQUÍMICA,2026-03-17 14:14:00,2026-08-04 14:38:00,13,100.0,0,4,100.0,87.96,84.9,2,2,14,Aprobado,0
84a9d777ed89,3034,01/2026C1/P/01/101-01/3/000132-3A,2026C1,01/101-01,MEDICINA,3,A,FISIOLOGÍA,2026-03-21 15:33:00,2026-08-07 13:42:00,13,100.0,1,4,100.0,85.82,91.07,6,0,15,Aprobado,0
84a9d777ed89,3035,01/2026C1/P/01/101-01/3/000165-3A,2026C1,01/101-01,MEDICINA,3,A,METODOLOGÍA DE LA INVESTIGACIÓN,2026-03-16 12:38:00,2026-08-03 14:08:00,13,100.0,2,4,100.0,89.88,88.68,1,3,12,Aprobado,0
a97d618bc170,3152,01/2026C1/P/03/210-01/2/000066-2B,2026C1,03/210-01,INGENIERÍA DE SOFTWARE,2,B,CÁLCULO DIFERENCIAL,2026-03-21 22:25:00,2026-08-04 23:42:00,13,100.0,3,4,100.0,68.67,71.04,6,2,22,Aprobado,0
a97d618bc170,3153,01/2026C1/P/03/210-01/2/000198-2B,2026C1,03/210-01,INGENIERÍA DE SOFTWARE,2,B,PROGRAMACIÓN I,2026-03-20 00:16:00,2026-08-08 00:55:00,13,100.0,4,4,100.0,76.95,76.59,5,0,0,Aprobado,0
a97d618bc170,3154,01/2026C1/P/03/210-01/2/000022-2B,2026C1,03/210-01,INGENIERÍA DE SOFTWARE,2,B,BASE DE DATOS,2026-03-17 00:02:00,2026-08-04 22:58:00,13,100.0,2,4,100.0,72.2,81.66,2,2,0,Aprobado,0
a97d618bc170,3155,01/2026C1/P/03/210-01/2/000165-2B,2026C1,03/210-01,INGENIERÍA DE SOFTWARE,2,B,METODOLOGÍA DE LA INVESTIGACIÓN,2026-03-19 00:00:00,2026-08-01 23:20:00,13,92.31,4,4,100.0,65.1,61.31,4,5,0,Reprobado,1
c32f9a200ad2,3008,01/2026C1/P/01/101-01/2/000011-2B,2026C1,01/101-01,MEDICINA,2,B,ANATOMÍA HUMANA,2026-03-20 23:39:00,2026-08-03 22:39:00,13,92.31,2,4,100.0,71.4,71.41,5,3,23,Aprobado,0
c32f9a200ad2,3009,01/2026C1/P/01/101-01/2/000033-2B,2026C1,01/101-01,MEDICINA,2,B,BIOQUÍMICA,2026-03-16 22:33:00,2026-08-04 22:00:00,13,92.31,1,4,100.0,74.42,70.64,1,2,22,Aprobado,0
c32f9a200ad2,3010,01/2026C1/P/01/101-01/2/000132-2B,2026C1,01/101-01,MEDICINA,2,B,FISIOLOGÍA,2026-03-22 22:19:00,2026-07-29 23:19:00,13,100.0,2,4,100.0,85.04,76.84,7,8,22,Aprobado,0
c32f9a200ad2,3011,01/2026C1/P/01/101-01/2/000165-2B,2026C1,01/101-01,MEDICINA,2,B,METODOLOGÍA DE LA INVESTIGACIÓN,2026-03-18 00:42:00,2026-08-03 00:34:00,13,92.31,5,4,75.0,64.5,72.23,3,3,0,Aprobado,0
9d6785af4458,3000,01/2026C1/P/03/210-01/1/000066-1A,2026C1,03/210-01,INGENIERÍA DE SOFTWARE,1,A,CÁLCULO DIFERENCIAL,2026-04-01 18:57:00,2026-08-07 18:27:00,13,53.85,1,4,25.0,12.79,33.5,17,0,18,Reprobado,1
9d6785af4458,3001,01/2026C1/P/03/210-01/1/000198-1A,2026C1,03/210-01,INGENIERÍA DE SOFTWARE,1,A,PROGRAMACIÓN I,2026-04-06 18:04:00,2026-08-01 20:32:00,13,100.0,2,4,100.0,83.29,81.14,22,5,18,Aprobado,0
9d6785af4458,3002,01/2026C1/P/03/210-01/1/000022-1A,2026C1,03/210-01,INGENIERÍA DE SOFTWARE,1,A,BASE DE DATOS,2026-03-18 19:54:00,2026-08-05 17:44:00,13,100.0,1,4,100.0,81.23,79.92,3,1,19,Aprobado,0
9d6785af4458,3003,01/2026C1/P/03/210-01/1/000165-1A,2026C1,03/210-01,INGENIERÍA DE SOFTWARE,1,A,METODOLOGÍA DE LA INVESTIGACIÓN,2026-03-16 18:49:00,2026-07-30 18:29:00,13,100.0,3,4,100.0,75.43,75.43,1,7,18,Aprobado,0
9a4ced881bc9,3028,01/2026C1/P/04/132-02/2/000044-2B,2026C1,04/132-02,CONTABILIDAD Y AUDITORÍA,2,B,CONTABILIDAD GENERAL,2026-03-18 22:32:00,2026-08-06 22:22:00,13,100.0,2,4,100.0,68.56,80.8,3,0,22,Aprobado,0
9a4ced881bc9,3029,01/2026C1/P/04/132-02/2/000154-2B,2026C1,04/132-02,CONTABILIDAD Y AUDITORÍA,2,B,MATEMÁTICA FINANCIERA,2026-03-18 21:53:00,2026-08-01 21:02:00,13,100.0,3,4,100.0,70.7,76.72,3,5,21,Aprobado,0
9a4ced881bc9,3030,01/2026C1/P/04/132-02/2/000220-2B,2026C1,04/132-02,CONTABILIDAD Y AUDITORÍA,2,B,TRIBUTACIÓN,2026-03-15 21:03:00,2026-08-02 22:11:00,13,100.0,1,4,100.0,82.6,86.45,0,4,21,Aprobado,0
9a4ced881bc9,3031,01/2026C1/P/04/132-02/2/000165-2B,2026C1,04/132-02,CONTABILIDAD Y AUDITORÍA,2,B,METODOLOGÍA DE LA INVESTIGACIÓN,2026-03-19 22:15:00,2026-07-30 21:08:00,13,100.0,3,4,100.0,86.3,83.04,4,7,22,Aprobado,0
a2dec74e8a42,3168,01/2026C1/P/04/120-03/3/000143-3A,2026C1,04/120-03,ECONOMÍA,3,A,MACROECONOMÍA,2026-03-15 20:12:00,2026-08-05 22:23:00,13,84.62,4,4,100.0,68.65,54.38,0,1,20,Reprobado,1
a2dec74e8a42,3169,01/2026C1/P/04/120-03/3/000176-3A,2026C1,04/120-03,ECONOMÍA,3,A,MICROECONOMÍA,2026-04-13 21:54:00,2026-08-02 22:23:00,13,23.08,0,4,0.0,0.0,16.5,29,4,21,Reprobado,1
a2dec74e8a42,3170,01/2026C1/P/04/120-03/3/000110-3A,2026C1,04/120-03,ECONOMÍA,3,A,ESTADÍSTICA,2026-03-19 22:26:00,2026-08-05 19:30:00,13,69.23,1,4,75.0,49.28,45.63,4,1,22,Reprobado,1
a2dec74e8a42,3171,01/2026C1/P/04/120-03/3/000165-3A,2026C1,04/120-03,ECONOMÍA,3,A,METODOLOGÍA DE LA INVESTIGACIÓN,2026-03-16 18:59:00,2026-07-30 22:18:00,13,92.31,3,4,100.0,84.46,76.21,1,7,18,Aprobado,0
13357d5dd1e1,3068,01/2026C1/P/05/167-02/2/000209-2A,2026C1,05/167-02,PSICOLOGÍA,2,A,PSICOLOGÍA GENERAL,2026-03-20 19:35:00,2026-05-10 17:52:00,13,38.46,0,4,100.0,86.26,32.62,5,88,19,Reprobado,1
13357d5dd1e1,3069,01/2026C1/P/05/167-02/2/000110-2A,2026C1,05/167-02,PSICOLOGÍA,2,A,ESTADÍSTICA,2026-03-26 20:12:00,2026-06-06 17:38:00,13,69.23,1,4,100.0,85.49,54.3,11,61,20,Reprobado,1
13357d5dd1e1,3070,01/2026C1/P/05/167-02/2/000187-2A,2026C1,05/167-02,PSICOLOGÍA,2,A,NEUROCIENCIAS,2026-03-21 17:45:00,2026-05-05 20:28:00,13,30.77,1,4,75.0,55.02,24.74,6,93,17,Reprobado,1
13357d5dd1e1,3071,01/2026C1/P/05/167-02/2/000165-2A,2026C1,05/167-02,PSICOLOGÍA,2,A,METODOLOGÍA DE LA INVESTIGACIÓN,2026-03-22 19:03:00,2026-05-23 17:39:00,13,53.85,2,4,100.0,94.82,50.67,7,75,19,Reprobado,1
ad5a6ef4c20e,3104,01/2026C1/P/04/132-02/4/000044-4B,2026C1,04/132-02,CONTABILIDAD Y AUDITORÍA,4,B,CONTABILIDAD GENERAL,2026-03-15 19:19:00,2026-07-30 20:30:00,13,100.0,2,4,100.0,80.4,84.1,0,7,19,Aprobado,0
ad5a6ef4c20e,3105,01/2026C1/P/04/132-02/4/000154-4B,2026C1,04/132-02,CONTABILIDAD Y AUDITORÍA,4,B,MATEMÁTICA FINANCIERA,2026-03-17 20:46:00,2026-07-29 20:31:00,13,100.0,4,4,100.0,72.48,73.72,2,8,20,Aprobado,0
ad5a6ef4c20e,3106,01/2026C1/P/04/132-02/4/000220-4B,2026C1,04/132-02,CONTABILIDAD Y AUDITORÍA,4,B,TRIBUTACIÓN,2026-03-15 18:59:00,2026-07-31 21:56:00,13,100.0,2,4,100.0,75.29,81.7,0,6,18,Aprobado,0
ad5a6ef4c20e,3107,01/2026C1/P/04/132-02/4/000165-4B,2026C1,04/132-02,CONTABILIDAD Y AUDITORÍA,4,B,METODOLOGÍA DE LA INVESTIGACIÓN,2026-03-19 18:40:00,2026-08-01 19:34:00,13,92.31,1,4,100.0,61.88,63.59,4,5,18,Reprobado,1
76bfc9f2e903,3120,01/2026C1/P/04/132-02/3/000044-3B,2026C1,04/132-02,CONTABILIDAD Y AUDITORÍA,3,B,CONTABILIDAD GENERAL,2026-03-16 21:06:00,2026-07-29 19:56:00,13,100.0,3,4,100.0,95.98,89.15,1,8,21,Aprobado,0
76bfc9f2e903,3121,01/2026C1/P/04/132-02/3/000154-3B,2026C1,04/132-02,CONTABILIDAD Y AUDITORÍA,3,B,MATEMÁTICA FINANCIERA,2026-03-18 19:44:00,2026-08-04 19:22:00,13,100.0,1,4,100.0,86.05,85.46,3,2,19,Aprobado,0
76bfc9f2e903,3122,01/2026C1/P/04/132-02/3/000220-3B,2026C1,04/132-02,CONTABILIDAD Y AUDITORÍA,3,B,TRIBUTACIÓN,2026-03-20 20:24:00,2026-08-07 20:43:00,13,100.0,2,4,100.0,93.79,94.65,5,0,20,Aprobado,0
76bfc9f2e903,3123,01/2026C1/P/04/132-02/3/000165-3B,2026C1,04/132-02,CONTABILIDAD Y AUDITORÍA,3,B,METODOLOGÍA DE LA INVESTIGACIÓN,2026-03-16 20:23:00,2026-08-03 19:38:00,13,100.0,2,4,100.0,94.71,96.94,1,3,20,Aprobado,0
cfd4564a0ad1,3164,01/2026C1/P/01/101-01/3/000011-3B,2026C1,01/101-01,MEDICINA,3,B,ANATOMÍA HUMANA,2026-03-16 17:28:00,2026-08-05 17:37:00,13,100.0,2,4,100.0,82.28,77.86,1,1,17,Aprobado,0
cfd4564a0ad1,3165,01/2026C1/P/01/101-01/3/000033-3B,2026C1,01/101-01,MEDICINA,3,B,BIOQUÍMICA,2026-03-15 17:12:00,2026-07-29 19:10:00,13,100.0,2,4,100.0,78.88,76.7,0,8,17,Aprobado,0
cfd4564a0ad1,3166,01/2026C1/P/01/101-01/3/000132-3B,2026C1,01/101-01,MEDICINA,3,B,FISIOLOGÍA,2026-03-19 18:15:00,2026-08-01 17:40:00,13,100.0,2,4,100.0,79.52,77.85,4,5,18,Aprobado,0
cfd4564a0ad1,3167,01/2026C1/P/01/101-01/3/000165-3B,2026C1,01/101-01,MEDICINA,3,B,METODOLOGÍA DE LA INVESTIGACIÓN,2026-03-15 17:44:00,2026-08-06 17:14:00,13,100.0,1,4,100.0,91.69,87.66,0,0,17,Aprobado,0
5e1685387f06,3060,01/2026C1/P/05/167-02/5/000209-5B,2026C1,05/167-02,PSICOLOGÍA,5,B,PSICOLOGÍA GENERAL,2026-03-19 00:18:00,2026-08-07 22:48:00,13,100.0,1,4,100.0,90.3,94.92,4,0,0,Aprobado,0
5e1685387f06,3061,01/2026C1/P/05/167-02/5/000110-5B,2026C1,05/167-02,PSICOLOGÍA,5,B,ESTADÍSTICA,2026-03-16 00:18:00,2026-08-07 23:43:00,13,100.0,2,4,100.0,87.18,88.94,1,0,0,Aprobado,0
5e1685387f06,3062,01/2026C1/P/05/167-02/5/000187-5B,2026C1,05/167-02,PSICOLOGÍA,5,B,NEUROCIENCIAS,2026-03-26 01:16:00,2026-08-04 00:59:00,13,100.0,0,4,100.0,94.06,93.37,11,2,1,Aprobado,0
5e1685387f06,3063,01/2026C1/P/05/167-02/5/000165-5B,2026C1,05/167-02,PSICOLOGÍA,5,B,METODOLOGÍA DE LA INVESTIGACIÓN,2026-03-17 21:23:00,2026-08-06 00:39:00,13,100.0,0,4,100.0,99.02,95.25,2,0,21,Aprobado,0
3d0197695f8a,3156,01/2026C1/P/04/120-03/4/000143-4B,2026C1,04/120-03,ECONOMÍA,4,B,MACROECONOMÍA,2026-03-15 16:35:00,2026-07-31 15:31:00,13,100.0,1,4,100.0,74.05,73.01,0,6,16,Aprobado,0
3d0197695f8a,3157,01/2026C1/P/04/120-03/4/000176-4B,2026C1,04/120-03,ECONOMÍA,4,B,MICROECONOMÍA,2026-03-15 15:16:00,2026-08-01 15:39:00,13,100.0,2,4,100.0,79.93,81.54,0,5,15,Aprobado,0
3d0197695f8a,3158,01/2026C1/P/04/120-03/4/000110-4B,2026C1,04/120-03,ECONOMÍA,4,B,ESTADÍSTICA,2026-03-21 16:04:00,2026-08-07 15:07:00,13,100.0,2,4,100.0,86.33,86.58,6,0,16,Aprobado,0
3d0197695f8a,3159,01/2026C1/P/04/120-03/4/000165-4B,2026C1,04/120-03,ECONOMÍA,4,B,METODOLOGÍA DE LA INVESTIGACIÓN,2026-03-15 16:34:00,2026-08-04 16:26:00,13,100.0,0,4,100.0,94.67,93.05,0,2,16,Aprobado,0
a9f3755eff8c,3096,01/2026C1/P/02/145-01/2/000077-2B,2026C1,02/145-01,DERECHO,2,B,DERECHO CIVIL,2026-03-25 22:58:00,2026-07-30 23:07:00,13,76.92,2,4,75.0,53.35,59.06,10,7,22,Reprobado,1
a9f3755eff8c,3097,01/2026C1/P/02/145-01/2/000099-2B,2026C1,02/145-01,DERECHO,2,B,DERECHO PENAL,2026-03-20 21:09:00,2026-07-30 22:35:00,13,100.0,4,4,100.0,88.78,87.09,5,7,21,Aprobado,0
a9f3755eff8c,3098,01/2026C1/P/02/145-01/2/000088-2B,2026C1,02/145-01,DERECHO,2,B,DERECHO CONSTITUCIONAL,2026-04-01 22:52:00,2026-08-04 21:52:00,13,92.31,2,4,75.0,72.42,80.78,17,2,22,Aprobado,0
a9f3755eff8c,3099,01/2026C1/P/02/145-01/2/000165-2B,2026C1,02/145-01,DERECHO,2,B,METODOLOGÍA DE LA INVESTIGACIÓN,2026-03-27 21:41:00,2026-08-05 20:40:00,13,100.0,2,4,100.0,74.88,79.39,12,1,21,Aprobado,0
191cb6b2c6b3,3080,01/2026C1/P/04/132-02/4/000044-4A,2026C1,04/132-02,CONTABILIDAD Y AUDITORÍA,4,A,CONTABILIDAD GENERAL,2026-03-15 19:18:00,2026-08-05 20:45:00,13,100.0,0,4,100.0,88.5,88.99,0,1,19,Aprobado,0
191cb6b2c6b3,3081,01/2026C1/P/04/132-02/4/000154-4A,2026C1,04/132-02,CONTABILIDAD Y AUDITORÍA,4,A,MATEMÁTICA FINANCIERA,2026-03-19 19:35:00,2026-08-05 19:47:00,13,100.0,1,4,100.0,79.78,79.34,4,1,19,Aprobado,0
191cb6b2c6b3,3082,01/2026C1/P/04/132-02/4/000220-4A,2026C1,04/132-02,CONTABILIDAD Y AUDITORÍA,4,A,TRIBUTACIÓN,2026-03-22 18:26:00,2026-08-06 19:24:00,13,100.0,1,4,100.0,88.36,90.85,7,0,18,Aprobado,0
191cb6b2c6b3,3083,01/2026C1/P/04/132-02/4/000165-4A,2026C1,04/132-02,CONTABILIDAD Y AUDITORÍA,4,A,METODOLOGÍA DE LA INVESTIGACIÓN,2026-03-16 21:52:00,2026-07-29 21:16:00,13,100.0,1,4,100.0,78.9,85.14,1,8,21,Aprobado,0
2ffe7b29c35f,3224,01/2026C1/P/02/145-01/4/000077-4A,2026C1,02/145-01,DERECHO,4,A,DERECHO CIVIL,2026-04-07 18:18:00,2026-08-06 18:30:00,13,53.85,2,4,75.0,57.23,37.27,23,0,18,Reprobado,1
2ffe7b29c35f,3225,01/2026C1/P/02/145-01/4/000099-4A,2026C1,02/145-01,DERECHO,4,A,DERECHO PENAL,2026-03-17 19:42:00,2026-08-07 16:54:00,13,100.0,1,4,100.0,90.68,92.06,2,0,19,Aprobado,0
2ffe7b29c35f,3226,01/2026C1/P/02/145-01/4/000088-4A,2026C1,02/145-01,DERECHO,4,A,DERECHO CONSTITUCIONAL,2026-03-17 19:55:00,2026-08-01 18:03:00,13,100.0,3,4,100.0,89.08,89.56,2,5,19,Aprobado,0
2ffe7b29c35f,3227,01/2026C1/P/02/145-01/4/000165-4A,2026C1,02/145-01,DERECHO,4,A,METODOLOGÍA DE LA INVESTIGACIÓN,2026-03-19 20:15:00,2026-08-04 18:16:00,13,92.31,2,4,75.0,55.26,76.37,4,2,20,Aprobado,0
9b024d6b5524,3000,01/2026C1/P/03/210-01/1/000066-1A,2026C1,03/210-01,INGENIERÍA DE SOFTWARE,1,A,CÁLCULO DIFERENCIAL,2026-03-17 16:30:00,2026-07-31 17:28:00,13,100.0,1,4,100.0,70.47,77.92,2,6,16,Aprobado,0
9b024d6b5524,3001,01/2026C1/P/03/210-01/1/000198-1A,2026C1,03/210-01,INGENIERÍA DE SOFTWARE,1,A,PROGRAMACIÓN I,2026-03-21 17:49:00,2026-08-01 17:24:00,13,100.0,4,4,100.0,71.4,77.81,6,5,17,Aprobado,0
9b024d6b5524,3002,01/2026C1/P/03/210-01/1/000022-1A,2026C1,03/210-01,INGENIERÍA DE SOFTWARE,1,A,BASE DE DATOS,2026-03-29 17:31:00,2026-07-30 17:17:00,13,100.0,1,4,100.0,86.49,84.92,14,7,17,Aprobado,0
9b024d6b5524,3003,01/2026C1/P/03/210-01/1/000165-1A,2026C1,03/210-01,INGENIERÍA DE SOFTWARE,1,A,METODOLOGÍA DE LA INVESTIGACIÓN,2026-04-09 15:52:00,2026-08-04 16:44:00,13,100.0,2,4,100.0,85.32,82.04,25,2,15,Aprobado,0
5ccc1c7611fd,3244,01/2026C1/P/02/145-01/2/000077-2A,2026C1,02/145-01,DERECHO,2,A,DERECHO CIVIL,2026-03-17 20:28:00,2026-07-29 20:45:00,13,100.0,1,4,100.0,96.22,96.32,2,8,20,Aprobado,0
5ccc1c7611fd,3245,01/2026C1/P/02/145-01/2/000099-2A,2026C1,02/145-01,DERECHO,2,A,DERECHO PENAL,2026-03-23 22:44:00,2026-07-30 22:52:00,13,100.0,2,4,100.0,85.58,91.0,8,7,22,Aprobado,0
5ccc1c7611fd,3246,01/2026C1/P/02/145-01/2/000088-2A,2026C1,02/145-01,DERECHO,2,A,DERECHO CONSTITUCIONAL,2026-03-15 21:12:00,2026-08-01 21:28:00,13,100.0,1,4,100.0,99.78,98.45,0,5,21,Aprobado,0
5ccc1c7611fd,3247,01/2026C1/P/02/145-01/2/000165-2A,2026C1,02/145-01,DERECHO,2,A,METODOLOGÍA DE LA INVESTIGACIÓN,2026-03-18 23:23:00,2026-08-02 23:05:00,13,100.0,1,4,100.0,90.4,94.87,3,4,23,Aprobado,0
c1a7069e3692,3140,01/2026C1/P/04/120-03/3/000143-3B,2026C1,04/120-03,ECONOMÍA,3,B,MACROECONOMÍA,2026-03-18 19:41:00,2026-08-05 19:09:00,13,100.0,3,4,100.0,86.3,86.89,3,1,19,Aprobado,0
c1a7069e3692,3141,01/2026C1/P/04/120-03/3/000176-3B,2026C1,04/120-03,ECONOMÍA,3,B,MICROECONOMÍA,2026-04-05 18:09:00,2026-08-01 16:22:00,13,92.31,3,4,100.0,68.76,72.88,21,5,18,Aprobado,0
c1a7069e3692,3142,01/2026C1/P/04/120-03/3/000110-3B,2026C1,04/120-03,ECONOMÍA,3,B,ESTADÍSTICA,2026-03-16 18:49:00,2026-08-06 17:38:00,13,92.31,0,4,100.0,87.4,82.31,1,0,18,Aprobado,0
c1a7069e3692,3143,01/2026C1/P/04/120-03/3/000165-3B,2026C1,04/120-03,ECONOMÍA,3,B,METODOLOGÍA DE LA INVESTIGACIÓN,2026-03-16 20:38:00,2026-07-30 18:10:00,13,100.0,2,4,100.0,92.25,89.65,1,7,20,Aprobado,0
40ed233210e9,3164,01/2026C1/P/01/101-01/3/000011-3B,2026C1,01/101-01,MEDICINA,3,B,ANATOMÍA HUMANA,2026-03-19 22:59:00,2026-04-23 23:02:00,13,15.38,0,4,50.0,38.74,12.55,4,105,22,Reprobado,1
40ed233210e9,3165,01/2026C1/P/01/101-01/3/000033-3B,2026C1,01/101-01,MEDICINA,3,B,BIOQUÍMICA,2026-03-17 19:28:00,2026-04-21 22:52:00,13,38.46,1,4,50.0,37.1,27.51,2,107,19,Reprobado,1
40ed233210e9,3166,01/2026C1/P/01/101-01/3/000132-3B,2026C1,01/101-01,MEDICINA,3,B,FISIOLOGÍA,2026-03-22 22:40:00,2026-04-21 20:33:00,13,30.77,0,4,75.0,64.2,26.86,7,107,22,Reprobado,1
40ed233210e9,3167,01/2026C1/P/01/101-01/3/000165-3B,2026C1,01/101-01,MEDICINA,3,B,METODOLOGÍA DE LA INVESTIGACIÓN,2026-03-17 22:24:00,2026-05-17 22:26:00,13,38.46,0,4,100.0,85.41,31.51,2,81,22,Reprobado,1
e9256bf8d387,3248,01/2026C1/P/01/188-01/1/000011-1B,2026C1,01/188-01,ENFERMERÍA,1,B,ANATOMÍA HUMANA,2026-03-21 16:09:00,2026-07-30 16:33:00,13,100.0,1,4,100.0,97.5,93.51,6,7,16,Aprobado,0
e9256bf8d387,3249,01/2026C1/P/01/188-01/1/000055-1B,2026C1,01/188-01,ENFERMERÍA,1,B,CUIDADO BÁSICO,2026-03-16 15:21:00,2026-08-05 17:00:00,13,100.0,2,4,100.0,95.08,93.26,1,1,15,Aprobado,0
e9256bf8d387,3250,01/2026C1/P/01/188-01/1/000121-1B,2026C1,01/188-01,ENFERMERÍA,1,B,FARMACOLOGÍA,2026-03-31 17:04:00,2026-08-04 16:11:00,13,100.0,2,4,100.0,97.12,95.65,16,2,17,Aprobado,0
e9256bf8d387,3251,01/2026C1/P/01/188-01/1/000165-1B,2026C1,01/188-01,ENFERMERÍA,1,B,METODOLOGÍA DE LA INVESTIGACIÓN,2026-03-24 15:46:00,2026-07-29 16:09:00,13,100.0,2,4,100.0,96.06,95.91,9,8,15,Aprobado,0
3b8bdd148bac,3056,01/2026C1/P/04/132-02/5/000044-5B,2026C1,04/132-02,CONTABILIDAD Y AUDITORÍA,5,B,CONTABILIDAD GENERAL,2026-03-18 17:50:00,2026-08-05 18:48:00,13,100.0,0,4,100.0,81.41,86.74,3,1,17,Aprobado,0
3b8bdd148bac,3057,01/2026C1/P/04/132-02/5/000154-5B,2026C1,04/132-02,CONTABILIDAD Y AUDITORÍA,5,B,MATEMÁTICA FINANCIERA,2026-03-16 17:59:00,2026-08-07 17:41:00,13,100.0,2,4,100.0,93.59,91.71,1,0,17,Aprobado,0
3b8bdd148bac,3058,01/2026C1/P/04/132-02/5/000220-5B,2026C1,04/132-02,CONTABILIDAD Y AUDITORÍA,5,B,TRIBUTACIÓN,2026-03-16 19:36:00,2026-07-30 18:43:00,13,100.0,2,4,100.0,97.07,94.17,1,7,19,Aprobado,0
3b8bdd148bac,3059,01/2026C1/P/04/132-02/5/000165-5B,2026C1,04/132-02,CONTABILIDAD Y AUDITORÍA,5,B,METODOLOGÍA DE LA INVESTIGACIÓN,2026-03-19 19:16:00,2026-07-29 18:03:00,13,100.0,3,4,100.0,97.07,96.06,4,8,19,Aprobado,0
9008b95fa5b9,3152,01/2026C1/P/03/210-01/2/000066-2B,2026C1,03/210-01,INGENIERÍA DE SOFTWARE,2,B,CÁLCULO DIFERENCIAL,2026-03-15 13:10:00,2026-05-22 14:44:00,13,38.46,1,4,100.0,82.8,33.36,0,76,13,Reprobado,1
9008b95fa5b9,3153,01/2026C1/P/03/210-01/2/000198-2B,2026C1,03/210-01,INGENIERÍA DE SOFTWARE,2,B,PROGRAMACIÓN I,2026-03-16 14:24:00,2026-06-05 14:37:00,13,61.54,1,4,100.0,87.29,50.47,1,62,14,Reprobado,1
9008b95fa5b9,3154,01/2026C1/P/03/210-01/2/000022-2B,2026C1,03/210-01,INGENIERÍA DE SOFTWARE,2,B,BASE DE DATOS,2026-03-21 12:45:00,2026-05-27 15:32:00,13,38.46,1,4,100.0,82.74,32.24,6,71,12,Reprobado,1
9008b95fa5b9,3155,01/2026C1/P/03/210-01/2/000165-2B,2026C1,03/210-01,INGENIERÍA DE SOFTWARE,2,B,METODOLOGÍA DE LA INVESTIGACIÓN,2026-03-16 12:51:00,2026-05-03 12:57:00,13,46.15,0,4,100.0,94.52,43.31,1,95,12,Reprobado,1
1960914beb94,3040,01/2026C1/P/04/132-02/1/000044-1A,2026C1,04/132-02,CONTABILIDAD Y AUDITORÍA,1,A,CONTABILIDAD GENERAL,2026-03-20 20:24:00,2026-08-05 20:42:00,13,100.0,1,4,100.0,98.0,87.99,5,1,20,Aprobado,0
1960914beb94,3041,01/2026C1/P/04/132-02/1/000154-1A,2026C1,04/132-02,CONTABILIDAD Y AUDITORÍA,1,A,MATEMÁTICA FINANCIERA,2026-03-19 19:27:00,2026-08-01 19:25:00,13,100.0,1,4,100.0,77.79,85.56,4,5,19,Aprobado,0
1960914beb94,3042,01/2026C1/P/04/132-02/1/000220-1A,2026C1,04/132-02,CONTABILIDAD Y AUDITORÍA,1,A,TRIBUTACIÓN,2026-03-19 19:11:00,2026-08-04 21:45:00,13,100.0,2,4,100.0,88.88,87.28,4,2,19,Aprobado,0
1960914beb94,3043,01/2026C1/P/04/132-02/1/000165-1A,2026C1,04/132-02,CONTABILIDAD Y AUDITORÍA,1,A,METODOLOGÍA DE LA INVESTIGACIÓN,2026-03-21 20:00:00,2026-08-06 20:21:00,13,100.0,4,4,100.0,88.26,87.16,6,0,20,Aprobado,0
97eb0dbb2ff5,3124,01/2026C1/P/01/101-01/1/000011-1A,2026C1,01/101-01,MEDICINA,1,A,ANATOMÍA HUMANA,2026-03-21 23:16:00,2026-08-05 20:38:00,13,92.31,1,4,100.0,76.45,70.34,6,1,23,Aprobado,0
97eb0dbb2ff5,3125,01/2026C1/P/01/101-01/1/000033-1A,2026C1,01/101-01,MEDICINA,1,A,BIOQUÍMICA,2026-03-15 22:48:00,2026-08-04 00:27:00,13,100.0,2,4,100.0,75.4,77.91,0,2,22,Aprobado,0
97eb0dbb2ff5,3126,01/2026C1/P/01/101-01/1/000132-1A,2026C1,01/101-01,MEDICINA,1,A,FISIOLOGÍA,2026-03-22 00:18:00,2026-08-02 00:21:00,13,92.31,1,4,100.0,70.77,70.29,7,4,0,Aprobado,0
97eb0dbb2ff5,3127,01/2026C1/P/01/101-01/1/000165-1A,2026C1,01/101-01,MEDICINA,1,A,METODOLOGÍA DE LA INVESTIGACIÓN,2026-03-29 23:59:00,2026-07-31 22:15:00,13,84.62,2,4,75.0,58.85,65.82,14,6,23,Reprobado,1
2cf90dddc5cd,3164,01/2026C1/P/01/101-01/3/000011-3B,2026C1,01/101-01,MEDICINA,3,B,ANATOMÍA HUMANA,2026-03-15 19:15:00,2026-08-02 20:48:00,13,100.0,1,4,100.0,98.73,93.07,0,4,19,Aprobado,0
2cf90dddc5cd,3165,01/2026C1/P/01/101-01/3/000033-3B,2026C1,01/101-01,MEDICINA,3,B,BIOQUÍMICA,2026-03-16 18:59:00,2026-08-03 18:06:00,13,100.0,2,4,100.0,92.32,86.26,1,3,18,Aprobado,0
2cf90dddc5cd,3166,01/2026C1/P/01/101-01/3/000132-3B,2026C1,01/101-01,MEDICINA,3,B,FISIOLOGÍA,2026-03-15 21:04:00,2026-08-03 18:39:00,13,100.0,0,4,100.0,92.91,91.09,0,3,21,Aprobado,0
2cf90dddc5cd,3167,01/2026C1/P/01/101-01/3/000165-3B,2026C1,01/101-01,MEDICINA,3,B,METODOLOGÍA DE LA INVESTIGACIÓN,2026-03-31 20:03:00,2026-08-07 20:09:00,13,100.0,2,4,100.0,94.89,96.16,16,0,20,Aprobado,0
9c871030bbcc,3012,01/2026C1/P/01/188-01/3/000011-3B,2026C1,01/188-01,ENFERMERÍA,3,B,ANATOMÍA HUMANA,2026-04-15 22:58:00,2026-08-03 20:47:00,13,92.31,3,4,75.0,49.38,63.81,31,3,22,Reprobado,1
9c871030bbcc,3013,01/2026C1/P/01/188-01/3/000055-3B,2026C1,01/188-01,ENFERMERÍA,3,B,CUIDADO BÁSICO,2026-03-17 00:12:00,2026-08-01 20:52:00,13,100.0,2,4,100.0,76.5,70.69,2,5,0,Aprobado,0
9c871030bbcc,3014,01/2026C1/P/01/188-01/3/000121-3B,2026C1,01/188-01,ENFERMERÍA,3,B,FARMACOLOGÍA,2026-03-21 20:29:00,2026-08-01 22:11:00,13,61.54,2,4,50.0,27.39,39.14,6,5,20,Reprobado,1
9c871030bbcc,3015,01/2026C1/P/01/188-01/3/000165-3B,2026C1,01/188-01,ENFERMERÍA,3,B,METODOLOGÍA DE LA INVESTIGACIÓN,2026-03-28 21:49:00,2026-08-07 21:49:00,13,92.31,4,4,100.0,73.77,62.24,13,0,21,Reprobado,1
8f12cdbd2d7c,3092,01/2026C1/P/05/167-02/1/000209-1A,2026C1,05/167-02,PSICOLOGÍA,1,A,PSICOLOGÍA GENERAL,2026-03-17 23:02:00,2026-05-14 22:37:00,13,30.77,0,4,100.0,95.22,29.46,2,84,23,Reprobado,1
8f12cdbd2d7c,3093,01/2026C1/P/05/167-02/1/000110-1A,2026C1,05/167-02,PSICOLOGÍA,1,A,ESTADÍSTICA,2026-03-15 22:04:00,2026-04-21 20:37:00,13,23.08,0,4,50.0,49.28,19.85,0,107,22,Reprobado,1
8f12cdbd2d7c,3094,01/2026C1/P/05/167-02/1/000187-1A,2026C1,05/167-02,PSICOLOGÍA,1,A,NEUROCIENCIAS,2026-03-18 21:48:00,2026-04-30 22:26:00,13,38.46,1,4,100.0,97.5,38.17,3,98,21,Reprobado,1
8f12cdbd2d7c,3095,01/2026C1/P/05/167-02/1/000165-1A,2026C1,05/167-02,PSICOLOGÍA,1,A,METODOLOGÍA DE LA INVESTIGACIÓN,2026-03-19 21:49:00,2026-05-23 21:39:00,13,53.85,1,4,100.0,99.83,51.79,4,75,21,Reprobado,1
e04a2d73a4a2,3252,01/2026C1/P/01/101-01/5/000011-5A,2026C1,01/101-01,MEDICINA,5,A,ANATOMÍA HUMANA,2026-03-17 17:14:00,2026-08-01 16:00:00,13,100.0,3,4,100.0,66.84,74.5,2,5,17,Aprobado,0
e04a2d73a4a2,3253,01/2026C1/P/01/101-01/5/000033-5A,2026C1,01/101-01,MEDICINA,5,A,BIOQUÍMICA,2026-03-23 13:42:00,2026-08-04 15:17:00,13,100.0,2,4,100.0,68.46,75.35,8,2,13,Aprobado,0
e04a2d73a4a2,3254,01/2026C1/P/01/101-01/5/000132-5A,2026C1,01/101-01,MEDICINA,5,A,FISIOLOGÍA,2026-03-15 15:30:00,2026-08-01 16:13:00,13,100.0,1,4,100.0,81.61,84.88,0,5,15,Aprobado,0
e04a2d73a4a2,3255,01/2026C1/P/01/101-01/5/000165-5A,2026C1,01/101-01,MEDICINA,5,A,METODOLOGÍA DE LA INVESTIGACIÓN,2026-03-15 16:19:00,2026-07-30 17:37:00,13,100.0,0,4,100.0,80.34,85.09,0,7,16,Aprobado,0
ee90c7ba5313,3208,01/2026C1/P/04/120-03/1/000143-1A,2026C1,04/120-03,ECONOMÍA,1,A,MACROECONOMÍA,2026-03-28 00:12:00,2026-08-07 22:50:00,13,100.0,0,4,100.0,87.23,90.39,13,0,0,Aprobado,0
ee90c7ba5313,3209,01/2026C1/P/04/120-03/1/000176-1A,2026C1,04/120-03,ECONOMÍA,1,A,MICROECONOMÍA,2026-03-20 21:15:00,2026-08-05 21:57:00,13,69.23,4,4,75.0,43.89,44.72,5,1,21,Reprobado,1
ee90c7ba5313,3210,01/2026C1/P/04/120-03/1/000110-1A,2026C1,04/120-03,ECONOMÍA,1,A,ESTADÍSTICA,2026-03-15 22:08:00,2026-07-31 22:19:00,13,100.0,2,4,100.0,88.52,80.89,0,6,22,Aprobado,0
ee90c7ba5313,3211,01/2026C1/P/04/120-03/1/000165-1A,2026C1,04/120-03,ECONOMÍA,1,A,METODOLOGÍA DE LA INVESTIGACIÓN,2026-03-24 23:09:00,2026-07-30 22:04:00,13,100.0,1,4,100.0,85.32,90.38,9,7,23,Aprobado,0
56dbb828e3c8,3148,01/2026C1/P/03/210-01/5/000066-5A,2026C1,03/210-01,INGENIERÍA DE SOFTWARE,5,A,CÁLCULO DIFERENCIAL,2026-03-19 18:54:00,2026-07-29 20:45:00,13,100.0,1,4,100.0,85.7,89.26,4,8,18,Aprobado,0
56dbb828e3c8,3149,01/2026C1/P/03/210-01/5/000198-5A,2026C1,03/210-01,INGENIERÍA DE SOFTWARE,5,A,PROGRAMACIÓN I,2026-03-15 21:09:00,2026-08-04 19:39:00,13,100.0,1,4,100.0,82.48,85.05,0,2,21,Aprobado,0
56dbb828e3c8,3150,01/2026C1/P/03/210-01/5/000022-5A,2026C1,03/210-01,INGENIERÍA DE SOFTWARE,5,A,BASE DE DATOS,2026-03-16 18:25:00,2026-08-07 19:28:00,13,100.0,2,4,100.0,86.15,84.59,1,0,18,Aprobado,0
56dbb828e3c8,3151,01/2026C1/P/03/210-01/5/000165-5A,2026C1,03/210-01,INGENIERÍA DE SOFTWARE,5,A,METODOLOGÍA DE LA INVESTIGACIÓN,2026-03-18 18:00:00,2026-08-07 18:22:00,13,100.0,1,4,100.0,93.91,90.18,3,0,18,Aprobado,0
284e4ecd7942,3216,01/2026C1/P/03/210-01/4/000066-4A,2026C1,03/210-01,INGENIERÍA DE SOFTWARE,4,A,CÁLCULO DIFERENCIAL,2026-03-19 21:12:00,2026-08-02 20:54:00,13,92.31,2,4,100.0,74.46,64.71,4,4,21,Reprobado,1
284e4ecd7942,3217,01/2026C1/P/03/210-01/4/000198-4A,2026C1,03/210-01,INGENIERÍA DE SOFTWARE,4,A,PROGRAMACIÓN I,2026-03-28 20:40:00,2026-08-05 20:50:00,13,76.92,0,4,75.0,57.4,55.1,13,1,20,Reprobado,1
284e4ecd7942,3218,01/2026C1/P/03/210-01/4/000022-4A,2026C1,03/210-01,INGENIERÍA DE SOFTWARE,4,A,BASE DE DATOS,2026-04-15 18:54:00,2026-08-02 20:24:00,13,92.31,3,4,100.0,78.56,81.46,31,4,18,Aprobado,0
284e4ecd7942,3219,01/2026C1/P/03/210-01/4/000165-4A,2026C1,03/210-01,INGENIERÍA DE SOFTWARE,4,A,METODOLOGÍA DE LA INVESTIGACIÓN,2026-03-15 20:08:00,2026-08-05 21:23:00,13,100.0,3,4,100.0,70.18,76.02,0,1,20,Aprobado,0
f53bfd2c5065,3256,01/2026C1/P/02/145-01/3/000077-3A,2026C1,02/145-01,DERECHO,3,A,DERECHO CIVIL,2026-03-22 21:33:00,2026-08-06 17:58:00,13,100.0,0,4,100.0,86.46,89.63,7,0,21,Aprobado,0
f53bfd2c5065,3257,01/2026C1/P/02/145-01/3/000099-3A,2026C1,02/145-01,DERECHO,3,A,DERECHO PENAL,2026-03-19 19:30:00,2026-08-05 21:47:00,13,100.0,1,4,100.0,81.4,89.32,4,1,19,Aprobado,0
f53bfd2c5065,3258,01/2026C1/P/02/145-01/3/000088-3A,2026C1,02/145-01,DERECHO,3,A,DERECHO CONSTITUCIONAL,2026-03-17 20:00:00,2026-07-30 21:13:00,13,100.0,2,4,100.0,82.21,82.16,2,7,20,Aprobado,0
f53bfd2c5065,3259,01/2026C1/P/02/145-01/3/000165-3A,2026C1,02/145-01,DERECHO,3,A,METODOLOGÍA DE LA INVESTIGACIÓN,2026-03-20 19:51:00,2026-07-31 18:24:00,13,92.31,1,4,100.0,91.58,82.34,5,6,19,Aprobado,0
2e087ea4be40,3064,01/2026C1/P/03/210-01/2/000066-2A,2026C1,03/210-01,INGENIERÍA DE SOFTWARE,2,A,CÁLCULO DIFERENCIAL,2026-03-28 00:01:00,2026-07-31 00:05:00,13,84.62,2,4,100.0,68.7,57.59,13,6,0,Reprobado,1
2e087ea4be40,3065,01/2026C1/P/03/210-01/2/000198-2A,2026C1,03/210-01,INGENIERÍA DE SOFTWARE,2,A,PROGRAMACIÓN I,2026-03-20 01:30:00,2026-08-02 23:45:00,13,100.0,4,4,100.0,71.33,77.7,5,4,1,Aprobado,0
2e087ea4be40,3066,01/2026C1/P/03/210-01/2/000022-2A,2026C1,03/210-01,INGENIERÍA DE SOFTWARE,2,A,BASE DE DATOS,2026-03-19 23:24:00,2026-08-01 01:03:00,13,100.0,5,4,100.0,73.26,77.76,4,5,23,Aprobado,0
2e087ea4be40,3067,01/2026C1/P/03/210-01/2/000165-2A,2026C1,03/210-01,INGENIERÍA DE SOFTWARE,2,A,METODOLOGÍA DE LA INVESTIGACIÓN,2026-03-20 01:25:00,2026-08-07 23:28:00,13,100.0,2,4,100.0,84.5,83.21,5,0,1,Aprobado,0
0686a2a691f0,3084,01/2026C1/P/04/120-03/2/000143-2A,2026C1,04/120-03,ECONOMÍA,2,A,MACROECONOMÍA,2026-04-08 19:28:00,2026-08-06 16:57:00,13,100.0,2,4,100.0,70.71,78.41,24,0,19,Aprobado,0
0686a2a691f0,3085,01/2026C1/P/04/120-03/2/000176-2A,2026C1,04/120-03,ECONOMÍA,2,A,MICROECONOMÍA,2026-03-18 19:36:00,2026-07-31 18:40:00,13,100.0,0,4,100.0,85.29,93.58,3,6,19,Aprobado,0
0686a2a691f0,3086,01/2026C1/P/04/120-03/2/000110-2A,2026C1,04/120-03,ECONOMÍA,2,A,ESTADÍSTICA,2026-03-21 21:12:00,2026-08-04 19:50:00,13,100.0,3,4,100.0,78.76,83.24,6,2,21,Aprobado,0
0686a2a691f0,3087,01/2026C1/P/04/120-03/2/000165-2A,2026C1,04/120-03,ECONOMÍA,2,A,METODOLOGÍA DE LA INVESTIGACIÓN,2026-03-16 20:36:00,2026-08-03 20:35:00,13,84.62,2,4,75.0,64.39,70.73,1,3,20,Aprobado,0
ffed274d6323,3260,01/2026C1/P/05/167-02/3/000209-3A,2026C1,05/167-02,PSICOLOGÍA,3,A,PSICOLOGÍA GENERAL,2026-03-15 20:14:00,2026-07-30 19:16:00,13,100.0,1,4,100.0,91.82,89.08,0,7,20,Aprobado,0
ffed274d6323,3261,01/2026C1/P/05/167-02/3/000110-3A,2026C1,05/167-02,PSICOLOGÍA,3,A,ESTADÍSTICA,2026-03-16 21:29:00,2026-08-02 21:18:00,13,100.0,0,4,100.0,99.01,94.21,1,4,21,Aprobado,0
ffed274d6323,3262,01/2026C1/P/05/167-02/3/000187-3A,2026C1,05/167-02,PSICOLOGÍA,3,A,NEUROCIENCIAS,2026-03-15 20:59:00,2026-08-01 20:45:00,13,100.0,0,4,100.0,96.46,96.56,0,5,20,Aprobado,0
ffed274d6323,3263,01/2026C1/P/05/167-02/3/000165-3A,2026C1,05/167-02,PSICOLOGÍA,3,A,METODOLOGÍA DE LA INVESTIGACIÓN,2026-03-17 20:20:00,2026-08-02 20:25:00,13,100.0,3,4,100.0,89.88,82.86,2,4,20,Aprobado,0
553e2eb1246d,3008,01/2026C1/P/01/101-01/2/000011-2B,2026C1,01/101-01,MEDICINA,2,B,ANATOMÍA HUMANA,2026-03-20 19:50:00,2026-08-05 20:14:00,13,100.0,1,4,100.0,81.39,80.19,5,1,19,Aprobado,0
553e2eb1246d,3009,01/2026C1/P/01/101-01/2/000033-2B,2026C1,01/101-01,MEDICINA,2,B,BIOQUÍMICA,2026-03-16 19:58:00,2026-08-05 21:01:00,13,92.31,0,4,75.0,66.04,73.06,1,1,19,Aprobado,0
553e2eb1246d,3010,01/2026C1/P/01/101-01/2/000132-2B,2026C1,01/101-01,MEDICINA,2,B,FISIOLOGÍA,2026-03-19 19:42:00,2026-08-01 19:30:00,13,100.0,2,4,100.0,76.39,83.73,4,5,19,Aprobado,0
553e2eb1246d,3011,01/2026C1/P/01/101-01/2/000165-2B,2026C1,01/101-01,MEDICINA,2,B,METODOLOGÍA DE LA INVESTIGACIÓN,2026-03-26 20:08:00,2026-08-03 17:44:00,13,84.62,2,4,100.0,81.28,68.28,11,3,20,Reprobado,1
756b2608ef71,3264,01/2026C1/P/04/132-02/5/000044-5A,2026C1,04/132-02,CONTABILIDAD Y AUDITORÍA,5,A,CONTABILIDAD GENERAL,2026-03-15 21:36:00,2026-08-06 21:11:00,13,100.0,1,4,100.0,85.35,88.48,0,0,21,Aprobado,0
756b2608ef71,3265,01/2026C1/P/04/132-02/5/000154-5A,2026C1,04/132-02,CONTABILIDAD Y AUDITORÍA,5,A,MATEMÁTICA FINANCIERA,2026-03-21 22:33:00,2026-08-02 20:59:00,13,100.0,1,4,100.0,74.19,82.15,6,4,22,Aprobado,0
756b2608ef71,3266,01/2026C1/P/04/132-02/5/000220-5A,2026C1,04/132-02,CONTABILIDAD Y AUDITORÍA,5,A,TRIBUTACIÓN,2026-03-18 20:49:00,2026-08-06 20:44:00,13,100.0,4,4,100.0,68.56,73.19,3,0,20,Aprobado,0
756b2608ef71,3267,01/2026C1/P/04/132-02/5/000165-5A,2026C1,04/132-02,CONTABILIDAD Y AUDITORÍA,5,A,METODOLOGÍA DE LA INVESTIGACIÓN,2026-03-27 21:57:00,2026-08-04 21:00:00,13,92.31,3,4,75.0,59.48,73.77,12,2,21,Aprobado,0
58bde45b4c21,3256,01/2026C1/P/02/145-01/3/000077-3A,2026C1,02/145-01,DERECHO,3,A,DERECHO CIVIL,2026-03-17 17:16:00,2026-07-31 17:13:00,13,100.0,0,4,100.0,85.01,89.93,2,6,17,Aprobado,0
58bde45b4c21,3257,01/2026C1/P/02/145-01/3/000099-3A,2026C1,02/145-01,DERECHO,3,A,DERECHO PENAL,2026-03-16 16:51:00,2026-08-01 18:18:00,13,100.0,1,4,100.0,84.99,91.01,1,5,16,Aprobado,0
58bde45b4c21,3258,01/2026C1/P/02/145-01/3/000088-3A,2026C1,02/145-01,DERECHO,3,A,DERECHO CONSTITUCIONAL,2026-03-15 17:52:00,2026-07-29 17:34:00,13,100.0,1,4,100.0,96.41,93.56,0,8,17,Aprobado,0
58bde45b4c21,3259,01/2026C1/P/02/145-01/3/000165-3A,2026C1,02/145-01,DERECHO,3,A,METODOLOGÍA DE LA INVESTIGACIÓN,2026-03-16 17:50:00,2026-08-01 18:16:00,13,100.0,2,4,100.0,91.65,86.2,1,5,17,Aprobado,0
bf37216573f6,3232,01/2026C1/P/01/101-01/2/000011-2A,2026C1,01/101-01,MEDICINA,2,A,ANATOMÍA HUMANA,2026-03-26 21:31:00,2026-08-02 21:15:00,13,53.85,2,4,50.0,32.12,32.48,11,4,21,Reprobado,1
bf37216573f6,3233,01/2026C1/P/01/101-01/2/000033-2A,2026C1,01/101-01,MEDICINA,2,A,BIOQUÍMICA,2026-03-22 21:32:00,2026-08-07 22:28:00,13,84.62,0,4,75.0,53.22,63.12,7,0,21,Reprobado,1
bf37216573f6,3234,01/2026C1/P/01/101-01/2/000132-2A,2026C1,01/101-01,MEDICINA,2,A,FISIOLOGÍA,2026-03-16 22:30:00,2026-08-06 22:21:00,13,100.0,4,4,100.0,70.49,69.74,1,0,22,Reprobado,1
bf37216573f6,3235,01/2026C1/P/01/101-01/2/000165-2A,2026C1,01/101-01,MEDICINA,2,A,METODOLOGÍA DE LA INVESTIGACIÓN,2026-03-22 21:16:00,2026-07-31 21:36:00,13,61.54,0,4,50.0,32.53,44.11,7,6,21,Reprobado,1
0124b01ca8b2,3052,01/2026C1/P/04/132-02/2/000044-2A,2026C1,04/132-02,CONTABILIDAD Y AUDITORÍA,2,A,CONTABILIDAD GENERAL,2026-03-24 19:52:00,2026-08-05 19:17:00,13,100.0,3,4,100.0,88.82,93.65,9,1,19,Aprobado,0
0124b01ca8b2,3053,01/2026C1/P/04/132-02/2/000154-2A,2026C1,04/132-02,CONTABILIDAD Y AUDITORÍA,2,A,MATEMÁTICA FINANCIERA,2026-03-21 21:02:00,2026-08-06 21:25:00,13,100.0,2,4,100.0,89.27,87.51,6,0,21,Aprobado,0
0124b01ca8b2,3054,01/2026C1/P/04/132-02/2/000220-2A,2026C1,04/132-02,CONTABILIDAD Y AUDITORÍA,2,A,TRIBUTACIÓN,2026-03-16 19:32:00,2026-08-01 18:52:00,13,100.0,1,4,100.0,78.93,81.46,1,5,19,Aprobado,0
0124b01ca8b2,3055,01/2026C1/P/04/132-02/2/000165-2A,2026C1,04/132-02,CONTABILIDAD Y AUDITORÍA,2,A,METODOLOGÍA DE LA INVESTIGACIÓN,2026-03-22 20:08:00,2026-08-05 18:46:00,13,100.0,0,4,100.0,94.78,92.86,7,1,20,Aprobado,0
9c16fdb8bd31,3152,01/2026C1/P/03/210-01/2/000066-2B,2026C1,03/210-01,INGENIERÍA DE SOFTWARE,2,B,CÁLCULO DIFERENCIAL,2026-04-05 01:01:00,2026-08-07 21:59:00,13,100.0,4,4,100.0,68.78,67.15,21,0,1,Reprobado,1
9c16fdb8bd31,3153,01/2026C1/P/03/210-01/2/000198-2B,2026C1,03/210-01,INGENIERÍA DE SOFTWARE,2,B,PROGRAMACIÓN I,2026-04-02 23:59:00,2026-08-02 23:15:00,13,84.62,4,4,100.0,57.12,57.67,18,4,23,Reprobado,1
9c16fdb8bd31,3154,01/2026C1/P/03/210-01/2/000022-2B,2026C1,03/210-01,INGENIERÍA DE SOFTWARE,2,B,BASE DE DATOS,2026-03-17 00:16:00,2026-08-07 01:05:00,13,69.23,0,4,50.0,30.43,50.01,2,0,0,Reprobado,1
9c16fdb8bd31,3155,01/2026C1/P/03/210-01/2/000165-2B,2026C1,03/210-01,INGENIERÍA DE SOFTWARE,2,B,METODOLOGÍA DE LA INVESTIGACIÓN,2026-04-16 21:56:00,2026-08-05 02:11:00,13,46.15,3,4,50.0,33.05,28.99,32,1,21,Reprobado,1
71000fae1ddb,3172,01/2026C1/P/01/188-01/5/000011-5A,2026C1,01/188-01,ENFERMERÍA,5,A,ANATOMÍA HUMANA,2026-03-21 00:18:00,2026-07-30 23:03:00,13,100.0,3,4,100.0,62.93,71.8,6,7,0,Aprobado,0
71000fae1ddb,3173,01/2026C1/P/01/188-01/5/000055-5A,2026C1,01/188-01,ENFERMERÍA,5,A,CUIDADO BÁSICO,2026-03-18 23:45:00,2026-08-05 00:08:00,13,100.0,0,4,100.0,82.5,86.34,3,1,23,Aprobado,0
71000fae1ddb,3174,01/2026C1/P/01/188-01/5/000121-5A,2026C1,01/188-01,ENFERMERÍA,5,A,FARMACOLOGÍA,2026-03-19 00:56:00,2026-08-02 23:51:00,13,100.0,1,4,100.0,80.75,77.43,4,4,0,Aprobado,0
71000fae1ddb,3175,01/2026C1/P/01/188-01/5/000165-5A,2026C1,01/188-01,ENFERMERÍA,5,A,METODOLOGÍA DE LA INVESTIGACIÓN,2026-03-16 00:51:00,2026-07-30 00:20:00,13,100.0,2,4,100.0,88.73,84.32,1,7,0,Aprobado,0
25cdba1293b8,3044,01/2026C1/P/01/101-01/1/000011-1B,2026C1,01/101-01,MEDICINA,1,B,ANATOMÍA HUMANA,2026-03-25 10:53:00,2026-08-03 11:35:00,13,100.0,0,4,100.0,91.12,94.54,10,3,10,Aprobado,0
25cdba1293b8,3045,01/2026C1/P/01/101-01/1/000033-1B,2026C1,01/101-01,MEDICINA,1,B,BIOQUÍMICA,2026-03-24 10:14:00,2026-07-30 10:55:00,13,100.0,1,4,100.0,92.86,93.91,9,7,10,Aprobado,0
25cdba1293b8,3046,01/2026C1/P/01/101-01/1/000132-1B,2026C1,01/101-01,MEDICINA,1,B,FISIOLOGÍA,2026-03-19 11:38:00,2026-08-02 11:42:00,13,100.0,0,4,100.0,96.7,97.35,4,4,11,Aprobado,0
25cdba1293b8,3047,01/2026C1/P/01/101-01/1/000165-1B,2026C1,01/101-01,MEDICINA,1,B,METODOLOGÍA DE LA INVESTIGACIÓN,2026-03-17 11:31:00,2026-08-03 12:25:00,13,100.0,0,4,100.0,95.96,96.67,2,3,11,Aprobado,0
7322817cde22,3108,01/2026C1/P/05/167-02/3/000209-3B,2026C1,05/167-02,PSICOLOGÍA,3,B,PSICOLOGÍA GENERAL,2026-03-19 14:22:00,2026-08-06 13:09:00,13,100.0,1,4,100.0,92.46,90.33,4,0,14,Aprobado,0
7322817cde22,3109,01/2026C1/P/05/167-02/3/000110-3B,2026C1,05/167-02,PSICOLOGÍA,3,B,ESTADÍSTICA,2026-04-19 13:26:00,2026-08-02 12:54:00,13,92.31,3,4,100.0,64.14,68.99,35,4,13,Reprobado,1
7322817cde22,3110,01/2026C1/P/05/167-02/3/000187-3B,2026C1,05/167-02,PSICOLOGÍA,3,B,NEUROCIENCIAS,2026-03-16 16:30:00,2026-08-03 13:40:00,13,100.0,1,4,100.0,93.68,91.4,1,3,16,Aprobado,0
7322817cde22,3111,01/2026C1/P/05/167-02/3/000165-3B,2026C1,05/167-02,PSICOLOGÍA,3,B,METODOLOGÍA DE LA INVESTIGACIÓN,2026-03-17 13:01:00,2026-08-01 12:50:00,13,100.0,2,4,100.0,94.82,92.04,2,5,13,Aprobado,0
569f86cf9434,3188,01/2026C1/P/02/145-01/5/000077-5A,2026C1,02/145-01,DERECHO,5,A,DERECHO CIVIL,2026-03-23 19:07:00,2026-07-31 17:24:00,13,100.0,1,4,100.0,92.3,84.53,8,6,19,Aprobado,0
569f86cf9434,3189,01/2026C1/P/02/145-01/5/000099-5A,2026C1,02/145-01,DERECHO,5,A,DERECHO PENAL,2026-03-16 18:12:00,2026-08-06 16:43:00,13,100.0,0,4,100.0,82.68,86.59,1,0,18,Aprobado,0
569f86cf9434,3190,01/2026C1/P/02/145-01/5/000088-5A,2026C1,02/145-01,DERECHO,5,A,DERECHO CONSTITUCIONAL,2026-03-16 18:50:00,2026-08-06 19:02:00,13,100.0,0,4,100.0,83.08,85.51,1,0,18,Aprobado,0
569f86cf9434,3191,01/2026C1/P/02/145-01/5/000165-5A,2026C1,02/145-01,DERECHO,5,A,METODOLOGÍA DE LA INVESTIGACIÓN,2026-03-16 18:37:00,2026-08-06 19:38:00,13,92.31,2,4,75.0,63.67,78.39,1,0,18,Aprobado,0
5cdf466f9ea2,3144,01/2026C1/P/04/120-03/1/000143-1B,2026C1,04/120-03,ECONOMÍA,1,B,MACROECONOMÍA,2026-03-15 17:38:00,2026-08-04 20:37:00,13,76.92,4,4,75.0,47.26,49.94,0,2,17,Reprobado,1
5cdf466f9ea2,3145,01/2026C1/P/04/120-03/1/000176-1B,2026C1,04/120-03,ECONOMÍA,1,B,MICROECONOMÍA,2026-03-18 18:43:00,2026-08-01 18:29:00,13,76.92,2,4,75.0,58.7,64.02,3,5,18,Reprobado,1
5cdf466f9ea2,3146,01/2026C1/P/04/120-03/1/000110-1B,2026C1,04/120-03,ECONOMÍA,1,B,ESTADÍSTICA,2026-03-18 17:21:00,2026-08-02 16:23:00,13,69.23,2,4,50.0,41.74,52.08,3,4,17,Reprobado,1
5cdf466f9ea2,3147,01/2026C1/P/04/120-03/1/000165-1B,2026C1,04/120-03,ECONOMÍA,1,B,METODOLOGÍA DE LA INVESTIGACIÓN,2026-03-23 15:32:00,2026-08-05 18:16:00,13,76.92,4,4,75.0,53.44,53.98,8,1,15,Reprobado,1
f6867332999f,3232,01/2026C1/P/01/101-01/2/000011-2A,2026C1,01/101-01,MEDICINA,2,A,ANATOMÍA HUMANA,2026-03-20 00:12:00,2026-08-05 23:54:00,13,92.31,2,4,100.0,73.16,66.22,5,1,0,Reprobado,1
f6867332999f,3233,01/2026C1/P/01/101-01/2/000033-2A,2026C1,01/101-01,MEDICINA,2,A,BIOQUÍMICA,2026-03-15 23:51:00,2026-08-03 23:28:00,13,100.0,2,4,100.0,69.32,74.87,0,3,23,Aprobado,0
f6867332999f,3234,01/2026C1/P/01/101-01/2/000132-2A,2026C1,01/101-01,MEDICINA,2,A,FISIOLOGÍA,2026-03-18 00:53:00,2026-08-03 23:11:00,13,100.0,0,4,100.0,90.39,88.69,3,3,0,Aprobado,0
f6867332999f,3235,01/2026C1/P/01/101-01/2/000165-2A,2026C1,01/101-01,MEDICINA,2,A,METODOLOGÍA DE LA INVESTIGACIÓN,2026-03-17 00:05:00,2026-07-30 00:54:00,13,92.31,2,4,100.0,79.71,79.49,2,7,0,Aprobado,0
112bf5f2c096,3060,01/2026C1/P/05/167-02/5/000209-5B,2026C1,05/167-02,PSICOLOGÍA,5,B,PSICOLOGÍA GENERAL,2026-03-25 00:56:00,2026-06-11 23:50:00,13,61.54,5,4,100.0,69.83,43.62,10,56,0,Reprobado,1
112bf5f2c096,3061,01/2026C1/P/05/167-02/5/000110-5B,2026C1,05/167-02,PSICOLOGÍA,5,B,ESTADÍSTICA,2026-03-29 22:08:00,2026-04-28 22:39:00,13,15.38,0,4,50.0,39.03,12.12,14,100,22,Reprobado,1
112bf5f2c096,3062,01/2026C1/P/05/167-02/5/000187-5B,2026C1,05/167-02,PSICOLOGÍA,5,B,NEUROCIENCIAS,2026-03-23 00:11:00,2026-06-02 23:12:00,13,53.85,2,4,100.0,75.21,37.1,8,65,0,Reprobado,1
112bf5f2c096,3063,01/2026C1/P/05/167-02/5/000165-5B,2026C1,05/167-02,PSICOLOGÍA,5,B,METODOLOGÍA DE LA INVESTIGACIÓN,2026-03-28 22:22:00,2026-05-03 22:43:00,13,23.08,0,4,75.0,51.15,15.89,13,95,22,Reprobado,1
3ab088e9fe90,3036,01/2026C1/P/03/210-01/3/000066-3B,2026C1,03/210-01,INGENIERÍA DE SOFTWARE,3,B,CÁLCULO DIFERENCIAL,2026-03-26 19:43:00,2026-07-29 18:54:00,13,100.0,2,4,100.0,79.85,76.16,11,8,19,Aprobado,0
3ab088e9fe90,3037,01/2026C1/P/03/210-01/3/000198-3B,2026C1,03/210-01,INGENIERÍA DE SOFTWARE,3,B,PROGRAMACIÓN I,2026-03-18 18:26:00,2026-07-31 20:09:00,13,100.0,2,4,100.0,86.9,86.68,3,6,18,Aprobado,0
3ab088e9fe90,3038,01/2026C1/P/03/210-01/3/000022-3B,2026C1,03/210-01,INGENIERÍA DE SOFTWARE,3,B,BASE DE DATOS,2026-03-19 18:24:00,2026-08-05 19:00:00,13,92.31,0,4,100.0,99.59,84.82,4,1,18,Aprobado,0
3ab088e9fe90,3039,01/2026C1/P/03/210-01/3/000165-3B,2026C1,03/210-01,INGENIERÍA DE SOFTWARE,3,B,METODOLOGÍA DE LA INVESTIGACIÓN,2026-03-16 21:02:00,2026-08-03 20:45:00,13,100.0,0,4,100.0,98.84,95.13,1,3,21,Aprobado,0
e9267f86f914,3212,01/2026C1/P/03/210-01/1/000066-1B,2026C1,03/210-01,INGENIERÍA DE SOFTWARE,1,B,CÁLCULO DIFERENCIAL,2026-03-19 20:24:00,2026-04-23 19:36:00,13,23.08,0,4,50.0,42.92,19.86,4,105,20,Reprobado,1
e9267f86f914,3213,01/2026C1/P/03/210-01/1/000198-1B,2026C1,03/210-01,INGENIERÍA DE SOFTWARE,1,B,PROGRAMACIÓN I,2026-03-16 18:48:00,2026-06-05 19:27:00,13,61.54,2,4,100.0,70.76,43.27,1,62,18,Reprobado,1
e9267f86f914,3214,01/2026C1/P/03/210-01/1/000022-1B,2026C1,03/210-01,INGENIERÍA DE SOFTWARE,1,B,BASE DE DATOS,2026-03-16 21:40:00,2026-06-03 19:41:00,13,53.85,2,4,100.0,72.1,42.12,1,64,21,Reprobado,1
e9267f86f914,3215,01/2026C1/P/03/210-01/1/000165-1B,2026C1,03/210-01,INGENIERÍA DE SOFTWARE,1,B,METODOLOGÍA DE LA INVESTIGACIÓN,2026-03-17 18:54:00,2026-05-12 18:46:00,13,30.77,1,4,100.0,79.99,23.58,2,86,18,Reprobado,1
7ec3856a6ae7,3088,01/2026C1/P/04/132-02/1/000044-1B,2026C1,04/132-02,CONTABILIDAD Y AUDITORÍA,1,B,CONTABILIDAD GENERAL,2026-03-26 21:18:00,2026-08-07 23:59:00,13,84.62,2,4,100.0,75.57,71.08,11,0,21,Aprobado,0
7ec3856a6ae7,3089,01/2026C1/P/04/132-02/1/000154-1B,2026C1,04/132-02,CONTABILIDAD Y AUDITORÍA,1,B,MATEMÁTICA FINANCIERA,2026-03-17 22:17:00,2026-07-31 01:33:00,13,76.92,3,4,75.0,41.02,52.83,2,6,22,Reprobado,1
7ec3856a6ae7,3090,01/2026C1/P/04/132-02/1/000220-1B,2026C1,04/132-02,CONTABILIDAD Y AUDITORÍA,1,B,TRIBUTACIÓN,2026-03-31 23:24:00,2026-08-05 23:47:00,13,92.31,3,4,100.0,78.56,75.34,16,1,23,Aprobado,0
7ec3856a6ae7,3091,01/2026C1/P/04/132-02/1/000165-1B,2026C1,04/132-02,CONTABILIDAD Y AUDITORÍA,1,B,METODOLOGÍA DE LA INVESTIGACIÓN,2026-03-15 20:56:00,2026-08-01 23:43:00,13,84.62,2,4,75.0,51.36,58.48,0,5,20,Reprobado,1
76ba835d4898,3080,01/2026C1/P/04/132-02/4/000044-4A,2026C1,04/132-02,CONTABILIDAD Y AUDITORÍA,4,A,CONTABILIDAD GENERAL,2026-03-20 21:11:00,2026-07-30 18:22:00,13,100.0,2,4,100.0,92.1,93.9,5,7,21,Aprobado,0
76ba835d4898,3081,01/2026C1/P/04/132-02/4/000154-4A,2026C1,04/132-02,CONTABILIDAD Y AUDITORÍA,4,A,MATEMÁTICA FINANCIERA,2026-03-15 21:18:00,2026-08-02 20:31:00,13,100.0,0,4,100.0,86.36,85.76,0,4,21,Aprobado,0
76ba835d4898,3082,01/2026C1/P/04/132-02/4/000220-4A,2026C1,04/132-02,CONTABILIDAD Y AUDITORÍA,4,A,TRIBUTACIÓN,2026-03-19 20:46:00,2026-08-01 21:12:00,13,100.0,0,4,100.0,95.58,93.78,4,5,20,Aprobado,0
76ba835d4898,3083,01/2026C1/P/04/132-02/4/000165-4A,2026C1,04/132-02,CONTABILIDAD Y AUDITORÍA,4,A,METODOLOGÍA DE LA INVESTIGACIÓN,2026-03-17 21:03:00,2026-07-30 20:38:00,13,100.0,0,4,100.0,88.43,87.47,2,7,21,Aprobado,0
bb18f83d1e72,3004,01/2026C1/P/04/132-02/3/000044-3A,2026C1,04/132-02,CONTABILIDAD Y AUDITORÍA,3,A,CONTABILIDAD GENERAL,2026-03-16 17:24:00,2026-08-06 18:53:00,13,100.0,2,4,100.0,93.21,90.14,1,0,17,Aprobado,0
bb18f83d1e72,3005,01/2026C1/P/04/132-02/3/000154-3A,2026C1,04/132-02,CONTABILIDAD Y AUDITORÍA,3,A,MATEMÁTICA FINANCIERA,2026-03-21 18:33:00,2026-08-06 17:18:00,13,100.0,0,4,100.0,89.92,91.87,6,0,18,Aprobado,0
bb18f83d1e72,3006,01/2026C1/P/04/132-02/3/000220-3A,2026C1,04/132-02,CONTABILIDAD Y AUDITORÍA,3,A,TRIBUTACIÓN,2026-03-15 18:51:00,2026-08-04 17:31:00,13,100.0,4,4,100.0,92.72,91.28,0,2,18,Aprobado,0
bb18f83d1e72,3007,01/2026C1/P/04/132-02/3/000165-3A,2026C1,04/132-02,CONTABILIDAD Y AUDITORÍA,3,A,METODOLOGÍA DE LA INVESTIGACIÓN,2026-03-18 18:30:00,2026-07-29 17:55:00,13,100.0,1,4,100.0,89.57,87.14,3,8,18,Aprobado,0
0ba545aeef20,3080,01/2026C1/P/04/132-02/4/000044-4A,2026C1,04/132-02,CONTABILIDAD Y AUDITORÍA,4,A,CONTABILIDAD GENERAL,2026-03-15 17:40:00,2026-07-31 16:55:00,13,100.0,2,4,100.0,84.7,89.81,0,6,17,Aprobado,0
0ba545aeef20,3081,01/2026C1/P/04/132-02/4/000154-4A,2026C1,04/132-02,CONTABILIDAD Y AUDITORÍA,4,A,MATEMÁTICA FINANCIERA,2026-04-23 15:11:00,2026-07-30 18:02:00,13,69.23,0,4,50.0,36.09,53.47,39,7,15,Reprobado,1
0ba545aeef20,3082,01/2026C1/P/04/132-02/4/000220-4A,2026C1,04/132-02,CONTABILIDAD Y AUDITORÍA,4,A,TRIBUTACIÓN,2026-03-20 15:56:00,2026-08-01 17:56:00,13,100.0,1,4,100.0,78.32,80.93,5,5,15,Aprobado,0
0ba545aeef20,3083,01/2026C1/P/04/132-02/4/000165-4A,2026C1,04/132-02,CONTABILIDAD Y AUDITORÍA,4,A,METODOLOGÍA DE LA INVESTIGACIÓN,2026-03-21 15:53:00,2026-07-30 17:05:00,13,100.0,2,4,100.0,93.08,88.32,6,7,15,Aprobado,0
a415568f8774,3256,01/2026C1/P/02/145-01/3/000077-3A,2026C1,02/145-01,DERECHO,3,A,DERECHO CIVIL,2026-03-21 15:34:00,2026-07-30 14:01:00,13,100.0,0,4,100.0,95.31,95.65,6,7,15,Aprobado,0
a415568f8774,3257,01/2026C1/P/02/145-01/3/000099-3A,2026C1,02/145-01,DERECHO,3,A,DERECHO PENAL,2026-03-15 15:32:00,2026-07-29 15:58:00,13,100.0,0,4,100.0,90.65,91.08,0,8,15,Aprobado,0
a415568f8774,3258,01/2026C1/P/02/145-01/3/000088-3A,2026C1,02/145-01,DERECHO,3,A,DERECHO CONSTITUCIONAL,2026-03-20 13:42:00,2026-08-03 14:56:00,13,100.0,0,4,100.0,96.64,97.43,5,3,13,Aprobado,0
a415568f8774,3259,01/2026C1/P/02/145-01/3/000165-3A,2026C1,02/145-01,DERECHO,3,A,METODOLOGÍA DE LA INVESTIGACIÓN,2026-03-17 14:12:00,2026-08-04 12:07:00,13,100.0,1,4,100.0,94.41,89.52,2,2,14,Aprobado,0
57cc11081c9f,3268,01/2026C1/P/01/188-01/4/000011-4B,2026C1,01/188-01,ENFERMERÍA,4,B,ANATOMÍA HUMANA,2026-03-19 18:03:00,2026-08-07 21:00:00,13,100.0,2,4,100.0,79.4,76.07,4,0,18,Aprobado,0
57cc11081c9f,3269,01/2026C1/P/01/188-01/4/000055-4B,2026C1,01/188-01,ENFERMERÍA,4,B,CUIDADO BÁSICO,2026-03-29 20:52:00,2026-08-06 20:35:00,13,76.92,4,4,75.0,57.55,58.39,14,0,20,Reprobado,1
57cc11081c9f,3270,01/2026C1/P/01/188-01/4/000121-4B,2026C1,01/188-01,ENFERMERÍA,4,B,FARMACOLOGÍA,2026-03-16 19:18:00,2026-08-03 20:20:00,13,100.0,3,4,100.0,84.48,80.09,1,3,19,Aprobado,0
57cc11081c9f,3271,01/2026C1/P/01/188-01/4/000165-4B,2026C1,01/188-01,ENFERMERÍA,4,B,METODOLOGÍA DE LA INVESTIGACIÓN,2026-03-21 19:20:00,2026-08-01 19:21:00,13,84.62,0,4,100.0,76.15,65.27,6,5,19,Reprobado,1
256dfb3b9bd1,3112,01/2026C1/P/02/145-01/4/000077-4B,2026C1,02/145-01,DERECHO,4,B,DERECHO CIVIL,2026-03-15 19:16:00,2026-08-01 18:14:00,13,100.0,1,4,100.0,80.94,88.68,0,5,19,Aprobado,0
256dfb3b9bd1,3113,01/2026C1/P/02/145-01/4/000099-4B,2026C1,02/145-01,DERECHO,4,B,DERECHO PENAL,2026-03-19 19:00:00,2026-08-01 20:21:00,13,84.62,1,4,75.0,67.68,74.89,4,5,19,Aprobado,0
256dfb3b9bd1,3114,01/2026C1/P/02/145-01/4/000088-4B,2026C1,02/145-01,DERECHO,4,B,DERECHO CONSTITUCIONAL,2026-03-16 21:32:00,2026-08-06 19:26:00,13,100.0,4,4,100.0,82.32,84.24,1,0,21,Aprobado,0
256dfb3b9bd1,3115,01/2026C1/P/02/145-01/4/000165-4B,2026C1,02/145-01,DERECHO,4,B,METODOLOGÍA DE LA INVESTIGACIÓN,2026-03-21 19:15:00,2026-08-07 19:07:00,13,100.0,3,4,100.0,76.53,80.21,6,0,19,Aprobado,0
94084ca0e916,3084,01/2026C1/P/04/120-03/2/000143-2A,2026C1,04/120-03,ECONOMÍA,2,A,MACROECONOMÍA,2026-03-23 22:19:00,2026-08-05 22:55:00,13,100.0,2,4,100.0,66.92,71.5,8,1,22,Aprobado,0
94084ca0e916,3085,01/2026C1/P/04/120-03/2/000176-2A,2026C1,04/120-03,ECONOMÍA,2,A,MICROECONOMÍA,2026-03-31 21:58:00,2026-08-02 21:30:00,13,84.62,3,4,100.0,78.78,63.33,16,4,21,Reprobado,1
94084ca0e916,3086,01/2026C1/P/04/120-03/2/000110-2A,2026C1,04/120-03,ECONOMÍA,2,A,ESTADÍSTICA,2026-03-19 21:37:00,2026-08-04 23:28:00,13,100.0,3,4,100.0,77.3,74.21,4,2,21,Aprobado,0
94084ca0e916,3087,01/2026C1/P/04/120-03/2/000165-2A,2026C1,04/120-03,ECONOMÍA,2,A,METODOLOGÍA DE LA INVESTIGACIÓN,2026-03-29 23:15:00,2026-08-04 23:31:00,13,61.54,2,4,50.0,42.54,42.74,14,2,23,Reprobado,1
ee912bc2235f,3124,01/2026C1/P/01/101-01/1/000011-1A,2026C1,01/101-01,MEDICINA,1,A,ANATOMÍA HUMANA,2026-03-18 17:00:00,2026-08-02 17:10:00,13,76.92,3,4,75.0,46.09,48.47,3,4,17,Reprobado,1
ee912bc2235f,3125,01/2026C1/P/01/101-01/1/000033-1A,2026C1,01/101-01,MEDICINA,1,A,BIOQUÍMICA,2026-04-12 15:09:00,2026-07-31 17:55:00,13,38.46,2,4,25.0,12.96,18.16,28,6,15,Reprobado,1
ee912bc2235f,3126,01/2026C1/P/01/101-01/1/000132-1A,2026C1,01/101-01,MEDICINA,1,A,FISIOLOGÍA,2026-04-07 16:49:00,2026-07-31 16:19:00,13,61.54,2,4,50.0,35.72,42.7,23,6,16,Reprobado,1
ee912bc2235f,3127,01/2026C1/P/01/101-01/1/000165-1A,2026C1,01/101-01,MEDICINA,1,A,METODOLOGÍA DE LA INVESTIGACIÓN,2026-03-19 18:33:00,2026-08-03 17:36:00,13,92.31,3,4,75.0,54.7,68.62,4,3,18,Reprobado,1
f38d99665be9,3224,01/2026C1/P/02/145-01/4/000077-4A,2026C1,02/145-01,DERECHO,4,A,DERECHO CIVIL,2026-03-15 17:46:00,2026-08-05 17:54:00,13,100.0,1,4,100.0,82.66,78.71,0,1,17,Aprobado,0
f38d99665be9,3225,01/2026C1/P/02/145-01/4/000099-4A,2026C1,02/145-01,DERECHO,4,A,DERECHO PENAL,2026-03-15 18:13:00,2026-07-30 16:31:00,13,100.0,1,4,100.0,73.47,72.85,0,7,18,Aprobado,0
f38d99665be9,3226,01/2026C1/P/02/145-01/4/000088-4A,2026C1,02/145-01,DERECHO,4,A,DERECHO CONSTITUCIONAL,2026-03-27 16:47:00,2026-08-04 17:05:00,13,100.0,0,4,100.0,88.0,85.03,12,2,16,Aprobado,0
f38d99665be9,3227,01/2026C1/P/02/145-01/4/000165-4A,2026C1,02/145-01,DERECHO,4,A,METODOLOGÍA DE LA INVESTIGACIÓN,2026-04-13 17:57:00,2026-08-07 14:53:00,13,92.31,1,4,100.0,72.4,70.17,29,0,17,Aprobado,0
546814cb01d7,3236,01/2026C1/P/02/145-01/5/000077-5B,2026C1,02/145-01,DERECHO,5,B,DERECHO CIVIL,2026-03-20 19:29:00,2026-08-07 18:14:00,13,100.0,2,4,100.0,87.09,84.31,5,0,19,Aprobado,0
546814cb01d7,3237,01/2026C1/P/02/145-01/5/000099-5B,2026C1,02/145-01,DERECHO,5,B,DERECHO PENAL,2026-03-18 19:09:00,2026-08-06 17:57:00,13,92.31,4,4,100.0,81.47,73.45,3,0,19,Aprobado,0
546814cb01d7,3238,01/2026C1/P/02/145-01/5/000088-5B,2026C1,02/145-01,DERECHO,5,B,DERECHO CONSTITUCIONAL,2026-03-18 18:48:00,2026-07-31 17:49:00,13,100.0,2,4,100.0,70.05,79.39,3,6,18,Aprobado,0
546814cb01d7,3239,01/2026C1/P/02/145-01/5/000165-5B,2026C1,02/145-01,DERECHO,5,B,METODOLOGÍA DE LA INVESTIGACIÓN,2026-04-12 17:17:00,2026-07-29 18:20:00,13,92.31,3,4,75.0,60.73,73.76,28,8,17,Aprobado,0
530dda5abdb4,3252,01/2026C1/P/01/101-01/5/000011-5A,2026C1,01/101-01,MEDICINA,5,A,ANATOMÍA HUMANA,2026-03-16 21:14:00,2026-08-04 20:47:00,13,100.0,1,4,100.0,90.66,85.3,1,2,21,Aprobado,0
530dda5abdb4,3253,01/2026C1/P/01/101-01/5/000033-5A,2026C1,01/101-01,MEDICINA,5,A,BIOQUÍMICA,2026-03-20 19:41:00,2026-08-07 21:18:00,13,92.31,0,4,100.0,80.62,75.79,5,0,19,Aprobado,0
530dda5abdb4,3254,01/2026C1/P/01/101-01/5/000132-5A,2026C1,01/101-01,MEDICINA,5,A,FISIOLOGÍA,2026-03-16 21:21:00,2026-08-04 19:42:00,13,100.0,0,4,100.0,89.86,83.77,1,2,21,Aprobado,0
530dda5abdb4,3255,01/2026C1/P/01/101-01/5/000165-5A,2026C1,01/101-01,MEDICINA,5,A,METODOLOGÍA DE LA INVESTIGACIÓN,2026-03-16 19:15:00,2026-08-01 20:39:00,13,92.31,2,4,75.0,65.81,76.91,1,5,19,Aprobado,0
e66ee9a59368,3208,01/2026C1/P/04/120-03/1/000143-1A,2026C1,04/120-03,ECONOMÍA,1,A,MACROECONOMÍA,2026-03-15 18:20:00,2026-07-29 21:39:00,13,100.0,1,4,100.0,93.71,91.23,0,8,18,Aprobado,0
e66ee9a59368,3209,01/2026C1/P/04/120-03/1/000176-1A,2026C1,04/120-03,ECONOMÍA,1,A,MICROECONOMÍA,2026-03-18 19:40:00,2026-08-02 19:20:00,13,100.0,0,4,100.0,78.22,85.02,3,4,19,Aprobado,0
e66ee9a59368,3210,01/2026C1/P/04/120-03/1/000110-1A,2026C1,04/120-03,ECONOMÍA,1,A,ESTADÍSTICA,2026-03-15 19:05:00,2026-07-30 19:33:00,13,100.0,0,4,100.0,95.44,96.93,0,7,19,Aprobado,0
e66ee9a59368,3211,01/2026C1/P/04/120-03/1/000165-1A,2026C1,04/120-03,ECONOMÍA,1,A,METODOLOGÍA DE LA INVESTIGACIÓN,2026-03-20 20:26:00,2026-07-29 20:22:00,13,100.0,0,4,100.0,95.73,94.04,5,8,20,Aprobado,0
c21000a47395,3004,01/2026C1/P/04/132-02/3/000044-3A,2026C1,04/132-02,CONTABILIDAD Y AUDITORÍA,3,A,CONTABILIDAD GENERAL,2026-03-18 12:03:00,2026-08-07 13:51:00,13,100.0,2,4,100.0,83.74,86.26,3,0,12,Aprobado,0
c21000a47395,3005,01/2026C1/P/04/132-02/3/000154-3A,2026C1,04/132-02,CONTABILIDAD Y AUDITORÍA,3,A,MATEMÁTICA FINANCIERA,2026-03-18 13:24:00,2026-07-31 12:51:00,13,100.0,1,4,100.0,90.61,92.91,3,6,13,Aprobado,0
c21000a47395,3006,01/2026C1/P/04/132-02/3/000220-3A,2026C1,04/132-02,CONTABILIDAD Y AUDITORÍA,3,A,TRIBUTACIÓN,2026-03-15 13:12:00,2026-08-06 12:05:00,13,100.0,1,4,100.0,91.99,95.21,0,0,13,Aprobado,0
c21000a47395,3007,01/2026C1/P/04/132-02/3/000165-3A,2026C1,04/132-02,CONTABILIDAD Y AUDITORÍA,3,A,METODOLOGÍA DE LA INVESTIGACIÓN,2026-03-30 13:13:00,2026-08-04 14:46:00,13,100.0,0,4,100.0,99.48,94.24,15,2,13,Aprobado,0
b01f69711245,3212,01/2026C1/P/03/210-01/1/000066-1B,2026C1,03/210-01,INGENIERÍA DE SOFTWARE,1,B,CÁLCULO DIFERENCIAL,2026-03-22 20:13:00,2026-08-05 20:26:00,13,100.0,2,4,100.0,85.46,82.48,7,1,20,Aprobado,0
b01f69711245,3213,01/2026C1/P/03/210-01/1/000198-1B,2026C1,03/210-01,INGENIERÍA DE SOFTWARE,1,B,PROGRAMACIÓN I,2026-03-15 20:17:00,2026-07-30 20:43:00,13,100.0,3,4,100.0,94.02,91.11,0,7,20,Aprobado,0
b01f69711245,3214,01/2026C1/P/03/210-01/1/000022-1B,2026C1,03/210-01,INGENIERÍA DE SOFTWARE,1,B,BASE DE DATOS,2026-03-21 19:48:00,2026-08-06 20:17:00,13,100.0,3,4,100.0,66.65,74.66,6,0,19,Aprobado,0
b01f69711245,3215,01/2026C1/P/03/210-01/1/000165-1B,2026C1,03/210-01,INGENIERÍA DE SOFTWARE,1,B,METODOLOGÍA DE LA INVESTIGACIÓN,2026-03-16 20:09:00,2026-07-30 21:43:00,13,92.31,4,4,75.0,57.0,73.54,1,7,20,Aprobado,0
2b78ab73d1cd,3176,01/2026C1/P/02/145-01/1/000077-1A,2026C1,02/145-01,DERECHO,1,A,DERECHO CIVIL,2026-03-16 18:46:00,2026-07-30 16:15:00,13,100.0,1,4,100.0,88.18,87.05,1,7,18,Aprobado,0
2b78ab73d1cd,3177,01/2026C1/P/02/145-01/1/000099-1A,2026C1,02/145-01,DERECHO,1,A,DERECHO PENAL,2026-03-18 15:22:00,2026-08-06 18:24:00,13,84.62,3,4,100.0,81.39,68.01,3,0,15,Reprobado,1
2b78ab73d1cd,3178,01/2026C1/P/02/145-01/1/000088-1A,2026C1,02/145-01,DERECHO,1,A,DERECHO CONSTITUCIONAL,2026-03-15 16:43:00,2026-08-02 18:44:00,13,53.85,3,4,50.0,28.6,31.69,0,4,16,Reprobado,1
2b78ab73d1cd,3179,01/2026C1/P/02/145-01/1/000165-1A,2026C1,02/145-01,DERECHO,1,A,METODOLOGÍA DE LA INVESTIGACIÓN,2026-03-20 17:49:00,2026-07-31 15:12:00,13,61.54,2,4,75.0,59.96,45.08,5,6,17,Reprobado,1
ffa3f1dbab70,3104,01/2026C1/P/04/132-02/4/000044-4B,2026C1,04/132-02,CONTABILIDAD Y AUDITORÍA,4,B,CONTABILIDAD GENERAL,2026-03-19 21:01:00,2026-08-01 21:39:00,13,92.31,2,4,75.0,52.94,67.21,4,5,21,Reprobado,1
ffa3f1dbab70,3105,01/2026C1/P/04/132-02/4/000154-4B,2026C1,04/132-02,CONTABILIDAD Y AUDITORÍA,4,B,MATEMÁTICA FINANCIERA,2026-03-17 21:23:00,2026-08-06 20:47:00,13,100.0,2,4,100.0,54.5,71.77,2,0,21,Aprobado,0
ffa3f1dbab70,3106,01/2026C1/P/04/132-02/4/000220-4B,2026C1,04/132-02,CONTABILIDAD Y AUDITORÍA,4,B,TRIBUTACIÓN,2026-03-20 23:20:00,2026-08-02 20:54:00,13,100.0,5,4,100.0,78.46,76.13,5,4,23,Aprobado,0
ffa3f1dbab70,3107,01/2026C1/P/04/132-02/4/000165-4B,2026C1,04/132-02,CONTABILIDAD Y AUDITORÍA,4,B,METODOLOGÍA DE LA INVESTIGACIÓN,2026-03-29 21:20:00,2026-08-03 23:05:00,13,69.23,2,4,100.0,72.2,48.62,14,3,21,Reprobado,1
59100a1ae249,3256,01/2026C1/P/02/145-01/3/000077-3A,2026C1,02/145-01,DERECHO,3,A,DERECHO CIVIL,2026-03-16 18:51:00,2026-08-05 19:12:00,13,100.0,0,4,100.0,92.04,94.94,1,1,18,Aprobado,0
59100a1ae249,3257,01/2026C1/P/02/145-01/3/000099-3A,2026C1,02/145-01,DERECHO,3,A,DERECHO PENAL,2026-03-16 18:50:00,2026-08-05 19:13:00,13,100.0,0,4,100.0,81.48,88.89,1,1,18,Aprobado,0
59100a1ae249,3258,01/2026C1/P/02/145-01/3/000088-3A,2026C1,02/145-01,DERECHO,3,A,DERECHO CONSTITUCIONAL,2026-03-23 18:13:00,2026-08-07 18:27:00,13,100.0,1,4,100.0,97.04,96.32,8,0,18,Aprobado,0
59100a1ae249,3259,01/2026C1/P/02/145-01/3/000165-3A,2026C1,02/145-01,DERECHO,3,A,METODOLOGÍA DE LA INVESTIGACIÓN,2026-03-15 18:55:00,2026-07-30 18:56:00,13,100.0,1,4,100.0,88.91,92.6,0,7,18,Aprobado,0
a327b16cf23f,3008,01/2026C1/P/01/101-01/2/000011-2B,2026C1,01/101-01,MEDICINA,2,B,ANATOMÍA HUMANA,2026-03-22 19:23:00,2026-07-31 19:17:00,13,100.0,3,4,100.0,73.16,73.88,7,6,19,Aprobado,0
a327b16cf23f,3009,01/2026C1/P/01/101-01/2/000033-2B,2026C1,01/101-01,MEDICINA,2,B,BIOQUÍMICA,2026-03-18 19:54:00,2026-08-05 18:36:00,13,100.0,5,4,100.0,77.73,76.5,3,1,19,Aprobado,0
a327b16cf23f,3010,01/2026C1/P/01/101-01/2/000132-2B,2026C1,01/101-01,MEDICINA,2,B,FISIOLOGÍA,2026-04-03 20:12:00,2026-08-03 19:19:00,13,100.0,2,4,100.0,79.47,80.29,19,3,20,Aprobado,0
a327b16cf23f,3011,01/2026C1/P/01/101-01/2/000165-2B,2026C1,01/101-01,MEDICINA,2,B,METODOLOGÍA DE LA INVESTIGACIÓN,2026-05-14 19:09:00,2026-08-01 19:37:00,13,7.69,0,4,0.0,0.0,5.87,60,5,19,Reprobado,1
a26803f53a8c,3144,01/2026C1/P/04/120-03/1/000143-1B,2026C1,04/120-03,ECONOMÍA,1,B,MACROECONOMÍA,2026-03-16 00:08:00,2026-08-07 22:34:00,13,100.0,6,4,100.0,73.48,70.88,1,0,0,Aprobado,0
a26803f53a8c,3145,01/2026C1/P/04/120-03/1/000176-1B,2026C1,04/120-03,ECONOMÍA,1,B,MICROECONOMÍA,2026-03-23 00:12:00,2026-08-07 23:35:00,13,69.23,3,4,75.0,53.22,49.79,8,0,0,Reprobado,1
a26803f53a8c,3146,01/2026C1/P/04/120-03/1/000110-1B,2026C1,04/120-03,ECONOMÍA,1,B,ESTADÍSTICA,2026-03-25 00:09:00,2026-08-08 00:01:00,13,92.31,2,4,100.0,65.41,64.68,10,0,0,Reprobado,1
a26803f53a8c,3147,01/2026C1/P/04/120-03/1/000165-1B,2026C1,04/120-03,ECONOMÍA,1,B,METODOLOGÍA DE LA INVESTIGACIÓN,2026-03-16 23:06:00,2026-08-07 00:12:00,13,100.0,4,4,100.0,70.37,73.26,1,0,23,Aprobado,0
60b646ab8660,3004,01/2026C1/P/04/132-02/3/000044-3A,2026C1,04/132-02,CONTABILIDAD Y AUDITORÍA,3,A,CONTABILIDAD GENERAL,2026-03-18 18:37:00,2026-08-06 20:02:00,13,100.0,1,4,100.0,99.9,95.28,3,0,18,Aprobado,0
60b646ab8660,3005,01/2026C1/P/04/132-02/3/000154-3A,2026C1,04/132-02,CONTABILIDAD Y AUDITORÍA,3,A,MATEMÁTICA FINANCIERA,2026-03-16 19:15:00,2026-08-02 17:34:00,13,100.0,1,4,100.0,93.14,87.83,1,4,19,Aprobado,0
60b646ab8660,3006,01/2026C1/P/04/132-02/3/000220-3A,2026C1,04/132-02,CONTABILIDAD Y AUDITORÍA,3,A,TRIBUTACIÓN,2026-03-15 18:40:00,2026-08-02 20:58:00,13,100.0,3,4,100.0,91.4,92.66,0,4,18,Aprobado,0
60b646ab8660,3007,01/2026C1/P/04/132-02/3/000165-3A,2026C1,04/132-02,CONTABILIDAD Y AUDITORÍA,3,A,METODOLOGÍA DE LA INVESTIGACIÓN,2026-03-19 18:33:00,2026-08-03 18:48:00,13,100.0,2,4,100.0,89.55,89.33,4,3,18,Aprobado,0
8b179a04bbee,3264,01/2026C1/P/04/132-02/5/000044-5A,2026C1,04/132-02,CONTABILIDAD Y AUDITORÍA,5,A,CONTABILIDAD GENERAL,2026-03-15 15:53:00,2026-08-03 15:47:00,13,100.0,1,4,100.0,92.84,95.36,0,3,15,Aprobado,0
8b179a04bbee,3265,01/2026C1/P/04/132-02/5/000154-5A,2026C1,04/132-02,CONTABILIDAD Y AUDITORÍA,5,A,MATEMÁTICA FINANCIERA,2026-03-18 17:42:00,2026-08-02 16:42:00,13,100.0,0,4,100.0,93.48,95.94,3,4,17,Aprobado,0
8b179a04bbee,3266,01/2026C1/P/04/132-02/5/000220-5A,2026C1,04/132-02,CONTABILIDAD Y AUDITORÍA,5,A,TRIBUTACIÓN,2026-03-20 16:31:00,2026-07-30 16:00:00,13,100.0,2,4,100.0,95.51,91.32,5,7,16,Aprobado,0
8b179a04bbee,3267,01/2026C1/P/04/132-02/5/000165-5A,2026C1,04/132-02,CONTABILIDAD Y AUDITORÍA,5,A,METODOLOGÍA DE LA INVESTIGACIÓN,2026-03-15 15:39:00,2026-08-03 15:45:00,13,100.0,2,4,100.0,95.0,98.37,0,3,15,Aprobado,0
ac2dca617354,3056,01/2026C1/P/04/132-02/5/000044-5B,2026C1,04/132-02,CONTABILIDAD Y AUDITORÍA,5,B,CONTABILIDAD GENERAL,2026-03-16 17:42:00,2026-07-30 20:26:00,13,92.31,0,4,100.0,96.24,86.58,1,7,17,Aprobado,0
ac2dca617354,3057,01/2026C1/P/04/132-02/5/000154-5B,2026C1,04/132-02,CONTABILIDAD Y AUDITORÍA,5,B,MATEMÁTICA FINANCIERA,2026-03-24 19:47:00,2026-07-29 16:49:00,13,100.0,3,4,100.0,93.33,87.94,9,8,19,Aprobado,0
ac2dca617354,3058,01/2026C1/P/04/132-02/5/000220-5B,2026C1,04/132-02,CONTABILIDAD Y AUDITORÍA,5,B,TRIBUTACIÓN,2026-03-18 18:30:00,2026-08-01 20:02:00,13,100.0,1,4,100.0,85.04,84.78,3,5,18,Aprobado,0
ac2dca617354,3059,01/2026C1/P/04/132-02/5/000165-5B,2026C1,04/132-02,CONTABILIDAD Y AUDITORÍA,5,B,METODOLOGÍA DE LA INVESTIGACIÓN,2026-03-23 19:11:00,2026-08-05 20:44:00,13,100.0,0,4,100.0,97.91,96.73,8,1,19,Aprobado,0
7115fb890c5f,3264,01/2026C1/P/04/132-02/5/000044-5A,2026C1,04/132-02,CONTABILIDAD Y AUDITORÍA,5,A,CONTABILIDAD GENERAL,2026-03-17 00:07:00,2026-05-09 00:20:00,13,30.77,1,4,100.0,61.22,18.81,2,89,0,Reprobado,1
7115fb890c5f,3265,01/2026C1/P/04/132-02/5/000154-5A,2026C1,04/132-02,CONTABILIDAD Y AUDITORÍA,5,A,MATEMÁTICA FINANCIERA,2026-03-24 22:42:00,2026-05-23 01:15:00,13,46.15,1,4,75.0,42.09,26.56,9,75,22,Reprobado,1
7115fb890c5f,3266,01/2026C1/P/04/132-02/5/000220-5A,2026C1,04/132-02,CONTABILIDAD Y AUDITORÍA,5,A,TRIBUTACIÓN,2026-03-22 00:18:00,2026-05-01 23:50:00,13,23.08,1,4,75.0,47.91,15.54,7,97,0,Reprobado,1
7115fb890c5f,3267,01/2026C1/P/04/132-02/5/000165-5A,2026C1,04/132-02,CONTABILIDAD Y AUDITORÍA,5,A,METODOLOGÍA DE LA INVESTIGACIÓN,2026-03-19 23:36:00,2026-04-25 23:41:00,13,15.38,1,4,50.0,39.66,12.79,4,103,23,Reprobado,1
243787ca655b,3228,01/2026C1/P/05/167-02/4/000209-4B,2026C1,05/167-02,PSICOLOGÍA,4,B,PSICOLOGÍA GENERAL,2026-03-15 17:09:00,2026-08-07 17:43:00,13,100.0,3,4,100.0,93.12,89.09,0,0,17,Aprobado,0
243787ca655b,3229,01/2026C1/P/05/167-02/4/000110-4B,2026C1,05/167-02,PSICOLOGÍA,4,B,ESTADÍSTICA,2026-03-18 17:23:00,2026-08-04 18:09:00,13,100.0,3,4,100.0,79.2,87.71,3,2,17,Aprobado,0
243787ca655b,3230,01/2026C1/P/05/167-02/4/000187-4B,2026C1,05/167-02,PSICOLOGÍA,4,B,NEUROCIENCIAS,2026-03-15 18:29:00,2026-08-07 17:16:00,13,100.0,2,4,100.0,89.55,88.29,0,0,18,Aprobado,0
243787ca655b,3231,01/2026C1/P/05/167-02/4/000165-4B,2026C1,05/167-02,PSICOLOGÍA,4,B,METODOLOGÍA DE LA INVESTIGACIÓN,2026-03-19 16:05:00,2026-08-06 18:05:00,13,100.0,1,4,100.0,88.5,86.88,4,0,16,Aprobado,0
034134981ad2,3152,01/2026C1/P/03/210-01/2/000066-2B,2026C1,03/210-01,INGENIERÍA DE SOFTWARE,2,B,CÁLCULO DIFERENCIAL,2026-03-23 21:01:00,2026-08-07 23:22:00,13,100.0,3,4,100.0,71.72,73.28,8,0,21,Aprobado,0
034134981ad2,3153,01/2026C1/P/03/210-01/2/000198-2B,2026C1,03/210-01,INGENIERÍA DE SOFTWARE,2,B,PROGRAMACIÓN I,2026-03-16 01:46:00,2026-08-02 22:40:00,13,92.31,2,4,100.0,72.36,72.14,1,4,1,Aprobado,0
034134981ad2,3154,01/2026C1/P/03/210-01/2/000022-2B,2026C1,03/210-01,INGENIERÍA DE SOFTWARE,2,B,BASE DE DATOS,2026-03-21 23:01:00,2026-08-01 00:05:00,13,92.31,0,4,75.0,69.1,76.09,6,5,23,Aprobado,0
034134981ad2,3155,01/2026C1/P/03/210-01/2/000165-2B,2026C1,03/210-01,INGENIERÍA DE SOFTWARE,2,B,METODOLOGÍA DE LA INVESTIGACIÓN,2026-03-16 22:09:00,2026-08-02 21:18:00,13,100.0,2,4,100.0,75.92,78.67,1,4,22,Aprobado,0
74d9965b9776,3076,01/2026C1/P/01/101-01/4/000011-4B,2026C1,01/101-01,MEDICINA,4,B,ANATOMÍA HUMANA,2026-03-16 18:57:00,2026-07-30 18:31:00,13,100.0,1,4,100.0,91.18,85.33,1,7,18,Aprobado,0
74d9965b9776,3077,01/2026C1/P/01/101-01/4/000033-4B,2026C1,01/101-01,MEDICINA,4,B,BIOQUÍMICA,2026-03-16 16:17:00,2026-07-30 16:21:00,13,100.0,1,4,100.0,85.65,88.95,1,7,16,Aprobado,0
74d9965b9776,3078,01/2026C1/P/01/101-01/4/000132-4B,2026C1,01/101-01,MEDICINA,4,B,FISIOLOGÍA,2026-03-17 16:19:00,2026-08-04 19:53:00,13,100.0,0,4,100.0,95.13,97.4,2,2,16,Aprobado,0
74d9965b9776,3079,01/2026C1/P/01/101-01/4/000165-4B,2026C1,01/101-01,MEDICINA,4,B,METODOLOGÍA DE LA INVESTIGACIÓN,2026-03-19 17:28:00,2026-07-30 17:17:00,13,100.0,1,4,100.0,89.72,94.75,4,7,17,Aprobado,0
8f14a7eb12b5,3056,01/2026C1/P/04/132-02/5/000044-5B,2026C1,04/132-02,CONTABILIDAD Y AUDITORÍA,5,B,CONTABILIDAD GENERAL,2026-03-21 19:54:00,2026-08-05 21:13:00,13,100.0,4,4,100.0,93.12,87.81,6,1,19,Aprobado,0
8f14a7eb12b5,3057,01/2026C1/P/04/132-02/5/000154-5B,2026C1,04/132-02,CONTABILIDAD Y AUDITORÍA,5,B,MATEMÁTICA FINANCIERA,2026-03-16 20:17:00,2026-08-02 21:14:00,13,100.0,0,4,100.0,90.9,88.97,1,4,20,Aprobado,0
8f14a7eb12b5,3058,01/2026C1/P/04/132-02/5/000220-5B,2026C1,04/132-02,CONTABILIDAD Y AUDITORÍA,5,B,TRIBUTACIÓN,2026-03-15 23:30:00,2026-07-29 23:38:00,13,100.0,1,4,100.0,87.47,93.13,0,8,23,Aprobado,0
8f14a7eb12b5,3059,01/2026C1/P/04/132-02/5/000165-5B,2026C1,04/132-02,CONTABILIDAD Y AUDITORÍA,5,B,METODOLOGÍA DE LA INVESTIGACIÓN,2026-03-21 18:07:00,2026-08-05 20:44:00,13,100.0,0,4,100.0,87.38,89.19,6,1,18,Aprobado,0
ea55bbdffa73,3264,01/2026C1/P/04/132-02/5/000044-5A,2026C1,04/132-02,CONTABILIDAD Y AUDITORÍA,5,A,CONTABILIDAD GENERAL,2026-03-21 21:22:00,2026-08-04 22:10:00,13,92.31,0,4,100.0,79.05,78.29,6,2,21,Aprobado,0
ea55bbdffa73,3265,01/2026C1/P/04/132-02/5/000154-5A,2026C1,04/132-02,CONTABILIDAD Y AUDITORÍA,5,A,MATEMÁTICA FINANCIERA,2026-03-23 22:14:00,2026-08-01 00:48:00,13,100.0,1,4,100.0,86.76,80.83,8,5,22,Aprobado,0
ea55bbdffa73,3266,01/2026C1/P/04/132-02/5/000220-5A,2026C1,04/132-02,CONTABILIDAD Y AUDITORÍA,5,A,TRIBUTACIÓN,2026-03-21 23:39:00,2026-07-29 22:43:00,13,92.31,1,4,100.0,78.41,67.4,6,8,23,Reprobado,1
ea55bbdffa73,3267,01/2026C1/P/04/132-02/5/000165-5A,2026C1,04/132-02,CONTABILIDAD Y AUDITORÍA,5,A,METODOLOGÍA DE LA INVESTIGACIÓN,2026-03-15 22:48:00,2026-08-06 20:29:00,13,100.0,1,4,100.0,87.78,86.88,0,0,22,Aprobado,0
8884116b9d1f,3020,01/2026C1/P/03/210-01/3/000066-3A,2026C1,03/210-01,INGENIERÍA DE SOFTWARE,3,A,CÁLCULO DIFERENCIAL,2026-03-17 20:08:00,2026-08-05 18:41:00,13,100.0,2,4,100.0,76.08,72.85,2,1,20,Aprobado,0
8884116b9d1f,3021,01/2026C1/P/03/210-01/3/000198-3A,2026C1,03/210-01,INGENIERÍA DE SOFTWARE,3,A,PROGRAMACIÓN I,2026-03-19 21:05:00,2026-08-04 21:39:00,13,92.31,1,4,75.0,62.32,72.95,4,2,21,Aprobado,0
8884116b9d1f,3022,01/2026C1/P/03/210-01/3/000022-3A,2026C1,03/210-01,INGENIERÍA DE SOFTWARE,3,A,BASE DE DATOS,2026-03-17 19:13:00,2026-07-31 20:59:00,13,100.0,1,4,100.0,90.28,89.29,2,6,19,Aprobado,0
8884116b9d1f,3023,01/2026C1/P/03/210-01/3/000165-3A,2026C1,03/210-01,INGENIERÍA DE SOFTWARE,3,A,METODOLOGÍA DE LA INVESTIGACIÓN,2026-03-16 20:37:00,2026-08-04 20:38:00,13,100.0,2,4,100.0,79.1,88.71,1,2,20,Aprobado,0
8836311c3c1b,3256,01/2026C1/P/02/145-01/3/000077-3A,2026C1,02/145-01,DERECHO,3,A,DERECHO CIVIL,2026-03-15 19:59:00,2026-07-29 19:18:00,13,100.0,2,4,100.0,91.19,88.31,0,8,19,Aprobado,0
8836311c3c1b,3257,01/2026C1/P/02/145-01/3/000099-3A,2026C1,02/145-01,DERECHO,3,A,DERECHO PENAL,2026-03-17 19:16:00,2026-08-05 18:30:00,13,100.0,1,4,100.0,86.34,87.39,2,1,19,Aprobado,0
8836311c3c1b,3258,01/2026C1/P/02/145-01/3/000088-3A,2026C1,02/145-01,DERECHO,3,A,DERECHO CONSTITUCIONAL,2026-03-15 18:45:00,2026-08-02 18:32:00,13,100.0,5,4,100.0,86.92,84.53,0,4,18,Aprobado,0
8836311c3c1b,3259,01/2026C1/P/02/145-01/3/000165-3A,2026C1,02/145-01,DERECHO,3,A,METODOLOGÍA DE LA INVESTIGACIÓN,2026-03-21 18:58:00,2026-08-04 20:35:00,13,100.0,0,4,100.0,94.48,94.35,6,2,18,Aprobado,0
e1a5d94faba4,3068,01/2026C1/P/05/167-02/2/000209-2A,2026C1,05/167-02,PSICOLOGÍA,2,A,PSICOLOGÍA GENERAL,2026-03-18 23:17:00,2026-07-30 20:59:00,13,100.0,1,4,100.0,98.11,96.11,3,7,23,Aprobado,0
e1a5d94faba4,3069,01/2026C1/P/05/167-02/2/000110-2A,2026C1,05/167-02,PSICOLOGÍA,2,A,ESTADÍSTICA,2026-03-15 22:08:00,2026-08-02 20:16:00,13,100.0,3,4,100.0,96.2,91.18,0,4,22,Aprobado,0
e1a5d94faba4,3070,01/2026C1/P/05/167-02/2/000187-2A,2026C1,05/167-02,PSICOLOGÍA,2,A,NEUROCIENCIAS,2026-03-15 21:38:00,2026-08-06 20:22:00,13,92.31,1,4,100.0,95.71,81.48,0,0,21,Aprobado,0
e1a5d94faba4,3071,01/2026C1/P/05/167-02/2/000165-2A,2026C1,05/167-02,PSICOLOGÍA,2,A,METODOLOGÍA DE LA INVESTIGACIÓN,2026-03-18 20:40:00,2026-07-29 21:23:00,13,100.0,3,4,100.0,82.46,82.65,3,8,20,Aprobado,0
0485dd6df28a,3020,01/2026C1/P/03/210-01/3/000066-3A,2026C1,03/210-01,INGENIERÍA DE SOFTWARE,3,A,CÁLCULO DIFERENCIAL,2026-03-21 23:12:00,2026-08-02 01:17:00,13,92.31,3,4,100.0,56.02,65.21,6,4,23,Reprobado,1
0485dd6df28a,3021,01/2026C1/P/03/210-01/3/000198-3A,2026C1,03/210-01,INGENIERÍA DE SOFTWARE,3,A,PROGRAMACIÓN I,2026-03-29 22:57:00,2026-07-30 23:55:00,13,100.0,3,4,100.0,66.9,73.93,14,7,22,Aprobado,0
0485dd6df28a,3022,01/2026C1/P/03/210-01/3/000022-3A,2026C1,03/210-01,INGENIERÍA DE SOFTWARE,3,A,BASE DE DATOS,2026-03-23 00:24:00,2026-07-29 22:09:00,13,100.0,2,4,100.0,78.11,78.73,8,8,0,Aprobado,0
0485dd6df28a,3023,01/2026C1/P/03/210-01/3/000165-3A,2026C1,03/210-01,INGENIERÍA DE SOFTWARE,3,A,METODOLOGÍA DE LA INVESTIGACIÓN,2026-05-10 00:42:00,2026-08-05 22:21:00,13,46.15,4,4,25.0,15.34,34.31,56,1,0,Reprobado,1
da92b19d7aa7,3232,01/2026C1/P/01/101-01/2/000011-2A,2026C1,01/101-01,MEDICINA,2,A,ANATOMÍA HUMANA,2026-03-18 11:12:00,2026-07-31 11:50:00,13,100.0,1,4,100.0,87.14,87.31,3,6,11,Aprobado,0
da92b19d7aa7,3233,01/2026C1/P/01/101-01/2/000033-2A,2026C1,01/101-01,MEDICINA,2,A,BIOQUÍMICA,2026-03-15 13:31:00,2026-07-30 13:48:00,13,100.0,1,4,100.0,85.2,83.89,0,7,13,Aprobado,0
da92b19d7aa7,3234,01/2026C1/P/01/101-01/2/000132-2A,2026C1,01/101-01,MEDICINA,2,A,FISIOLOGÍA,2026-03-17 10:16:00,2026-08-03 12:56:00,13,100.0,0,4,100.0,77.49,85.35,2,3,10,Aprobado,0
da92b19d7aa7,3235,01/2026C1/P/01/101-01/2/000165-2A,2026C1,01/101-01,MEDICINA,2,A,METODOLOGÍA DE LA INVESTIGACIÓN,2026-03-15 11:45:00,2026-08-06 11:56:00,13,92.31,0,4,100.0,93.95,85.32,0,0,11,Aprobado,0
23d7ed619a4b,3092,01/2026C1/P/05/167-02/1/000209-1A,2026C1,05/167-02,PSICOLOGÍA,1,A,PSICOLOGÍA GENERAL,2026-05-14 23:18:00,2026-07-29 23:41:00,13,0.0,0,4,0.0,0.0,0.0,60,8,23,Reprobado,1
23d7ed619a4b,3093,01/2026C1/P/05/167-02/1/000110-1A,2026C1,05/167-02,PSICOLOGÍA,1,A,ESTADÍSTICA,2026-03-27 23:56:00,2026-08-03 22:49:00,13,53.85,1,4,50.0,35.39,31.42,12,3,23,Reprobado,1
23d7ed619a4b,3094,01/2026C1/P/05/167-02/1/000187-1A,2026C1,05/167-02,PSICOLOGÍA,1,A,NEUROCIENCIAS,2026-03-15 22:25:00,2026-08-06 22:07:00,13,92.31,3,4,100.0,69.82,63.01,0,0,22,Reprobado,1
23d7ed619a4b,3095,01/2026C1/P/05/167-02/1/000165-1A,2026C1,05/167-02,PSICOLOGÍA,1,A,METODOLOGÍA DE LA INVESTIGACIÓN,2026-03-18 22:08:00,2026-07-29 23:24:00,13,30.77,0,4,0.0,0.0,21.64,3,8,22,Reprobado,1
fb36090f52a8,3208,01/2026C1/P/04/120-03/1/000143-1A,2026C1,04/120-03,ECONOMÍA,1,A,MACROECONOMÍA,2026-03-25 14:12:00,2026-08-01 16:32:00,13,92.31,4,4,100.0,72.96,67.69,10,5,14,Reprobado,1
fb36090f52a8,3209,01/2026C1/P/04/120-03/1/000176-1A,2026C1,04/120-03,ECONOMÍA,1,A,MICROECONOMÍA,2026-03-20 15:57:00,2026-07-29 16:18:00,13,100.0,3,4,100.0,95.05,92.52,5,8,15,Aprobado,0
fb36090f52a8,3210,01/2026C1/P/04/120-03/1/000110-1A,2026C1,04/120-03,ECONOMÍA,1,A,ESTADÍSTICA,2026-03-18 15:01:00,2026-07-29 15:32:00,13,100.0,2,4,100.0,87.62,89.81,3,8,15,Aprobado,0
fb36090f52a8,3211,01/2026C1/P/04/120-03/1/000165-1A,2026C1,04/120-03,ECONOMÍA,1,A,METODOLOGÍA DE LA INVESTIGACIÓN,2026-03-17 15:32:00,2026-08-07 16:30:00,13,92.31,2,4,100.0,88.41,80.05,2,0,15,Aprobado,0
65e390b55076,3004,01/2026C1/P/04/132-02/3/000044-3A,2026C1,04/132-02,CONTABILIDAD Y AUDITORÍA,3,A,CONTABILIDAD GENERAL,2026-03-23 23:21:00,2026-08-06 21:36:00,13,92.31,4,4,100.0,83.0,74.88,8,0,23,Aprobado,0
65e390b55076,3005,01/2026C1/P/04/132-02/3/000154-3A,2026C1,04/132-02,CONTABILIDAD Y AUDITORÍA,3,A,MATEMÁTICA FINANCIERA,2026-03-18 21:59:00,2026-08-02 22:25:00,13,92.31,5,4,100.0,69.24,71.24,3,4,21,Aprobado,0
65e390b55076,3006,01/2026C1/P/04/132-02/3/000220-3A,2026C1,04/132-02,CONTABILIDAD Y AUDITORÍA,3,A,TRIBUTACIÓN,2026-03-19 22:46:00,2026-08-03 22:52:00,13,100.0,0,4,100.0,87.2,77.38,4,3,22,Aprobado,0
65e390b55076,3007,01/2026C1/P/04/132-02/3/000165-3A,2026C1,04/132-02,CONTABILIDAD Y AUDITORÍA,3,A,METODOLOGÍA DE LA INVESTIGACIÓN,2026-03-16 22:58:00,2026-07-30 22:52:00,13,92.31,2,4,100.0,81.56,76.54,1,7,22,Aprobado,0
748ac424c684,3148,01/2026C1/P/03/210-01/5/000066-5A,2026C1,03/210-01,INGENIERÍA DE SOFTWARE,5,A,CÁLCULO DIFERENCIAL,2026-03-28 17:46:00,2026-08-01 18:11:00,13,100.0,0,4,100.0,96.72,89.7,13,5,17,Aprobado,0
748ac424c684,3149,01/2026C1/P/03/210-01/5/000198-5A,2026C1,03/210-01,INGENIERÍA DE SOFTWARE,5,A,PROGRAMACIÓN I,2026-03-16 18:24:00,2026-08-04 16:19:00,13,100.0,1,4,100.0,89.06,93.67,1,2,18,Aprobado,0
748ac424c684,3150,01/2026C1/P/03/210-01/5/000022-5A,2026C1,03/210-01,INGENIERÍA DE SOFTWARE,5,A,BASE DE DATOS,2026-03-22 17:16:00,2026-08-03 17:42:00,13,100.0,3,4,100.0,93.2,90.97,7,3,17,Aprobado,0
748ac424c684,3151,01/2026C1/P/03/210-01/5/000165-5A,2026C1,03/210-01,INGENIERÍA DE SOFTWARE,5,A,METODOLOGÍA DE LA INVESTIGACIÓN,2026-03-15 16:29:00,2026-08-06 16:28:00,13,100.0,3,4,100.0,97.5,95.4,0,0,16,Aprobado,0
a09f3c30a7ef,3136,01/2026C1/P/01/188-01/1/000011-1A,2026C1,01/188-01,ENFERMERÍA,1,A,ANATOMÍA HUMANA,2026-03-22 18:13:00,2026-08-06 19:03:00,13,100.0,3,4,100.0,89.51,92.64,7,0,18,Aprobado,0
a09f3c30a7ef,3137,01/2026C1/P/01/188-01/1/000055-1A,2026C1,01/188-01,ENFERMERÍA,1,A,CUIDADO BÁSICO,2026-03-17 18:17:00,2026-07-31 15:40:00,13,76.92,3,4,50.0,21.57,53.6,2,6,18,Reprobado,1
a09f3c30a7ef,3138,01/2026C1/P/01/188-01/1/000121-1A,2026C1,01/188-01,ENFERMERÍA,1,A,FARMACOLOGÍA,2026-03-15 17:05:00,2026-07-31 20:53:00,13,100.0,2,4,100.0,97.5,89.79,0,6,17,Aprobado,0
a09f3c30a7ef,3139,01/2026C1/P/01/188-01/1/000165-1A,2026C1,01/188-01,ENFERMERÍA,1,A,METODOLOGÍA DE LA INVESTIGACIÓN,2026-03-16 18:03:00,2026-08-02 18:18:00,13,100.0,3,4,100.0,84.7,85.82,1,4,18,Aprobado,0
0accc1c0d953,3120,01/2026C1/P/04/132-02/3/000044-3B,2026C1,04/132-02,CONTABILIDAD Y AUDITORÍA,3,B,CONTABILIDAD GENERAL,2026-03-15 18:18:00,2026-08-06 16:32:00,13,100.0,2,4,100.0,90.47,87.27,0,0,18,Aprobado,0
0accc1c0d953,3121,01/2026C1/P/04/132-02/3/000154-3B,2026C1,04/132-02,CONTABILIDAD Y AUDITORÍA,3,B,MATEMÁTICA FINANCIERA,2026-03-15 18:25:00,2026-08-04 19:03:00,13,100.0,1,4,100.0,91.49,85.5,0,2,18,Aprobado,0
0accc1c0d953,3122,01/2026C1/P/04/132-02/3/000220-3B,2026C1,04/132-02,CONTABILIDAD Y AUDITORÍA,3,B,TRIBUTACIÓN,2026-03-17 17:02:00,2026-07-29 17:36:00,13,100.0,3,4,100.0,80.44,84.49,2,8,17,Aprobado,0
0accc1c0d953,3123,01/2026C1/P/04/132-02/3/000165-3B,2026C1,04/132-02,CONTABILIDAD Y AUDITORÍA,3,B,METODOLOGÍA DE LA INVESTIGACIÓN,2026-03-15 15:58:00,2026-08-07 16:36:00,13,100.0,3,4,100.0,91.66,82.05,0,0,15,Aprobado,0
7cd134e46e72,3224,01/2026C1/P/02/145-01/4/000077-4A,2026C1,02/145-01,DERECHO,4,A,DERECHO CIVIL,2026-03-24 20:50:00,2026-08-01 18:53:00,13,100.0,2,4,100.0,89.79,87.74,9,5,20,Aprobado,0
7cd134e46e72,3225,01/2026C1/P/02/145-01/4/000099-4A,2026C1,02/145-01,DERECHO,4,A,DERECHO PENAL,2026-03-24 20:20:00,2026-08-06 20:48:00,13,100.0,0,4,100.0,99.01,92.97,9,0,20,Aprobado,0
7cd134e46e72,3226,01/2026C1/P/02/145-01/4/000088-4A,2026C1,02/145-01,DERECHO,4,A,DERECHO CONSTITUCIONAL,2026-03-20 20:28:00,2026-07-31 21:10:00,13,100.0,1,4,100.0,95.94,97.14,5,6,20,Aprobado,0
7cd134e46e72,3227,01/2026C1/P/02/145-01/4/000165-4A,2026C1,02/145-01,DERECHO,4,A,METODOLOGÍA DE LA INVESTIGACIÓN,2026-03-25 21:40:00,2026-07-31 19:52:00,13,100.0,1,4,100.0,88.48,95.03,10,6,21,Aprobado,0
275be12fb0b9,3056,01/2026C1/P/04/132-02/5/000044-5B,2026C1,04/132-02,CONTABILIDAD Y AUDITORÍA,5,B,CONTABILIDAD GENERAL,2026-05-13 19:32:00,2026-05-16 18:56:00,13,15.38,1,4,50.0,37.57,12.37,59,82,19,Reprobado,1
275be12fb0b9,3057,01/2026C1/P/04/132-02/5/000154-5B,2026C1,04/132-02,CONTABILIDAD Y AUDITORÍA,5,B,MATEMÁTICA FINANCIERA,2026-04-10 21:29:00,2026-05-03 18:34:00,13,0.0,0,4,0.0,0.0,0.0,26,95,21,Reprobado,1
275be12fb0b9,3058,01/2026C1/P/04/132-02/5/000220-5B,2026C1,04/132-02,CONTABILIDAD Y AUDITORÍA,5,B,TRIBUTACIÓN,2026-03-26 18:47:00,2026-06-02 20:33:00,13,7.69,1,4,25.0,10.35,2.88,11,65,18,Reprobado,1
275be12fb0b9,3059,01/2026C1/P/04/132-02/5/000165-5B,2026C1,04/132-02,CONTABILIDAD Y AUDITORÍA,5,B,METODOLOGÍA DE LA INVESTIGACIÓN,2026-03-23 20:55:00,2026-05-22 20:00:00,13,23.08,0,4,50.0,33.23,14.13,8,76,20,Reprobado,1
8b2fe3ecb0a3,3072,01/2026C1/P/01/188-01/4/000011-4A,2026C1,01/188-01,ENFERMERÍA,4,A,ANATOMÍA HUMANA,2026-03-15 15:27:00,2026-08-01 16:29:00,13,100.0,3,4,100.0,75.72,81.09,0,5,15,Aprobado,0
8b2fe3ecb0a3,3073,01/2026C1/P/01/188-01/4/000055-4A,2026C1,01/188-01,ENFERMERÍA,4,A,CUIDADO BÁSICO,2026-03-16 15:19:00,2026-08-04 17:44:00,13,100.0,2,4,100.0,92.08,92.61,1,2,15,Aprobado,0
8b2fe3ecb0a3,3074,01/2026C1/P/01/188-01/4/000121-4A,2026C1,01/188-01,ENFERMERÍA,4,A,FARMACOLOGÍA,2026-03-15 16:48:00,2026-07-29 14:46:00,13,92.31,4,4,100.0,72.79,72.36,0,8,16,Aprobado,0
8b2fe3ecb0a3,3075,01/2026C1/P/01/188-01/4/000165-4A,2026C1,01/188-01,ENFERMERÍA,4,A,METODOLOGÍA DE LA INVESTIGACIÓN,2026-03-26 17:06:00,2026-08-01 16:34:00,13,100.0,0,4,100.0,96.12,92.45,11,5,17,Aprobado,0
f611a4f7b641,3244,01/2026C1/P/02/145-01/2/000077-2A,2026C1,02/145-01,DERECHO,2,A,DERECHO CIVIL,2026-03-23 15:27:00,2026-08-06 15:06:00,13,100.0,1,4,100.0,100.0,98.59,8,0,15,Aprobado,0
f611a4f7b641,3245,01/2026C1/P/02/145-01/2/000099-2A,2026C1,02/145-01,DERECHO,2,A,DERECHO PENAL,2026-03-16 13:43:00,2026-08-04 15:04:00,13,100.0,2,4,100.0,94.32,96.75,1,2,13,Aprobado,0
f611a4f7b641,3246,01/2026C1/P/02/145-01/2/000088-2A,2026C1,02/145-01,DERECHO,2,A,DERECHO CONSTITUCIONAL,2026-03-18 13:44:00,2026-08-01 15:33:00,13,100.0,0,4,100.0,95.97,98.81,3,5,13,Aprobado,0
f611a4f7b641,3247,01/2026C1/P/02/145-01/2/000165-2A,2026C1,02/145-01,DERECHO,2,A,METODOLOGÍA DE LA INVESTIGACIÓN,2026-03-15 14:09:00,2026-08-01 14:57:00,13,100.0,1,4,100.0,99.65,97.41,0,5,14,Aprobado,0
abedb06b82ac,3252,01/2026C1/P/01/101-01/5/000011-5A,2026C1,01/101-01,MEDICINA,5,A,ANATOMÍA HUMANA,2026-04-08 23:38:00,2026-08-05 22:55:00,13,61.54,2,4,50.0,31.06,32.59,24,1,23,Reprobado,1
abedb06b82ac,3253,01/2026C1/P/01/101-01/5/000033-5A,2026C1,01/101-01,MEDICINA,5,A,BIOQUÍMICA,2026-03-16 00:10:00,2026-07-31 23:44:00,13,76.92,0,4,100.0,41.71,37.8,1,6,0,Reprobado,1
abedb06b82ac,3254,01/2026C1/P/01/101-01/5/000132-5A,2026C1,01/101-01,MEDICINA,5,A,FISIOLOGÍA,2026-03-23 02:22:00,2026-08-03 23:41:00,13,46.15,1,4,25.0,11.93,22.94,8,3,2,Reprobado,1
abedb06b82ac,3255,01/2026C1/P/01/101-01/5/000165-5A,2026C1,01/101-01,MEDICINA,5,A,METODOLOGÍA DE LA INVESTIGACIÓN,2026-03-19 00:40:00,2026-08-04 01:14:00,13,15.38,0,4,25.0,11.97,9.36,4,2,0,Reprobado,1
90ae01355d1c,3068,01/2026C1/P/05/167-02/2/000209-2A,2026C1,05/167-02,PSICOLOGÍA,2,A,PSICOLOGÍA GENERAL,2026-03-18 23:52:00,2026-08-04 22:55:00,13,100.0,1,4,100.0,81.89,82.12,3,2,23,Aprobado,0
90ae01355d1c,3069,01/2026C1/P/05/167-02/2/000110-2A,2026C1,05/167-02,PSICOLOGÍA,2,A,ESTADÍSTICA,2026-03-21 23:28:00,2026-08-07 23:28:00,13,100.0,3,4,100.0,80.13,81.76,6,0,23,Aprobado,0
90ae01355d1c,3070,01/2026C1/P/05/167-02/2/000187-2A,2026C1,05/167-02,PSICOLOGÍA,2,A,NEUROCIENCIAS,2026-03-15 23:40:00,2026-08-06 21:56:00,13,100.0,3,4,100.0,94.18,92.4,0,0,23,Aprobado,0
90ae01355d1c,3071,01/2026C1/P/05/167-02/2/000165-2A,2026C1,05/167-02,PSICOLOGÍA,2,A,METODOLOGÍA DE LA INVESTIGACIÓN,2026-03-17 23:43:00,2026-07-29 23:11:00,13,92.31,3,4,100.0,74.41,70.84,2,8,23,Aprobado,0
e759eff1edd7,3028,01/2026C1/P/04/132-02/2/000044-2B,2026C1,04/132-02,CONTABILIDAD Y AUDITORÍA,2,B,CONTABILIDAD GENERAL,2026-03-18 15:43:00,2026-07-30 14:23:00,13,92.31,1,4,100.0,92.83,82.38,3,7,15,Aprobado,0
e759eff1edd7,3029,01/2026C1/P/04/132-02/2/000154-2B,2026C1,04/132-02,CONTABILIDAD Y AUDITORÍA,2,B,MATEMÁTICA FINANCIERA,2026-03-21 15:32:00,2026-07-29 15:47:00,13,100.0,2,4,100.0,84.84,89.51,6,8,15,Aprobado,0
e759eff1edd7,3030,01/2026C1/P/04/132-02/2/000220-2B,2026C1,04/132-02,CONTABILIDAD Y AUDITORÍA,2,B,TRIBUTACIÓN,2026-03-18 14:47:00,2026-08-01 15:13:00,13,100.0,0,4,100.0,94.9,93.42,3,5,14,Aprobado,0
e759eff1edd7,3031,01/2026C1/P/04/132-02/2/000165-2B,2026C1,04/132-02,CONTABILIDAD Y AUDITORÍA,2,B,METODOLOGÍA DE LA INVESTIGACIÓN,2026-03-16 15:55:00,2026-08-02 16:36:00,13,100.0,2,4,100.0,86.73,87.45,1,4,15,Aprobado,0
01516b65deaf,3252,01/2026C1/P/01/101-01/5/000011-5A,2026C1,01/101-01,MEDICINA,5,A,ANATOMÍA HUMANA,2026-03-18 20:18:00,2026-07-31 19:54:00,13,100.0,4,4,100.0,69.82,71.03,3,6,20,Aprobado,0
01516b65deaf,3253,01/2026C1/P/01/101-01/5/000033-5A,2026C1,01/101-01,MEDICINA,5,A,BIOQUÍMICA,2026-03-17 18:19:00,2026-08-04 17:23:00,13,100.0,1,4,100.0,87.4,82.04,2,2,18,Aprobado,0
01516b65deaf,3254,01/2026C1/P/01/101-01/5/000132-5A,2026C1,01/101-01,MEDICINA,5,A,FISIOLOGÍA,2026-03-21 18:08:00,2026-07-31 18:20:00,13,100.0,3,4,100.0,73.56,80.93,6,6,18,Aprobado,0
01516b65deaf,3255,01/2026C1/P/01/101-01/5/000165-5A,2026C1,01/101-01,MEDICINA,5,A,METODOLOGÍA DE LA INVESTIGACIÓN,2026-03-15 18:39:00,2026-08-03 17:19:00,13,100.0,1,4,100.0,90.56,89.16,0,3,18,Aprobado,0
3f8cc751f46c,3120,01/2026C1/P/04/132-02/3/000044-3B,2026C1,04/132-02,CONTABILIDAD Y AUDITORÍA,3,B,CONTABILIDAD GENERAL,2026-03-17 17:17:00,2026-08-01 17:38:00,13,100.0,6,4,100.0,63.84,70.57,2,5,17,Aprobado,0
3f8cc751f46c,3121,01/2026C1/P/04/132-02/3/000154-3B,2026C1,04/132-02,CONTABILIDAD Y AUDITORÍA,3,B,MATEMÁTICA FINANCIERA,2026-03-28 18:24:00,2026-07-29 17:11:00,13,69.23,2,4,75.0,58.68,47.7,13,8,18,Reprobado,1
3f8cc751f46c,3122,01/2026C1/P/04/132-02/3/000220-3B,2026C1,04/132-02,CONTABILIDAD Y AUDITORÍA,3,B,TRIBUTACIÓN,2026-03-18 17:56:00,2026-07-29 18:02:00,13,84.62,2,4,100.0,67.96,64.69,3,8,17,Reprobado,1
3f8cc751f46c,3123,01/2026C1/P/04/132-02/3/000165-3B,2026C1,04/132-02,CONTABILIDAD Y AUDITORÍA,3,B,METODOLOGÍA DE LA INVESTIGACIÓN,2026-03-19 17:44:00,2026-07-31 17:25:00,13,100.0,5,4,100.0,82.32,79.34,4,6,17,Aprobado,0
13388b25bb84,3044,01/2026C1/P/01/101-01/1/000011-1B,2026C1,01/101-01,MEDICINA,1,B,ANATOMÍA HUMANA,2026-03-15 23:35:00,2026-08-03 00:45:00,13,92.31,0,4,75.0,45.97,59.59,0,3,23,Reprobado,1
13388b25bb84,3045,01/2026C1/P/01/101-01/1/000033-1B,2026C1,01/101-01,MEDICINA,1,B,BIOQUÍMICA,2026-04-09 00:43:00,2026-08-07 23:51:00,13,76.92,1,4,100.0,83.12,57.51,25,0,0,Reprobado,1
13388b25bb84,3046,01/2026C1/P/01/101-01/1/000132-1B,2026C1,01/101-01,MEDICINA,1,B,FISIOLOGÍA,2026-04-06 02:13:00,2026-08-02 00:39:00,13,69.23,2,4,25.0,15.76,47.84,22,4,2,Reprobado,1
13388b25bb84,3047,01/2026C1/P/01/101-01/1/000165-1B,2026C1,01/101-01,MEDICINA,1,B,METODOLOGÍA DE LA INVESTIGACIÓN,2026-03-22 01:03:00,2026-08-07 00:00:00,13,92.31,1,4,100.0,64.41,58.29,7,0,1,Reprobado,1
058e7f7777b2,3200,01/2026C1/P/04/120-03/4/000143-4A,2026C1,04/120-03,ECONOMÍA,4,A,MACROECONOMÍA,2026-04-11 20:09:00,2026-08-01 23:44:00,13,76.92,2,4,75.0,54.54,57.79,27,5,20,Reprobado,1
058e7f7777b2,3201,01/2026C1/P/04/120-03/4/000176-4A,2026C1,04/120-03,ECONOMÍA,4,A,MICROECONOMÍA,2026-03-16 21:03:00,2026-08-07 20:41:00,13,100.0,2,4,100.0,92.3,88.52,1,0,21,Aprobado,0
058e7f7777b2,3202,01/2026C1/P/04/120-03/4/000110-4A,2026C1,04/120-03,ECONOMÍA,4,A,ESTADÍSTICA,2026-03-16 20:17:00,2026-07-31 20:55:00,13,92.31,3,4,75.0,51.54,69.01,1,6,20,Reprobado,1
058e7f7777b2,3203,01/2026C1/P/04/120-03/4/000165-4A,2026C1,04/120-03,ECONOMÍA,4,A,METODOLOGÍA DE LA INVESTIGACIÓN,2026-03-21 20:37:00,2026-08-07 21:33:00,13,84.62,2,4,75.0,61.41,66.82,6,0,20,Reprobado,1
d23e7f2b975e,3268,01/2026C1/P/01/188-01/4/000011-4B,2026C1,01/188-01,ENFERMERÍA,4,B,ANATOMÍA HUMANA,2026-03-18 11:20:00,2026-06-02 13:43:00,13,61.54,0,4,100.0,98.48,60.75,3,65,11,Reprobado,1
d23e7f2b975e,3269,01/2026C1/P/01/188-01/4/000055-4B,2026C1,01/188-01,ENFERMERÍA,4,B,CUIDADO BÁSICO,2026-03-24 14:08:00,2026-05-12 14:08:00,13,30.77,0,4,100.0,100.0,31.7,9,86,14,Reprobado,1
d23e7f2b975e,3270,01/2026C1/P/01/188-01/4/000121-4B,2026C1,01/188-01,ENFERMERÍA,4,B,FARMACOLOGÍA,2026-03-16 13:05:00,2026-04-23 13:32:00,13,23.08,0,4,75.0,66.69,21.54,1,105,13,Reprobado,1
d23e7f2b975e,3271,01/2026C1/P/01/188-01/4/000165-4B,2026C1,01/188-01,ENFERMERÍA,4,B,METODOLOGÍA DE LA INVESTIGACIÓN,2026-03-15 15:36:00,2026-05-14 13:03:00,13,30.77,1,4,100.0,95.68,30.94,0,84,15,Reprobado,1
6e9d56b9e3bc,3000,01/2026C1/P/03/210-01/1/000066-1A,2026C1,03/210-01,INGENIERÍA DE SOFTWARE,1,A,CÁLCULO DIFERENCIAL,2026-03-15 19:24:00,2026-07-30 19:17:00,13,100.0,0,4,100.0,87.51,85.89,0,7,19,Aprobado,0
6e9d56b9e3bc,3001,01/2026C1/P/03/210-01/1/000198-1A,2026C1,03/210-01,INGENIERÍA DE SOFTWARE,1,A,PROGRAMACIÓN I,2026-03-17 18:32:00,2026-08-06 18:29:00,13,100.0,5,4,100.0,67.86,72.43,2,0,18,Aprobado,0
6e9d56b9e3bc,3002,01/2026C1/P/03/210-01/1/000022-1A,2026C1,03/210-01,INGENIERÍA DE SOFTWARE,1,A,BASE DE DATOS,2026-03-20 18:54:00,2026-07-30 19:09:00,13,100.0,1,4,100.0,87.32,91.16,5,7,18,Aprobado,0
6e9d56b9e3bc,3003,01/2026C1/P/03/210-01/1/000165-1A,2026C1,03/210-01,INGENIERÍA DE SOFTWARE,1,A,METODOLOGÍA DE LA INVESTIGACIÓN,2026-03-17 20:24:00,2026-07-30 17:36:00,13,100.0,1,4,100.0,90.72,91.37,2,7,20,Aprobado,0
9b6e8000c83e,3188,01/2026C1/P/02/145-01/5/000077-5A,2026C1,02/145-01,DERECHO,5,A,DERECHO CIVIL,2026-03-15 20:21:00,2026-08-07 20:43:00,13,100.0,2,4,100.0,91.61,93.58,0,0,20,Aprobado,0
9b6e8000c83e,3189,01/2026C1/P/02/145-01/5/000099-5A,2026C1,02/145-01,DERECHO,5,A,DERECHO PENAL,2026-03-17 17:44:00,2026-07-31 19:21:00,13,100.0,3,4,100.0,80.68,85.34,2,6,17,Aprobado,0
9b6e8000c83e,3190,01/2026C1/P/02/145-01/5/000088-5A,2026C1,02/145-01,DERECHO,5,A,DERECHO CONSTITUCIONAL,2026-03-18 17:31:00,2026-08-01 17:36:00,13,100.0,1,4,100.0,91.72,87.62,3,5,17,Aprobado,0
9b6e8000c83e,3191,01/2026C1/P/02/145-01/5/000165-5A,2026C1,02/145-01,DERECHO,5,A,METODOLOGÍA DE LA INVESTIGACIÓN,2026-03-15 19:10:00,2026-08-04 18:31:00,13,92.31,3,4,100.0,80.89,77.58,0,2,19,Aprobado,0
b1cf47d0877f,3204,01/2026C1/P/02/145-01/1/000077-1B,2026C1,02/145-01,DERECHO,1,B,DERECHO CIVIL,2026-03-16 20:21:00,2026-08-05 17:53:00,13,92.31,2,4,100.0,86.79,78.83,1,1,20,Aprobado,0
b1cf47d0877f,3205,01/2026C1/P/02/145-01/1/000099-1B,2026C1,02/145-01,DERECHO,1,B,DERECHO PENAL,2026-03-25 19:26:00,2026-08-05 18:07:00,13,100.0,3,4,100.0,91.28,83.88,10,1,19,Aprobado,0
b1cf47d0877f,3206,01/2026C1/P/02/145-01/1/000088-1B,2026C1,02/145-01,DERECHO,1,B,DERECHO CONSTITUCIONAL,2026-03-15 20:38:00,2026-08-04 18:55:00,13,100.0,3,4,100.0,84.71,84.25,0,2,20,Aprobado,0
b1cf47d0877f,3207,01/2026C1/P/02/145-01/1/000165-1B,2026C1,02/145-01,DERECHO,1,B,METODOLOGÍA DE LA INVESTIGACIÓN,2026-03-18 18:50:00,2026-07-31 18:40:00,13,92.31,0,4,75.0,65.5,78.89,3,6,18,Aprobado,0
a3ec4f32f247,3104,01/2026C1/P/04/132-02/4/000044-4B,2026C1,04/132-02,CONTABILIDAD Y AUDITORÍA,4,B,CONTABILIDAD GENERAL,2026-03-17 21:34:00,2026-08-07 23:11:00,13,100.0,3,4,100.0,74.08,79.97,2,0,21,Aprobado,0
a3ec4f32f247,3105,01/2026C1/P/04/132-02/4/000154-4B,2026C1,04/132-02,CONTABILIDAD Y AUDITORÍA,4,B,MATEMÁTICA FINANCIERA,2026-04-01 21:33:00,2026-07-30 23:01:00,13,46.15,2,4,50.0,24.74,27.24,17,7,21,Reprobado,1
a3ec4f32f247,3106,01/2026C1/P/04/132-02/4/000220-4B,2026C1,04/132-02,CONTABILIDAD Y AUDITORÍA,4,B,TRIBUTACIÓN,2026-03-16 21:18:00,2026-08-06 21:46:00,13,84.62,2,4,100.0,78.34,66.57,1,0,21,Reprobado,1
a3ec4f32f247,3107,01/2026C1/P/04/132-02/4/000165-4B,2026C1,04/132-02,CONTABILIDAD Y AUDITORÍA,4,B,METODOLOGÍA DE LA INVESTIGACIÓN,2026-03-18 22:36:00,2026-08-02 22:54:00,13,92.31,1,4,100.0,80.22,74.54,3,4,22,Aprobado,0
4b8883f2c96d,3012,01/2026C1/P/01/188-01/3/000011-3B,2026C1,01/188-01,ENFERMERÍA,3,B,ANATOMÍA HUMANA,2026-03-15 21:14:00,2026-08-05 20:27:00,13,100.0,0,4,100.0,87.48,89.14,0,1,21,Aprobado,0
4b8883f2c96d,3013,01/2026C1/P/01/188-01/3/000055-3B,2026C1,01/188-01,ENFERMERÍA,3,B,CUIDADO BÁSICO,2026-03-16 20:28:00,2026-08-04 21:05:00,13,100.0,3,4,100.0,84.23,85.72,1,2,20,Aprobado,0
4b8883f2c96d,3014,01/2026C1/P/01/188-01/3/000121-3B,2026C1,01/188-01,ENFERMERÍA,3,B,FARMACOLOGÍA,2026-03-16 20:58:00,2026-08-03 21:00:00,13,100.0,0,4,100.0,86.64,92.62,1,3,20,Aprobado,0
4b8883f2c96d,3015,01/2026C1/P/01/188-01/3/000165-3B,2026C1,01/188-01,ENFERMERÍA,3,B,METODOLOGÍA DE LA INVESTIGACIÓN,2026-03-15 20:50:00,2026-08-06 21:23:00,13,100.0,1,4,100.0,86.34,91.76,0,0,20,Aprobado,0
3011e01770d5,3236,01/2026C1/P/02/145-01/5/000077-5B,2026C1,02/145-01,DERECHO,5,B,DERECHO CIVIL,2026-03-20 20:58:00,2026-07-29 21:49:00,13,100.0,3,4,100.0,79.42,79.72,5,8,20,Aprobado,0
3011e01770d5,3237,01/2026C1/P/02/145-01/5/000099-5B,2026C1,02/145-01,DERECHO,5,B,DERECHO PENAL,2026-04-30 21:54:00,2026-08-05 22:50:00,13,38.46,0,4,0.0,0.0,29.96,46,1,21,Reprobado,1
3011e01770d5,3238,01/2026C1/P/02/145-01/5/000088-5B,2026C1,02/145-01,DERECHO,5,B,DERECHO CONSTITUCIONAL,2026-03-19 19:55:00,2026-08-03 20:56:00,13,100.0,2,4,100.0,71.16,71.95,4,3,19,Aprobado,0
3011e01770d5,3239,01/2026C1/P/02/145-01/5/000165-5B,2026C1,02/145-01,DERECHO,5,B,METODOLOGÍA DE LA INVESTIGACIÓN,2026-03-17 22:00:00,2026-07-31 19:35:00,13,53.85,2,4,75.0,45.21,36.71,2,6,22,Reprobado,1
bc3e8a67a861,3224,01/2026C1/P/02/145-01/4/000077-4A,2026C1,02/145-01,DERECHO,4,A,DERECHO CIVIL,2026-03-23 21:24:00,2026-05-20 20:15:00,13,30.77,0,4,75.0,57.04,24.51,8,78,21,Reprobado,1
bc3e8a67a861,3225,01/2026C1/P/02/145-01/4/000099-4A,2026C1,02/145-01,DERECHO,4,A,DERECHO PENAL,2026-03-18 19:44:00,2026-05-21 20:47:00,13,46.15,1,4,100.0,86.56,38.01,3,77,19,Reprobado,1
bc3e8a67a861,3226,01/2026C1/P/02/145-01/4/000088-4A,2026C1,02/145-01,DERECHO,4,A,DERECHO CONSTITUCIONAL,2026-03-16 20:13:00,2026-04-25 19:39:00,13,30.77,0,4,50.0,46.58,25.75,1,103,20,Reprobado,1
bc3e8a67a861,3227,01/2026C1/P/02/145-01/4/000165-4A,2026C1,02/145-01,DERECHO,4,A,METODOLOGÍA DE LA INVESTIGACIÓN,2026-03-15 19:21:00,2026-05-15 21:44:00,13,46.15,2,4,100.0,76.02,35.61,0,83,19,Reprobado,1
b799d998d3bf,3152,01/2026C1/P/03/210-01/2/000066-2B,2026C1,03/210-01,INGENIERÍA DE SOFTWARE,2,B,CÁLCULO DIFERENCIAL,2026-03-31 00:05:00,2026-08-05 22:06:00,13,69.23,1,4,75.0,37.22,39.18,16,1,0,Reprobado,1
b799d998d3bf,3153,01/2026C1/P/03/210-01/2/000198-2B,2026C1,03/210-01,INGENIERÍA DE SOFTWARE,2,B,PROGRAMACIÓN I,2026-03-22 00:56:00,2026-08-04 00:35:00,13,46.15,1,4,75.0,41.05,31.68,7,2,0,Reprobado,1
b799d998d3bf,3154,01/2026C1/P/03/210-01/2/000022-2B,2026C1,03/210-01,INGENIERÍA DE SOFTWARE,2,B,BASE DE DATOS,2026-03-16 00:17:00,2026-08-08 00:12:00,13,92.31,0,4,100.0,63.27,66.71,1,0,0,Reprobado,1
b799d998d3bf,3155,01/2026C1/P/03/210-01/2/000165-2B,2026C1,03/210-01,INGENIERÍA DE SOFTWARE,2,B,METODOLOGÍA DE LA INVESTIGACIÓN,2026-03-15 22:27:00,2026-08-06 01:19:00,13,100.0,3,4,100.0,64.56,62.2,0,0,22,Reprobado,1
04dc9ab75cc1,3232,01/2026C1/P/01/101-01/2/000011-2A,2026C1,01/101-01,MEDICINA,2,A,ANATOMÍA HUMANA,2026-04-02 23:04:00,2026-08-05 00:16:00,13,53.85,2,4,50.0,36.16,34.04,18,1,23,Reprobado,1
04dc9ab75cc1,3233,01/2026C1/P/01/101-01/2/000033-2A,2026C1,01/101-01,MEDICINA,2,A,BIOQUÍMICA,2026-03-19 23:49:00,2026-08-05 00:39:00,13,100.0,1,4,100.0,66.72,67.79,4,1,23,Reprobado,1
04dc9ab75cc1,3234,01/2026C1/P/01/101-01/2/000132-2A,2026C1,01/101-01,MEDICINA,2,A,FISIOLOGÍA,2026-04-11 23:11:00,2026-08-01 22:42:00,13,46.15,2,4,100.0,66.96,31.56,27,5,23,Reprobado,1
04dc9ab75cc1,3235,01/2026C1/P/01/101-01/2/000165-2A,2026C1,01/101-01,MEDICINA,2,A,METODOLOGÍA DE LA INVESTIGACIÓN,2026-03-22 23:33:00,2026-08-05 23:20:00,13,92.31,2,4,100.0,65.28,63.17,7,1,23,Reprobado,1
79a86d25ad43,3056,01/2026C1/P/04/132-02/5/000044-5B,2026C1,04/132-02,CONTABILIDAD Y AUDITORÍA,5,B,CONTABILIDAD GENERAL,2026-03-22 19:15:00,2026-08-03 18:17:00,13,100.0,0,4,100.0,93.37,90.64,7,3,19,Aprobado,0
79a86d25ad43,3057,01/2026C1/P/04/132-02/5/000154-5B,2026C1,04/132-02,CONTABILIDAD Y AUDITORÍA,5,B,MATEMÁTICA FINANCIERA,2026-03-15 19:38:00,2026-08-07 18:43:00,13,100.0,3,4,100.0,90.55,90.53,0,0,19,Aprobado,0
79a86d25ad43,3058,01/2026C1/P/04/132-02/5/000220-5B,2026C1,04/132-02,CONTABILIDAD Y AUDITORÍA,5,B,TRIBUTACIÓN,2026-03-19 19:09:00,2026-08-06 18:11:00,13,100.0,0,4,100.0,89.04,93.47,4,0,19,Aprobado,0
79a86d25ad43,3059,01/2026C1/P/04/132-02/5/000165-5B,2026C1,04/132-02,CONTABILIDAD Y AUDITORÍA,5,B,METODOLOGÍA DE LA INVESTIGACIÓN,2026-03-17 18:30:00,2026-08-05 17:51:00,13,100.0,1,4,100.0,96.05,91.99,2,1,18,Aprobado,0
02f0f28e5524,3024,01/2026C1/P/05/167-02/4/000209-4A,2026C1,05/167-02,PSICOLOGÍA,4,A,PSICOLOGÍA GENERAL,2026-03-19 01:01:00,2026-07-30 00:08:00,13,61.54,4,4,75.0,58.3,44.53,4,7,1,Reprobado,1
02f0f28e5524,3025,01/2026C1/P/05/167-02/4/000110-4A,2026C1,05/167-02,PSICOLOGÍA,4,A,ESTADÍSTICA,2026-03-21 00:25:00,2026-08-03 00:51:00,13,38.46,1,4,25.0,11.89,21.73,6,3,0,Reprobado,1
02f0f28e5524,3026,01/2026C1/P/05/167-02/4/000187-4A,2026C1,05/167-02,PSICOLOGÍA,4,A,NEUROCIENCIAS,2026-04-14 23:27:00,2026-07-29 23:12:00,13,23.08,0,4,25.0,16.92,18.74,30,8,23,Reprobado,1
02f0f28e5524,3027,01/2026C1/P/05/167-02/4/000165-4A,2026C1,05/167-02,PSICOLOGÍA,4,A,METODOLOGÍA DE LA INVESTIGACIÓN,2026-03-29 00:03:00,2026-08-04 00:10:00,13,30.77,1,4,25.0,13.05,19.48,14,2,0,Reprobado,1
218b414f7f97,3008,01/2026C1/P/01/101-01/2/000011-2B,2026C1,01/101-01,MEDICINA,2,B,ANATOMÍA HUMANA,2026-03-19 16:10:00,2026-07-31 15:41:00,13,100.0,1,4,100.0,76.74,82.32,4,6,16,Aprobado,0
218b414f7f97,3009,01/2026C1/P/01/101-01/2/000033-2B,2026C1,01/101-01,MEDICINA,2,B,BIOQUÍMICA,2026-03-16 16:58:00,2026-07-30 15:11:00,13,100.0,1,4,100.0,91.52,91.56,1,7,16,Aprobado,0
218b414f7f97,3010,01/2026C1/P/01/101-01/2/000132-2B,2026C1,01/101-01,MEDICINA,2,B,FISIOLOGÍA,2026-03-15 14:43:00,2026-08-05 17:17:00,13,100.0,1,4,100.0,98.16,94.64,0,1,14,Aprobado,0
218b414f7f97,3011,01/2026C1/P/01/101-01/2/000165-2B,2026C1,01/101-01,MEDICINA,2,B,METODOLOGÍA DE LA INVESTIGACIÓN,2026-03-29 16:36:00,2026-07-31 16:17:00,13,100.0,1,4,100.0,93.67,96.45,14,6,16,Aprobado,0
f1d449bf1677,3012,01/2026C1/P/01/188-01/3/000011-3B,2026C1,01/188-01,ENFERMERÍA,3,B,ANATOMÍA HUMANA,2026-03-26 23:50:00,2026-07-29 22:46:00,13,100.0,5,4,100.0,78.66,67.32,11,8,23,Reprobado,1
f1d449bf1677,3013,01/2026C1/P/01/188-01/3/000055-3B,2026C1,01/188-01,ENFERMERÍA,3,B,CUIDADO BÁSICO,2026-03-15 22:41:00,2026-07-30 22:41:00,13,100.0,3,4,100.0,80.79,80.57,0,7,22,Aprobado,0
f1d449bf1677,3014,01/2026C1/P/01/188-01/3/000121-3B,2026C1,01/188-01,ENFERMERÍA,3,B,FARMACOLOGÍA,2026-03-15 21:52:00,2026-08-05 23:16:00,13,92.31,3,4,100.0,76.35,70.71,0,1,21,Aprobado,0
f1d449bf1677,3015,01/2026C1/P/01/188-01/3/000165-3B,2026C1,01/188-01,ENFERMERÍA,3,B,METODOLOGÍA DE LA INVESTIGACIÓN,2026-03-19 21:20:00,2026-07-30 23:05:00,13,92.31,2,4,75.0,60.28,75.86,4,7,21,Aprobado,0
1c5cbc0dd7e9,3048,01/2026C1/P/03/210-01/5/000066-5B,2026C1,03/210-01,INGENIERÍA DE SOFTWARE,5,B,CÁLCULO DIFERENCIAL,2026-03-15 22:16:00,2026-08-07 22:04:00,13,100.0,1,4,100.0,61.96,72.82,0,0,22,Aprobado,0
1c5cbc0dd7e9,3049,01/2026C1/P/03/210-01/5/000198-5B,2026C1,03/210-01,INGENIERÍA DE SOFTWARE,5,B,PROGRAMACIÓN I,2026-04-03 21:18:00,2026-08-05 22:24:00,13,76.92,3,4,75.0,43.03,46.39,19,1,21,Reprobado,1
1c5cbc0dd7e9,3050,01/2026C1/P/03/210-01/5/000022-5B,2026C1,03/210-01,INGENIERÍA DE SOFTWARE,5,B,BASE DE DATOS,2026-03-18 21:21:00,2026-08-03 21:41:00,13,100.0,3,4,100.0,74.6,75.51,3,3,21,Aprobado,0
1c5cbc0dd7e9,3051,01/2026C1/P/03/210-01/5/000165-5B,2026C1,03/210-01,INGENIERÍA DE SOFTWARE,5,B,METODOLOGÍA DE LA INVESTIGACIÓN,2026-03-17 20:21:00,2026-07-31 22:38:00,13,100.0,3,4,100.0,82.25,74.51,2,6,20,Aprobado,0
cf0a4fb4b915,3084,01/2026C1/P/04/120-03/2/000143-2A,2026C1,04/120-03,ECONOMÍA,2,A,MACROECONOMÍA,2026-03-19 15:54:00,2026-08-04 14:49:00,13,100.0,2,4,100.0,84.26,88.63,4,2,15,Aprobado,0
cf0a4fb4b915,3085,01/2026C1/P/04/120-03/2/000176-2A,2026C1,04/120-03,ECONOMÍA,2,A,MICROECONOMÍA,2026-03-25 14:34:00,2026-08-02 16:57:00,13,100.0,2,4,100.0,92.71,89.32,10,4,14,Aprobado,0
cf0a4fb4b915,3086,01/2026C1/P/04/120-03/2/000110-2A,2026C1,04/120-03,ECONOMÍA,2,A,ESTADÍSTICA,2026-03-19 17:34:00,2026-07-29 16:04:00,13,100.0,1,4,100.0,90.8,86.85,4,8,17,Aprobado,0
cf0a4fb4b915,3087,01/2026C1/P/04/120-03/2/000165-2A,2026C1,04/120-03,ECONOMÍA,2,A,METODOLOGÍA DE LA INVESTIGACIÓN,2026-03-16 16:02:00,2026-08-07 16:09:00,13,100.0,1,4,100.0,96.89,87.61,1,0,16,Aprobado,0
c2464eb01677,3156,01/2026C1/P/04/120-03/4/000143-4B,2026C1,04/120-03,ECONOMÍA,4,B,MACROECONOMÍA,2026-03-21 14:27:00,2026-08-05 15:00:00,13,100.0,0,4,100.0,87.52,89.5,6,1,14,Aprobado,0
c2464eb01677,3157,01/2026C1/P/04/120-03/4/000176-4B,2026C1,04/120-03,ECONOMÍA,4,B,MICROECONOMÍA,2026-03-15 16:24:00,2026-08-01 15:10:00,13,100.0,1,4,100.0,93.58,94.15,0,5,16,Aprobado,0
c2464eb01677,3158,01/2026C1/P/04/120-03/4/000110-4B,2026C1,04/120-03,ECONOMÍA,4,B,ESTADÍSTICA,2026-03-16 15:34:00,2026-08-02 15:30:00,13,100.0,0,4,100.0,88.43,90.89,1,4,15,Aprobado,0
c2464eb01677,3159,01/2026C1/P/04/120-03/4/000165-4B,2026C1,04/120-03,ECONOMÍA,4,B,METODOLOGÍA DE LA INVESTIGACIÓN,2026-03-16 16:06:00,2026-07-31 14:46:00,13,100.0,1,4,100.0,88.61,88.34,1,6,16,Aprobado,0
eed38e90b9c8,3004,01/2026C1/P/04/132-02/3/000044-3A,2026C1,04/132-02,CONTABILIDAD Y AUDITORÍA,3,A,CONTABILIDAD GENERAL,2026-03-16 16:08:00,2026-08-07 17:34:00,13,100.0,2,4,100.0,97.66,92.93,1,0,16,Aprobado,0
eed38e90b9c8,3005,01/2026C1/P/04/132-02/3/000154-3A,2026C1,04/132-02,CONTABILIDAD Y AUDITORÍA,3,A,MATEMÁTICA FINANCIERA,2026-03-17 16:38:00,2026-08-02 18:38:00,13,92.31,4,4,100.0,76.39,68.31,2,4,16,Reprobado,1
eed38e90b9c8,3006,01/2026C1/P/04/132-02/3/000220-3A,2026C1,04/132-02,CONTABILIDAD Y AUDITORÍA,3,A,TRIBUTACIÓN,2026-03-17 16:03:00,2026-08-05 17:47:00,13,100.0,2,4,100.0,81.33,89.25,2,1,16,Aprobado,0
eed38e90b9c8,3007,01/2026C1/P/04/132-02/3/000165-3A,2026C1,04/132-02,CONTABILIDAD Y AUDITORÍA,3,A,METODOLOGÍA DE LA INVESTIGACIÓN,2026-03-19 16:00:00,2026-08-02 15:25:00,13,92.31,1,4,100.0,87.39,80.79,4,4,16,Aprobado,0
33d342123818,3060,01/2026C1/P/05/167-02/5/000209-5B,2026C1,05/167-02,PSICOLOGÍA,5,B,PSICOLOGÍA GENERAL,2026-03-17 23:59:00,2026-07-30 00:20:00,13,84.62,1,4,100.0,64.37,58.97,2,7,23,Reprobado,1
33d342123818,3061,01/2026C1/P/05/167-02/5/000110-5B,2026C1,05/167-02,PSICOLOGÍA,5,B,ESTADÍSTICA,2026-05-15 01:09:00,2026-08-05 23:42:00,13,15.38,0,4,25.0,17.18,10.28,61,1,1,Reprobado,1
33d342123818,3062,01/2026C1/P/05/167-02/5/000187-5B,2026C1,05/167-02,PSICOLOGÍA,5,B,NEUROCIENCIAS,2026-03-17 23:11:00,2026-07-31 00:21:00,13,92.31,3,4,75.0,59.61,69.09,2,6,23,Reprobado,1
33d342123818,3063,01/2026C1/P/05/167-02/5/000165-5B,2026C1,05/167-02,PSICOLOGÍA,5,B,METODOLOGÍA DE LA INVESTIGACIÓN,2026-04-02 00:10:00,2026-07-30 23:44:00,13,69.23,1,4,50.0,42.36,51.01,18,7,0,Reprobado,1
0b6af05130f4,3192,01/2026C1/P/01/188-01/3/000011-3A,2026C1,01/188-01,ENFERMERÍA,3,A,ANATOMÍA HUMANA,2026-04-23 17:31:00,2026-08-06 18:55:00,13,38.46,0,4,25.0,17.14,26.07,39,0,17,Reprobado,1
0b6af05130f4,3193,01/2026C1/P/01/188-01/3/000055-3A,2026C1,01/188-01,ENFERMERÍA,3,A,CUIDADO BÁSICO,2026-03-19 18:31:00,2026-08-05 19:01:00,13,92.31,0,4,75.0,67.46,78.88,4,1,18,Aprobado,0
0b6af05130f4,3194,01/2026C1/P/01/188-01/3/000121-3A,2026C1,01/188-01,ENFERMERÍA,3,A,FARMACOLOGÍA,2026-03-26 16:56:00,2026-08-06 16:19:00,13,84.62,1,4,75.0,63.76,61.76,11,0,16,Reprobado,1
0b6af05130f4,3195,01/2026C1/P/01/188-01/3/000165-3A,2026C1,01/188-01,ENFERMERÍA,3,A,METODOLOGÍA DE LA INVESTIGACIÓN,2026-03-19 17:49:00,2026-08-02 17:44:00,13,92.31,2,4,100.0,78.25,69.6,4,4,17,Reprobado,1
fbd8d803ea27,3008,01/2026C1/P/01/101-01/2/000011-2B,2026C1,01/101-01,MEDICINA,2,B,ANATOMÍA HUMANA,2026-03-15 18:06:00,2026-07-29 20:36:00,13,92.31,4,4,75.0,47.87,65.28,0,8,18,Reprobado,1
fbd8d803ea27,3009,01/2026C1/P/01/101-01/2/000033-2B,2026C1,01/101-01,MEDICINA,2,B,BIOQUÍMICA,2026-03-25 20:17:00,2026-08-03 18:36:00,13,69.23,2,4,50.0,28.6,42.44,10,3,20,Reprobado,1
fbd8d803ea27,3010,01/2026C1/P/01/101-01/2/000132-2B,2026C1,01/101-01,MEDICINA,2,B,FISIOLOGÍA,2026-03-15 19:49:00,2026-08-02 20:38:00,13,92.31,3,4,100.0,71.87,71.02,0,4,19,Aprobado,0
fbd8d803ea27,3011,01/2026C1/P/01/101-01/2/000165-2B,2026C1,01/101-01,MEDICINA,2,B,METODOLOGÍA DE LA INVESTIGACIÓN,2026-03-17 21:44:00,2026-07-29 18:33:00,13,100.0,3,4,100.0,76.62,74.79,2,8,21,Aprobado,0
906d0a80fcb3,3124,01/2026C1/P/01/101-01/1/000011-1A,2026C1,01/101-01,MEDICINA,1,A,ANATOMÍA HUMANA,2026-04-07 00:47:00,2026-05-31 23:17:00,13,0.0,0,4,0.0,0.0,0.0,23,67,0,Reprobado,1
906d0a80fcb3,3125,01/2026C1/P/01/101-01/1/000033-1A,2026C1,01/101-01,MEDICINA,1,A,BIOQUÍMICA,2026-03-20 00:31:00,2026-06-04 23:37:00,13,46.15,1,4,50.0,25.05,24.83,5,63,0,Reprobado,1
906d0a80fcb3,3126,01/2026C1/P/01/101-01/1/000132-1A,2026C1,01/101-01,MEDICINA,1,A,FISIOLOGÍA,2026-04-09 00:08:00,2026-04-23 23:24:00,13,15.38,0,4,50.0,36.07,11.11,25,105,0,Reprobado,1
906d0a80fcb3,3127,01/2026C1/P/01/101-01/1/000165-1A,2026C1,01/101-01,MEDICINA,1,A,METODOLOGÍA DE LA INVESTIGACIÓN,2026-04-04 23:29:00,2026-06-10 00:02:00,13,46.15,0,4,75.0,52.27,35.79,20,57,23,Reprobado,1
2fbcb259e65e,3228,01/2026C1/P/05/167-02/4/000209-4B,2026C1,05/167-02,PSICOLOGÍA,4,B,PSICOLOGÍA GENERAL,2026-03-21 20:08:00,2026-08-06 19:05:00,13,100.0,3,4,100.0,76.65,79.71,6,0,20,Aprobado,0
2fbcb259e65e,3229,01/2026C1/P/05/167-02/4/000110-4B,2026C1,05/167-02,PSICOLOGÍA,4,B,ESTADÍSTICA,2026-03-24 18:52:00,2026-07-29 20:24:00,13,100.0,0,4,100.0,78.95,83.62,9,8,18,Aprobado,0
2fbcb259e65e,3230,01/2026C1/P/05/167-02/4/000187-4B,2026C1,05/167-02,PSICOLOGÍA,4,B,NEUROCIENCIAS,2026-03-15 17:15:00,2026-08-05 20:45:00,13,100.0,2,4,100.0,87.72,88.06,0,1,17,Aprobado,0
2fbcb259e65e,3231,01/2026C1/P/05/167-02/4/000165-4B,2026C1,05/167-02,PSICOLOGÍA,4,B,METODOLOGÍA DE LA INVESTIGACIÓN,2026-03-18 19:29:00,2026-08-02 18:59:00,13,100.0,1,4,100.0,89.21,88.77,3,4,19,Aprobado,0
a1dd708801f1,3124,01/2026C1/P/01/101-01/1/000011-1A,2026C1,01/101-01,MEDICINA,1,A,ANATOMÍA HUMANA,2026-03-19 22:13:00,2026-08-01 21:20:00,13,100.0,0,4,100.0,84.95,86.05,4,5,22,Aprobado,0
a1dd708801f1,3125,01/2026C1/P/01/101-01/1/000033-1A,2026C1,01/101-01,MEDICINA,1,A,BIOQUÍMICA,2026-03-17 21:22:00,2026-08-03 21:51:00,13,100.0,1,4,100.0,92.5,89.48,2,3,21,Aprobado,0
a1dd708801f1,3126,01/2026C1/P/01/101-01/1/000132-1A,2026C1,01/101-01,MEDICINA,1,A,FISIOLOGÍA,2026-03-15 20:58:00,2026-08-02 21:03:00,13,100.0,1,4,100.0,94.32,92.31,0,4,20,Aprobado,0
a1dd708801f1,3127,01/2026C1/P/01/101-01/1/000165-1A,2026C1,01/101-01,MEDICINA,1,A,METODOLOGÍA DE LA INVESTIGACIÓN,2026-03-18 22:06:00,2026-08-03 22:33:00,13,100.0,0,4,100.0,94.66,89.22,3,3,22,Aprobado,0
486c515dc08c,3000,01/2026C1/P/03/210-01/1/000066-1A,2026C1,03/210-01,INGENIERÍA DE SOFTWARE,1,A,CÁLCULO DIFERENCIAL,2026-03-17 17:02:00,2026-08-07 18:42:00,13,100.0,4,4,100.0,74.87,84.27,2,0,17,Aprobado,0
486c515dc08c,3001,01/2026C1/P/03/210-01/1/000198-1A,2026C1,03/210-01,INGENIERÍA DE SOFTWARE,1,A,PROGRAMACIÓN I,2026-03-22 17:03:00,2026-08-02 16:27:00,13,100.0,2,4,100.0,80.51,89.45,7,4,17,Aprobado,0
486c515dc08c,3002,01/2026C1/P/03/210-01/1/000022-1A,2026C1,03/210-01,INGENIERÍA DE SOFTWARE,1,A,BASE DE DATOS,2026-03-19 16:34:00,2026-07-31 18:57:00,13,92.31,0,4,100.0,89.51,81.52,4,6,16,Aprobado,0
486c515dc08c,3003,01/2026C1/P/03/210-01/1/000165-1A,2026C1,03/210-01,INGENIERÍA DE SOFTWARE,1,A,METODOLOGÍA DE LA INVESTIGACIÓN,2026-03-18 17:22:00,2026-07-29 14:48:00,13,100.0,1,4,100.0,100.0,96.16,3,8,17,Aprobado,0
565f9940b885,3016,01/2026C1/P/01/188-01/2/000011-2A,2026C1,01/188-01,ENFERMERÍA,2,A,ANATOMÍA HUMANA,2026-03-18 19:15:00,2026-08-03 19:00:00,13,92.31,3,4,100.0,69.35,66.75,3,3,19,Reprobado,1
565f9940b885,3017,01/2026C1/P/01/188-01/2/000055-2A,2026C1,01/188-01,ENFERMERÍA,2,A,CUIDADO BÁSICO,2026-03-19 21:24:00,2026-08-07 19:40:00,13,100.0,3,4,100.0,80.16,81.69,4,0,21,Aprobado,0
565f9940b885,3018,01/2026C1/P/01/188-01/2/000121-2A,2026C1,01/188-01,ENFERMERÍA,2,A,FARMACOLOGÍA,2026-03-16 20:15:00,2026-08-04 19:51:00,13,76.92,2,4,100.0,71.79,55.72,1,2,20,Reprobado,1
565f9940b885,3019,01/2026C1/P/01/188-01/2/000165-2A,2026C1,01/188-01,ENFERMERÍA,2,A,METODOLOGÍA DE LA INVESTIGACIÓN,2026-03-17 18:58:00,2026-08-07 21:02:00,13,84.62,1,4,100.0,70.94,63.63,2,0,18,Reprobado,1
a24613fabf43,3248,01/2026C1/P/01/188-01/1/000011-1B,2026C1,01/188-01,ENFERMERÍA,1,B,ANATOMÍA HUMANA,2026-03-21 19:01:00,2026-08-01 14:58:00,13,100.0,0,4,100.0,79.16,85.25,6,5,19,Aprobado,0
a24613fabf43,3249,01/2026C1/P/01/188-01/1/000055-1B,2026C1,01/188-01,ENFERMERÍA,1,B,CUIDADO BÁSICO,2026-03-17 16:16:00,2026-07-31 16:33:00,13,100.0,3,4,100.0,89.04,89.44,2,6,16,Aprobado,0
a24613fabf43,3250,01/2026C1/P/01/188-01/1/000121-1B,2026C1,01/188-01,ENFERMERÍA,1,B,FARMACOLOGÍA,2026-03-21 16:11:00,2026-08-03 15:56:00,13,100.0,2,4,100.0,84.39,87.31,6,3,16,Aprobado,0
a24613fabf43,3251,01/2026C1/P/01/188-01/1/000165-1B,2026C1,01/188-01,ENFERMERÍA,1,B,METODOLOGÍA DE LA INVESTIGACIÓN,2026-03-18 17:50:00,2026-08-02 18:01:00,13,100.0,1,4,100.0,89.28,91.18,3,4,17,Aprobado,0
71b3bfb3d9ba,3236,01/2026C1/P/02/145-01/5/000077-5B,2026C1,02/145-01,DERECHO,5,B,DERECHO CIVIL,2026-03-15 22:56:00,2026-08-06 20:56:00,13,100.0,2,4,100.0,90.74,83.82,0,0,22,Aprobado,0
71b3bfb3d9ba,3237,01/2026C1/P/02/145-01/5/000099-5B,2026C1,02/145-01,DERECHO,5,B,DERECHO PENAL,2026-03-23 23:01:00,2026-08-01 21:45:00,13,92.31,1,4,100.0,82.58,77.64,8,5,23,Aprobado,0
71b3bfb3d9ba,3238,01/2026C1/P/02/145-01/5/000088-5B,2026C1,02/145-01,DERECHO,5,B,DERECHO CONSTITUCIONAL,2026-03-20 23:25:00,2026-08-03 23:16:00,13,100.0,4,4,100.0,81.35,79.05,5,3,23,Aprobado,0
71b3bfb3d9ba,3239,01/2026C1/P/02/145-01/5/000165-5B,2026C1,02/145-01,DERECHO,5,B,METODOLOGÍA DE LA INVESTIGACIÓN,2026-03-27 22:30:00,2026-08-07 23:21:00,13,76.92,1,4,100.0,84.6,62.87,12,0,22,Reprobado,1
02ef1a6faf33,3172,01/2026C1/P/01/188-01/5/000011-5A,2026C1,01/188-01,ENFERMERÍA,5,A,ANATOMÍA HUMANA,2026-03-15 18:18:00,2026-07-29 18:43:00,13,100.0,1,4,100.0,78.46,84.48,0,8,18,Aprobado,0
02ef1a6faf33,3173,01/2026C1/P/01/188-01/5/000055-5A,2026C1,01/188-01,ENFERMERÍA,5,A,CUIDADO BÁSICO,2026-03-17 18:22:00,2026-07-30 18:41:00,13,92.31,3,4,75.0,66.51,79.72,2,7,18,Aprobado,0
02ef1a6faf33,3174,01/2026C1/P/01/188-01/5/000121-5A,2026C1,01/188-01,ENFERMERÍA,5,A,FARMACOLOGÍA,2026-03-17 18:18:00,2026-08-06 18:20:00,13,92.31,3,4,100.0,86.61,74.66,2,0,18,Aprobado,0
02ef1a6faf33,3175,01/2026C1/P/01/188-01/5/000165-5A,2026C1,01/188-01,ENFERMERÍA,5,A,METODOLOGÍA DE LA INVESTIGACIÓN,2026-03-22 17:58:00,2026-08-04 18:23:00,13,100.0,3,4,100.0,88.36,88.81,7,2,17,Aprobado,0
52957cc0fb72,3028,01/2026C1/P/04/132-02/2/000044-2B,2026C1,04/132-02,CONTABILIDAD Y AUDITORÍA,2,B,CONTABILIDAD GENERAL,2026-03-17 00:07:00,2026-07-31 23:39:00,13,100.0,1,4,100.0,78.52,81.99,2,6,0,Aprobado,0
52957cc0fb72,3029,01/2026C1/P/04/132-02/2/000154-2B,2026C1,04/132-02,CONTABILIDAD Y AUDITORÍA,2,B,MATEMÁTICA FINANCIERA,2026-04-01 00:31:00,2026-08-02 01:11:00,13,92.31,2,4,100.0,79.93,73.66,17,4,0,Aprobado,0
52957cc0fb72,3030,01/2026C1/P/04/132-02/2/000220-2B,2026C1,04/132-02,CONTABILIDAD Y AUDITORÍA,2,B,TRIBUTACIÓN,2026-03-16 00:58:00,2026-07-29 23:11:00,13,100.0,2,4,100.0,90.24,81.56,1,8,0,Aprobado,0
52957cc0fb72,3031,01/2026C1/P/04/132-02/2/000165-2B,2026C1,04/132-02,CONTABILIDAD Y AUDITORÍA,2,B,METODOLOGÍA DE LA INVESTIGACIÓN,2026-03-16 22:56:00,2026-08-08 00:36:00,13,61.54,1,4,75.0,48.5,37.04,1,0,22,Reprobado,1
dd8d1812cff8,3136,01/2026C1/P/01/188-01/1/000011-1A,2026C1,01/188-01,ENFERMERÍA,1,A,ANATOMÍA HUMANA,2026-03-16 20:09:00,2026-08-06 19:29:00,13,100.0,0,4,100.0,94.11,94.47,1,0,20,Aprobado,0
dd8d1812cff8,3137,01/2026C1/P/01/188-01/1/000055-1A,2026C1,01/188-01,ENFERMERÍA,1,A,CUIDADO BÁSICO,2026-03-16 19:19:00,2026-08-06 18:51:00,13,100.0,0,4,100.0,97.84,94.92,1,0,19,Aprobado,0
dd8d1812cff8,3138,01/2026C1/P/01/188-01/1/000121-1A,2026C1,01/188-01,ENFERMERÍA,1,A,FARMACOLOGÍA,2026-03-15 17:41:00,2026-08-01 20:59:00,13,100.0,1,4,100.0,89.68,91.52,0,5,17,Aprobado,0
dd8d1812cff8,3139,01/2026C1/P/01/188-01/1/000165-1A,2026C1,01/188-01,ENFERMERÍA,1,A,METODOLOGÍA DE LA INVESTIGACIÓN,2026-03-24 19:26:00,2026-08-05 18:53:00,13,100.0,0,4,100.0,93.88,96.72,9,1,19,Aprobado,0
64f76aa12767,3020,01/2026C1/P/03/210-01/3/000066-3A,2026C1,03/210-01,INGENIERÍA DE SOFTWARE,3,A,CÁLCULO DIFERENCIAL,2026-03-15 15:00:00,2026-08-02 14:13:00,13,100.0,0,4,100.0,82.31,83.11,0,4,15,Aprobado,0
64f76aa12767,3021,01/2026C1/P/03/210-01/3/000198-3A,2026C1,03/210-01,INGENIERÍA DE SOFTWARE,3,A,PROGRAMACIÓN I,2026-03-22 15:10:00,2026-07-29 14:57:00,13,100.0,1,4,100.0,86.73,89.31,7,8,15,Aprobado,0
64f76aa12767,3022,01/2026C1/P/03/210-01/3/000022-3A,2026C1,03/210-01,INGENIERÍA DE SOFTWARE,3,A,BASE DE DATOS,2026-03-18 15:21:00,2026-08-05 14:56:00,13,100.0,0,4,100.0,74.44,82.56,3,1,15,Aprobado,0
64f76aa12767,3023,01/2026C1/P/03/210-01/3/000165-3A,2026C1,03/210-01,INGENIERÍA DE SOFTWARE,3,A,METODOLOGÍA DE LA INVESTIGACIÓN,2026-03-24 13:50:00,2026-07-31 13:58:00,13,100.0,2,4,100.0,91.8,90.78,9,6,13,Aprobado,0
2ffa142936a3,3200,01/2026C1/P/04/120-03/4/000143-4A,2026C1,04/120-03,ECONOMÍA,4,A,MACROECONOMÍA,2026-03-18 18:38:00,2026-07-30 19:50:00,13,84.62,2,4,100.0,68.94,58.19,3,7,18,Reprobado,1
2ffa142936a3,3201,01/2026C1/P/04/120-03/4/000176-4A,2026C1,04/120-03,ECONOMÍA,4,A,MICROECONOMÍA,2026-03-20 19:37:00,2026-08-01 20:33:00,13,100.0,2,4,100.0,79.53,77.9,5,5,19,Aprobado,0
2ffa142936a3,3202,01/2026C1/P/04/120-03/4/000110-4A,2026C1,04/120-03,ECONOMÍA,4,A,ESTADÍSTICA,2026-03-19 19:38:00,2026-08-05 19:27:00,13,100.0,1,4,100.0,89.46,85.62,4,1,19,Aprobado,0
2ffa142936a3,3203,01/2026C1/P/04/120-03/4/000165-4A,2026C1,04/120-03,ECONOMÍA,4,A,METODOLOGÍA DE LA INVESTIGACIÓN,2026-03-15 18:59:00,2026-07-29 20:11:00,13,92.31,2,4,100.0,72.37,70.15,0,8,18,Aprobado,0
e7cf669db7f4,3228,01/2026C1/P/05/167-02/4/000209-4B,2026C1,05/167-02,PSICOLOGÍA,4,B,PSICOLOGÍA GENERAL,2026-03-28 19:23:00,2026-07-29 19:52:00,13,100.0,0,4,100.0,95.24,96.09,13,8,19,Aprobado,0
e7cf669db7f4,3229,01/2026C1/P/05/167-02/4/000110-4B,2026C1,05/167-02,PSICOLOGÍA,4,B,ESTADÍSTICA,2026-03-23 19:28:00,2026-08-07 20:16:00,13,100.0,2,4,100.0,81.81,89.44,8,0,19,Aprobado,0
e7cf669db7f4,3230,01/2026C1/P/05/167-02/4/000187-4B,2026C1,05/167-02,PSICOLOGÍA,4,B,NEUROCIENCIAS,2026-03-20 21:16:00,2026-07-30 20:33:00,13,100.0,2,4,100.0,99.99,96.22,5,7,21,Aprobado,0
e7cf669db7f4,3231,01/2026C1/P/05/167-02/4/000165-4B,2026C1,05/167-02,PSICOLOGÍA,4,B,METODOLOGÍA DE LA INVESTIGACIÓN,2026-03-15 21:37:00,2026-08-06 19:09:00,13,100.0,2,4,100.0,100.0,91.63,0,0,21,Aprobado,0
705cc4ca1d6c,3236,01/2026C1/P/02/145-01/5/000077-5B,2026C1,02/145-01,DERECHO,5,B,DERECHO CIVIL,2026-03-29 17:46:00,2026-08-02 19:46:00,13,84.62,4,4,75.0,62.89,63.41,14,4,17,Reprobado,1
705cc4ca1d6c,3237,01/2026C1/P/02/145-01/5/000099-5B,2026C1,02/145-01,DERECHO,5,B,DERECHO PENAL,2026-03-29 18:20:00,2026-07-29 18:51:00,13,84.62,3,4,75.0,59.14,64.35,14,8,18,Reprobado,1
705cc4ca1d6c,3238,01/2026C1/P/02/145-01/5/000088-5B,2026C1,02/145-01,DERECHO,5,B,DERECHO CONSTITUCIONAL,2026-03-29 18:59:00,2026-08-07 18:11:00,13,69.23,2,4,75.0,60.41,53.77,14,0,18,Reprobado,1
705cc4ca1d6c,3239,01/2026C1/P/02/145-01/5/000165-5B,2026C1,02/145-01,DERECHO,5,B,METODOLOGÍA DE LA INVESTIGACIÓN,2026-03-15 19:10:00,2026-08-01 18:09:00,13,100.0,5,4,100.0,77.12,80.63,0,5,19,Aprobado,0
ea45e2d9e6c7,3176,01/2026C1/P/02/145-01/1/000077-1A,2026C1,02/145-01,DERECHO,1,A,DERECHO CIVIL,2026-03-31 19:11:00,2026-08-06 20:23:00,13,69.23,2,4,75.0,52.04,52.9,16,0,19,Reprobado,1
ea45e2d9e6c7,3177,01/2026C1/P/02/145-01/1/000099-1A,2026C1,02/145-01,DERECHO,1,A,DERECHO PENAL,2026-03-15 19:40:00,2026-08-05 19:30:00,13,84.62,3,4,100.0,68.5,61.63,0,1,19,Reprobado,1
ea45e2d9e6c7,3178,01/2026C1/P/02/145-01/1/000088-1A,2026C1,02/145-01,DERECHO,1,A,DERECHO CONSTITUCIONAL,2026-03-21 20:14:00,2026-08-02 21:15:00,13,100.0,5,4,100.0,76.99,79.66,6,4,20,Aprobado,0
ea45e2d9e6c7,3179,01/2026C1/P/02/145-01/1/000165-1A,2026C1,02/145-01,DERECHO,1,A,METODOLOGÍA DE LA INVESTIGACIÓN,2026-03-21 21:13:00,2026-08-06 19:17:00,13,100.0,2,4,100.0,83.74,87.67,6,0,21,Aprobado,0
afe6f9c71a95,3248,01/2026C1/P/01/188-01/1/000011-1B,2026C1,01/188-01,ENFERMERÍA,1,B,ANATOMÍA HUMANA,2026-04-02 23:24:00,2026-06-07 23:21:00,13,0.0,0,4,0.0,0.0,0.0,18,60,23,Reprobado,1
afe6f9c71a95,3249,01/2026C1/P/01/188-01/1/000055-1B,2026C1,01/188-01,ENFERMERÍA,1,B,CUIDADO BÁSICO,2026-03-21 23:01:00,2026-05-08 23:07:00,13,7.69,0,4,25.0,15.12,4.3,6,90,23,Reprobado,1
afe6f9c71a95,3250,01/2026C1/P/01/188-01/1/000121-1B,2026C1,01/188-01,ENFERMERÍA,1,B,FARMACOLOGÍA,2026-03-19 00:05:00,2026-05-23 00:05:00,13,7.69,0,4,0.0,0.0,4.37,4,75,0,Reprobado,1
afe6f9c71a95,3251,01/2026C1/P/01/188-01/1/000165-1B,2026C1,01/188-01,ENFERMERÍA,1,B,METODOLOGÍA DE LA INVESTIGACIÓN,2026-04-09 23:34:00,2026-04-30 22:39:00,13,0.0,0,4,0.0,0.0,0.0,25,98,23,Reprobado,1
05ef633cd6a9,3228,01/2026C1/P/05/167-02/4/000209-4B,2026C1,05/167-02,PSICOLOGÍA,4,B,PSICOLOGÍA GENERAL,2026-03-18 17:20:00,2026-08-01 17:05:00,13,100.0,1,4,100.0,95.21,93.15,3,5,17,Aprobado,0
05ef633cd6a9,3229,01/2026C1/P/05/167-02/4/000110-4B,2026C1,05/167-02,PSICOLOGÍA,4,B,ESTADÍSTICA,2026-03-26 18:10:00,2026-08-02 19:34:00,13,100.0,2,4,100.0,72.79,72.75,11,4,18,Aprobado,0
05ef633cd6a9,3230,01/2026C1/P/05/167-02/4/000187-4B,2026C1,05/167-02,PSICOLOGÍA,4,B,NEUROCIENCIAS,2026-03-16 18:58:00,2026-08-02 18:09:00,13,100.0,1,4,100.0,86.19,90.26,1,4,18,Aprobado,0
05ef633cd6a9,3231,01/2026C1/P/05/167-02/4/000165-4B,2026C1,05/167-02,PSICOLOGÍA,4,B,METODOLOGÍA DE LA INVESTIGACIÓN,2026-03-20 18:38:00,2026-08-02 18:26:00,13,100.0,1,4,100.0,91.39,91.81,5,4,18,Aprobado,0
a2fdd4b8f4ae,3264,01/2026C1/P/04/132-02/5/000044-5A,2026C1,04/132-02,CONTABILIDAD Y AUDITORÍA,5,A,CONTABILIDAD GENERAL,2026-04-06 19:14:00,2026-08-02 19:18:00,13,30.77,2,4,25.0,16.27,19.02,22,4,19,Reprobado,1
a2fdd4b8f4ae,3265,01/2026C1/P/04/132-02/5/000154-5A,2026C1,04/132-02,CONTABILIDAD Y AUDITORÍA,5,A,MATEMÁTICA FINANCIERA,2026-03-22 19:54:00,2026-07-30 22:43:00,13,53.85,0,4,50.0,41.16,41.78,7,7,19,Reprobado,1
a2fdd4b8f4ae,3266,01/2026C1/P/04/132-02/5/000220-5A,2026C1,04/132-02,CONTABILIDAD Y AUDITORÍA,5,A,TRIBUTACIÓN,2026-03-23 23:02:00,2026-08-03 21:04:00,13,92.31,6,4,100.0,70.03,65.72,8,3,23,Reprobado,1
a2fdd4b8f4ae,3267,01/2026C1/P/04/132-02/5/000165-5A,2026C1,04/132-02,CONTABILIDAD Y AUDITORÍA,5,A,METODOLOGÍA DE LA INVESTIGACIÓN,2026-03-16 22:12:00,2026-07-30 21:35:00,13,92.31,3,4,100.0,59.31,58.88,1,7,22,Reprobado,1
238a2b88e834,3100,01/2026C1/P/01/101-01/5/000011-5B,2026C1,01/101-01,MEDICINA,5,B,ANATOMÍA HUMANA,2026-03-29 21:37:00,2026-08-07 19:59:00,13,61.54,2,4,50.0,32.05,36.2,14,0,21,Reprobado,1
238a2b88e834,3101,01/2026C1/P/01/101-01/5/000033-5B,2026C1,01/101-01,MEDICINA,5,B,BIOQUÍMICA,2026-03-24 20:40:00,2026-07-30 20:45:00,13,84.62,1,4,100.0,64.33,52.61,9,7,20,Reprobado,1
238a2b88e834,3102,01/2026C1/P/01/101-01/5/000132-5B,2026C1,01/101-01,MEDICINA,5,B,FISIOLOGÍA,2026-03-22 20:32:00,2026-08-05 18:48:00,13,84.62,2,4,75.0,49.93,66.97,7,1,20,Reprobado,1
238a2b88e834,3103,01/2026C1/P/01/101-01/5/000165-5B,2026C1,01/101-01,MEDICINA,5,B,METODOLOGÍA DE LA INVESTIGACIÓN,2026-03-18 21:54:00,2026-08-04 20:25:00,13,84.62,6,4,100.0,62.84,55.9,3,2,21,Reprobado,1
c3cf94911e12,3140,01/2026C1/P/04/120-03/3/000143-3B,2026C1,04/120-03,ECONOMÍA,3,B,MACROECONOMÍA,2026-03-25 21:46:00,2026-08-03 21:24:00,13,69.23,3,4,100.0,75.42,55.3,10,3,21,Reprobado,1
c3cf94911e12,3141,01/2026C1/P/04/120-03/3/000176-3B,2026C1,04/120-03,ECONOMÍA,3,B,MICROECONOMÍA,2026-04-12 21:15:00,2026-07-30 21:24:00,13,92.31,3,4,100.0,83.68,75.7,28,7,21,Aprobado,0
c3cf94911e12,3142,01/2026C1/P/04/120-03/3/000110-3B,2026C1,04/120-03,ECONOMÍA,3,B,ESTADÍSTICA,2026-03-17 21:01:00,2026-08-06 20:31:00,13,100.0,0,4,100.0,80.02,79.89,2,0,21,Aprobado,0
c3cf94911e12,3143,01/2026C1/P/04/120-03/3/000165-3B,2026C1,04/120-03,ECONOMÍA,3,B,METODOLOGÍA DE LA INVESTIGACIÓN,2026-03-17 21:21:00,2026-08-07 20:39:00,13,92.31,1,4,100.0,69.34,70.46,2,0,21,Aprobado,0
e02eae372552,3092,01/2026C1/P/05/167-02/1/000209-1A,2026C1,05/167-02,PSICOLOGÍA,1,A,PSICOLOGÍA GENERAL,2026-03-20 14:36:00,2026-07-29 15:04:00,13,100.0,1,4,100.0,93.59,95.0,5,8,14,Aprobado,0
e02eae372552,3093,01/2026C1/P/05/167-02/1/000110-1A,2026C1,05/167-02,PSICOLOGÍA,1,A,ESTADÍSTICA,2026-03-17 16:06:00,2026-08-06 13:29:00,13,100.0,1,4,100.0,89.06,91.74,2,0,16,Aprobado,0
e02eae372552,3094,01/2026C1/P/05/167-02/1/000187-1A,2026C1,05/167-02,PSICOLOGÍA,1,A,NEUROCIENCIAS,2026-03-18 14:23:00,2026-07-30 14:01:00,13,100.0,0,4,100.0,94.67,93.99,3,7,14,Aprobado,0
e02eae372552,3095,01/2026C1/P/05/167-02/1/000165-1A,2026C1,05/167-02,PSICOLOGÍA,1,A,METODOLOGÍA DE LA INVESTIGACIÓN,2026-03-17 15:24:00,2026-07-30 17:01:00,13,100.0,1,4,100.0,91.16,92.5,2,7,15,Aprobado,0
ec0cd2e96797,3180,01/2026C1/P/02/145-01/3/000077-3B,2026C1,02/145-01,DERECHO,3,B,DERECHO CIVIL,2026-03-20 16:32:00,2026-07-29 15:48:00,13,100.0,2,4,100.0,97.5,97.12,5,8,16,Aprobado,0
ec0cd2e96797,3181,01/2026C1/P/02/145-01/3/000099-3B,2026C1,02/145-01,DERECHO,3,B,DERECHO PENAL,2026-03-22 15:54:00,2026-08-04 15:44:00,13,100.0,1,4,100.0,98.46,95.01,7,2,15,Aprobado,0
ec0cd2e96797,3182,01/2026C1/P/02/145-01/3/000088-3B,2026C1,02/145-01,DERECHO,3,B,DERECHO CONSTITUCIONAL,2026-03-15 17:25:00,2026-08-01 16:26:00,13,100.0,1,4,100.0,94.18,95.99,0,5,17,Aprobado,0
ec0cd2e96797,3183,01/2026C1/P/02/145-01/3/000165-3B,2026C1,02/145-01,DERECHO,3,B,METODOLOGÍA DE LA INVESTIGACIÓN,2026-03-17 15:18:00,2026-08-03 15:11:00,13,100.0,2,4,100.0,94.22,89.13,2,3,15,Aprobado,0
9888363f77cd,3004,01/2026C1/P/04/132-02/3/000044-3A,2026C1,04/132-02,CONTABILIDAD Y AUDITORÍA,3,A,CONTABILIDAD GENERAL,2026-03-18 19:33:00,2026-07-31 18:44:00,13,100.0,2,4,100.0,97.5,97.1,3,6,19,Aprobado,0
9888363f77cd,3005,01/2026C1/P/04/132-02/3/000154-3A,2026C1,04/132-02,CONTABILIDAD Y AUDITORÍA,3,A,MATEMÁTICA FINANCIERA,2026-03-16 18:24:00,2026-08-07 19:41:00,13,100.0,1,4,100.0,84.08,88.75,1,0,18,Aprobado,0
9888363f77cd,3006,01/2026C1/P/04/132-02/3/000220-3A,2026C1,04/132-02,CONTABILIDAD Y AUDITORÍA,3,A,TRIBUTACIÓN,2026-03-20 20:13:00,2026-08-05 18:29:00,13,100.0,3,4,100.0,97.5,95.27,5,1,20,Aprobado,0
9888363f77cd,3007,01/2026C1/P/04/132-02/3/000165-3A,2026C1,04/132-02,CONTABILIDAD Y AUDITORÍA,3,A,METODOLOGÍA DE LA INVESTIGACIÓN,2026-03-15 20:32:00,2026-08-06 18:20:00,13,100.0,2,4,100.0,89.62,87.79,0,0,20,Aprobado,0
abb2a4de278b,3116,01/2026C1/P/04/120-03/2/000143-2B,2026C1,04/120-03,ECONOMÍA,2,B,MACROECONOMÍA,2026-03-16 13:52:00,2026-08-06 13:38:00,13,100.0,0,4,100.0,98.51,97.04,1,0,13,Aprobado,0
abb2a4de278b,3117,01/2026C1/P/04/120-03/2/000176-2B,2026C1,04/120-03,ECONOMÍA,2,B,MICROECONOMÍA,2026-03-21 13:51:00,2026-08-04 14:12:00,13,100.0,1,4,100.0,92.83,91.56,6,2,13,Aprobado,0
abb2a4de278b,3118,01/2026C1/P/04/120-03/2/000110-2B,2026C1,04/120-03,ECONOMÍA,2,B,ESTADÍSTICA,2026-03-16 13:26:00,2026-08-01 13:56:00,13,100.0,1,4,100.0,90.45,88.65,1,5,13,Aprobado,0
abb2a4de278b,3119,01/2026C1/P/04/120-03/2/000165-2B,2026C1,04/120-03,ECONOMÍA,2,B,METODOLOGÍA DE LA INVESTIGACIÓN,2026-03-19 12:58:00,2026-08-07 12:44:00,13,100.0,3,4,100.0,97.3,93.26,4,0,12,Aprobado,0
268a7f942628,3048,01/2026C1/P/03/210-01/5/000066-5B,2026C1,03/210-01,INGENIERÍA DE SOFTWARE,5,B,CÁLCULO DIFERENCIAL,2026-03-17 19:15:00,2026-07-30 18:24:00,13,92.31,3,4,100.0,61.8,62.74,2,7,19,Reprobado,1
268a7f942628,3049,01/2026C1/P/03/210-01/5/000198-5B,2026C1,03/210-01,INGENIERÍA DE SOFTWARE,5,B,PROGRAMACIÓN I,2026-03-16 16:56:00,2026-08-07 18:28:00,13,100.0,1,4,100.0,76.19,81.26,1,0,16,Aprobado,0
268a7f942628,3050,01/2026C1/P/03/210-01/5/000022-5B,2026C1,03/210-01,INGENIERÍA DE SOFTWARE,5,B,BASE DE DATOS,2026-03-16 19:06:00,2026-08-02 18:52:00,13,100.0,2,4,100.0,96.36,87.31,1,4,19,Aprobado,0
268a7f942628,3051,01/2026C1/P/03/210-01/5/000165-5B,2026C1,03/210-01,INGENIERÍA DE SOFTWARE,5,B,METODOLOGÍA DE LA INVESTIGACIÓN,2026-03-19 18:37:00,2026-08-03 17:13:00,13,100.0,2,4,100.0,83.01,86.2,4,3,18,Aprobado,0
46d9a5027b12,3008,01/2026C1/P/01/101-01/2/000011-2B,2026C1,01/101-01,MEDICINA,2,B,ANATOMÍA HUMANA,2026-03-15 20:00:00,2026-08-07 19:00:00,13,100.0,2,4,100.0,68.79,70.57,0,0,20,Aprobado,0
46d9a5027b12,3009,01/2026C1/P/01/101-01/2/000033-2B,2026C1,01/101-01,MEDICINA,2,B,BIOQUÍMICA,2026-03-22 18:13:00,2026-07-29 19:03:00,13,92.31,1,4,75.0,64.68,69.31,7,8,18,Reprobado,1
46d9a5027b12,3010,01/2026C1/P/01/101-01/2/000132-2B,2026C1,01/101-01,MEDICINA,2,B,FISIOLOGÍA,2026-04-04 18:02:00,2026-08-01 19:01:00,13,53.85,1,4,75.0,56.34,37.82,20,5,18,Reprobado,1
46d9a5027b12,3011,01/2026C1/P/01/101-01/2/000165-2B,2026C1,01/101-01,MEDICINA,2,B,METODOLOGÍA DE LA INVESTIGACIÓN,2026-03-15 20:11:00,2026-08-05 18:56:00,13,100.0,3,4,100.0,81.05,74.38,0,1,20,Aprobado,0
366566d722e7,3264,01/2026C1/P/04/132-02/5/000044-5A,2026C1,04/132-02,CONTABILIDAD Y AUDITORÍA,5,A,CONTABILIDAD GENERAL,2026-04-15 23:58:00,2026-07-31 22:33:00,13,69.23,2,4,75.0,55.8,49.63,31,6,23,Reprobado,1
366566d722e7,3265,01/2026C1/P/04/132-02/5/000154-5A,2026C1,04/132-02,CONTABILIDAD Y AUDITORÍA,5,A,MATEMÁTICA FINANCIERA,2026-03-27 23:50:00,2026-07-30 01:05:00,13,100.0,2,4,100.0,64.74,65.21,12,7,23,Reprobado,1
366566d722e7,3266,01/2026C1/P/04/132-02/5/000220-5A,2026C1,04/132-02,CONTABILIDAD Y AUDITORÍA,5,A,TRIBUTACIÓN,2026-04-13 00:55:00,2026-08-03 23:49:00,13,53.85,0,4,50.0,34.46,41.72,29,3,0,Reprobado,1
366566d722e7,3267,01/2026C1/P/04/132-02/5/000165-5A,2026C1,04/132-02,CONTABILIDAD Y AUDITORÍA,5,A,METODOLOGÍA DE LA INVESTIGACIÓN,2026-04-23 23:28:00,2026-08-01 22:53:00,13,38.46,1,4,50.0,35.94,29.23,39,5,23,Reprobado,1
1fcae5615f62,3120,01/2026C1/P/04/132-02/3/000044-3B,2026C1,04/132-02,CONTABILIDAD Y AUDITORÍA,3,B,CONTABILIDAD GENERAL,2026-03-17 18:19:00,2026-08-05 17:25:00,13,100.0,3,4,100.0,83.46,86.85,2,1,18,Aprobado,0
1fcae5615f62,3121,01/2026C1/P/04/132-02/3/000154-3B,2026C1,04/132-02,CONTABILIDAD Y AUDITORÍA,3,B,MATEMÁTICA FINANCIERA,2026-03-18 19:03:00,2026-07-29 16:26:00,13,100.0,1,4,100.0,64.58,68.38,3,8,19,Reprobado,1
1fcae5615f62,3122,01/2026C1/P/04/132-02/3/000220-3B,2026C1,04/132-02,CONTABILIDAD Y AUDITORÍA,3,B,TRIBUTACIÓN,2026-03-19 20:38:00,2026-08-04 17:35:00,13,76.92,2,4,100.0,59.55,51.04,4,2,20,Reprobado,1
1fcae5615f62,3123,01/2026C1/P/04/132-02/3/000165-3B,2026C1,04/132-02,CONTABILIDAD Y AUDITORÍA,3,B,METODOLOGÍA DE LA INVESTIGACIÓN,2026-03-16 18:39:00,2026-08-02 19:00:00,13,100.0,2,4,100.0,77.2,78.79,1,4,18,Aprobado,0
dbc218f342a4,3232,01/2026C1/P/01/101-01/2/000011-2A,2026C1,01/101-01,MEDICINA,2,A,ANATOMÍA HUMANA,2026-04-01 19:40:00,2026-08-01 19:41:00,13,53.85,1,4,50.0,30.4,34.21,17,5,19,Reprobado,1
dbc218f342a4,3233,01/2026C1/P/01/101-01/2/000033-2A,2026C1,01/101-01,MEDICINA,2,A,BIOQUÍMICA,2026-03-19 22:22:00,2026-08-04 20:18:00,13,100.0,2,4,100.0,66.16,67.95,4,2,22,Reprobado,1
dbc218f342a4,3234,01/2026C1/P/01/101-01/2/000132-2A,2026C1,01/101-01,MEDICINA,2,A,FISIOLOGÍA,2026-03-20 19:03:00,2026-08-01 18:39:00,13,84.62,5,4,100.0,56.16,50.1,5,5,19,Reprobado,1
dbc218f342a4,3235,01/2026C1/P/01/101-01/2/000165-2A,2026C1,01/101-01,MEDICINA,2,A,METODOLOGÍA DE LA INVESTIGACIÓN,2026-03-25 20:32:00,2026-08-02 20:26:00,13,92.31,1,4,100.0,74.37,74.13,10,4,20,Aprobado,0
006f90cab52b,3136,01/2026C1/P/01/188-01/1/000011-1A,2026C1,01/188-01,ENFERMERÍA,1,A,ANATOMÍA HUMANA,2026-03-16 17:18:00,2026-07-31 17:48:00,13,100.0,3,4,100.0,94.14,93.0,1,6,17,Aprobado,0
006f90cab52b,3137,01/2026C1/P/01/188-01/1/000055-1A,2026C1,01/188-01,ENFERMERÍA,1,A,CUIDADO BÁSICO,2026-03-19 20:02:00,2026-07-29 18:44:00,13,100.0,0,4,100.0,94.99,97.7,4,8,20,Aprobado,0
006f90cab52b,3138,01/2026C1/P/01/188-01/1/000121-1A,2026C1,01/188-01,ENFERMERÍA,1,A,FARMACOLOGÍA,2026-03-15 17:27:00,2026-07-30 17:56:00,13,100.0,1,4,100.0,93.72,97.1,0,7,17,Aprobado,0
006f90cab52b,3139,01/2026C1/P/01/188-01/1/000165-1A,2026C1,01/188-01,ENFERMERÍA,1,A,METODOLOGÍA DE LA INVESTIGACIÓN,2026-03-22 17:16:00,2026-08-01 18:03:00,13,100.0,0,4,100.0,100.0,99.85,7,5,17,Aprobado,0
cc215007f3ba,3120,01/2026C1/P/04/132-02/3/000044-3B,2026C1,04/132-02,CONTABILIDAD Y AUDITORÍA,3,B,CONTABILIDAD GENERAL,2026-03-15 15:41:00,2026-08-02 16:01:00,13,100.0,3,4,100.0,86.98,91.05,0,4,15,Aprobado,0
cc215007f3ba,3121,01/2026C1/P/04/132-02/3/000154-3B,2026C1,04/132-02,CONTABILIDAD Y AUDITORÍA,3,B,MATEMÁTICA FINANCIERA,2026-03-15 17:14:00,2026-08-01 16:23:00,13,100.0,3,4,100.0,87.94,84.85,0,5,17,Aprobado,0
cc215007f3ba,3122,01/2026C1/P/04/132-02/3/000220-3B,2026C1,04/132-02,CONTABILIDAD Y AUDITORÍA,3,B,TRIBUTACIÓN,2026-03-28 16:12:00,2026-07-30 13:28:00,13,100.0,0,4,100.0,92.48,95.64,13,7,16,Aprobado,0
cc215007f3ba,3123,01/2026C1/P/04/132-02/3/000165-3B,2026C1,04/132-02,CONTABILIDAD Y AUDITORÍA,3,B,METODOLOGÍA DE LA INVESTIGACIÓN,2026-03-16 17:17:00,2026-08-03 14:15:00,13,100.0,1,4,100.0,91.79,95.41,1,3,17,Aprobado,0
da9ad5392ded,3064,01/2026C1/P/03/210-01/2/000066-2A,2026C1,03/210-01,INGENIERÍA DE SOFTWARE,2,A,CÁLCULO DIFERENCIAL,2026-03-20 19:20:00,2026-08-05 18:36:00,13,100.0,1,4,100.0,95.11,92.15,5,1,19,Aprobado,0
da9ad5392ded,3065,01/2026C1/P/03/210-01/2/000198-2A,2026C1,03/210-01,INGENIERÍA DE SOFTWARE,2,A,PROGRAMACIÓN I,2026-03-17 18:24:00,2026-07-30 18:49:00,13,100.0,0,4,100.0,88.06,92.14,2,7,18,Aprobado,0
da9ad5392ded,3066,01/2026C1/P/03/210-01/2/000022-2A,2026C1,03/210-01,INGENIERÍA DE SOFTWARE,2,A,BASE DE DATOS,2026-03-15 18:48:00,2026-08-04 19:26:00,13,100.0,1,4,100.0,92.05,82.94,0,2,18,Aprobado,0
da9ad5392ded,3067,01/2026C1/P/03/210-01/2/000165-2A,2026C1,03/210-01,INGENIERÍA DE SOFTWARE,2,A,METODOLOGÍA DE LA INVESTIGACIÓN,2026-03-25 15:58:00,2026-07-30 18:28:00,13,100.0,2,4,100.0,81.71,89.29,10,7,15,Aprobado,0
29a178c0e401,3088,01/2026C1/P/04/132-02/1/000044-1B,2026C1,04/132-02,CONTABILIDAD Y AUDITORÍA,1,B,CONTABILIDAD GENERAL,2026-03-25 17:04:00,2026-07-30 16:33:00,13,84.62,1,4,50.0,39.02,59.16,10,7,17,Reprobado,1
29a178c0e401,3089,01/2026C1/P/04/132-02/1/000154-1B,2026C1,04/132-02,CONTABILIDAD Y AUDITORÍA,1,B,MATEMÁTICA FINANCIERA,2026-03-29 18:40:00,2026-07-31 17:39:00,13,100.0,3,4,100.0,83.93,80.83,14,6,18,Aprobado,0
29a178c0e401,3090,01/2026C1/P/04/132-02/1/000220-1B,2026C1,04/132-02,CONTABILIDAD Y AUDITORÍA,1,B,TRIBUTACIÓN,2026-03-15 17:02:00,2026-08-06 17:35:00,13,92.31,3,4,75.0,68.07,82.53,0,0,17,Aprobado,0
29a178c0e401,3091,01/2026C1/P/04/132-02/1/000165-1B,2026C1,04/132-02,CONTABILIDAD Y AUDITORÍA,1,B,METODOLOGÍA DE LA INVESTIGACIÓN,2026-03-18 16:00:00,2026-08-03 17:38:00,13,100.0,3,4,100.0,91.01,88.94,3,3,16,Aprobado,0
3dbb5da9b70e,3176,01/2026C1/P/02/145-01/1/000077-1A,2026C1,02/145-01,DERECHO,1,A,DERECHO CIVIL,2026-03-17 23:24:00,2026-08-01 21:08:00,13,61.54,3,4,100.0,73.03,45.34,2,5,23,Reprobado,1
3dbb5da9b70e,3177,01/2026C1/P/02/145-01/1/000099-1A,2026C1,02/145-01,DERECHO,1,A,DERECHO PENAL,2026-03-20 21:47:00,2026-08-05 22:46:00,13,92.31,1,4,75.0,52.88,65.68,5,1,21,Reprobado,1
3dbb5da9b70e,3178,01/2026C1/P/02/145-01/1/000088-1A,2026C1,02/145-01,DERECHO,1,A,DERECHO CONSTITUCIONAL,2026-03-29 20:06:00,2026-08-06 20:15:00,13,69.23,6,4,75.0,43.94,45.66,14,0,20,Reprobado,1
3dbb5da9b70e,3179,01/2026C1/P/02/145-01/1/000165-1A,2026C1,02/145-01,DERECHO,1,A,METODOLOGÍA DE LA INVESTIGACIÓN,2026-04-06 20:17:00,2026-08-06 20:14:00,13,61.54,4,4,75.0,55.45,45.34,22,0,20,Reprobado,1
3a5be29f638b,3152,01/2026C1/P/03/210-01/2/000066-2B,2026C1,03/210-01,INGENIERÍA DE SOFTWARE,2,B,CÁLCULO DIFERENCIAL,2026-03-16 15:27:00,2026-08-04 15:21:00,13,100.0,1,4,100.0,86.81,88.71,1,2,15,Aprobado,0
3a5be29f638b,3153,01/2026C1/P/03/210-01/2/000198-2B,2026C1,03/210-01,INGENIERÍA DE SOFTWARE,2,B,PROGRAMACIÓN I,2026-03-17 16:13:00,2026-08-03 15:42:00,13,100.0,2,4,100.0,94.5,91.86,2,3,16,Aprobado,0
3a5be29f638b,3154,01/2026C1/P/03/210-01/2/000022-2B,2026C1,03/210-01,INGENIERÍA DE SOFTWARE,2,B,BASE DE DATOS,2026-03-15 14:42:00,2026-08-01 14:57:00,13,100.0,0,4,100.0,98.65,97.31,0,5,14,Aprobado,0
3a5be29f638b,3155,01/2026C1/P/03/210-01/2/000165-2B,2026C1,03/210-01,INGENIERÍA DE SOFTWARE,2,B,METODOLOGÍA DE LA INVESTIGACIÓN,2026-04-11 14:42:00,2026-07-31 16:39:00,13,92.31,4,4,100.0,82.65,73.92,27,6,14,Aprobado,0
0c526aa90d8a,3120,01/2026C1/P/04/132-02/3/000044-3B,2026C1,04/132-02,CONTABILIDAD Y AUDITORÍA,3,B,CONTABILIDAD GENERAL,2026-03-21 20:00:00,2026-08-06 20:23:00,13,92.31,5,4,100.0,70.83,70.66,6,0,20,Aprobado,0
0c526aa90d8a,3121,01/2026C1/P/04/132-02/3/000154-3B,2026C1,04/132-02,CONTABILIDAD Y AUDITORÍA,3,B,MATEMÁTICA FINANCIERA,2026-03-26 19:58:00,2026-08-03 21:52:00,13,76.92,1,4,50.0,35.8,61.91,11,3,19,Reprobado,1
0c526aa90d8a,3122,01/2026C1/P/04/132-02/3/000220-3B,2026C1,04/132-02,CONTABILIDAD Y AUDITORÍA,3,B,TRIBUTACIÓN,2026-03-19 20:56:00,2026-07-29 21:09:00,13,100.0,2,4,100.0,86.84,81.08,4,8,20,Aprobado,0
0c526aa90d8a,3123,01/2026C1/P/04/132-02/3/000165-3B,2026C1,04/132-02,CONTABILIDAD Y AUDITORÍA,3,B,METODOLOGÍA DE LA INVESTIGACIÓN,2026-03-17 20:36:00,2026-08-04 20:26:00,13,100.0,2,4,100.0,77.28,77.64,2,2,20,Aprobado,0
354677eca7c2,3056,01/2026C1/P/04/132-02/5/000044-5B,2026C1,04/132-02,CONTABILIDAD Y AUDITORÍA,5,B,CONTABILIDAD GENERAL,2026-03-16 17:34:00,2026-08-06 19:32:00,13,100.0,0,4,100.0,89.02,93.61,1,0,17,Aprobado,0
354677eca7c2,3057,01/2026C1/P/04/132-02/5/000154-5B,2026C1,04/132-02,CONTABILIDAD Y AUDITORÍA,5,B,MATEMÁTICA FINANCIERA,2026-03-16 19:13:00,2026-07-30 17:33:00,13,100.0,3,4,100.0,83.78,85.61,1,7,19,Aprobado,0
354677eca7c2,3058,01/2026C1/P/04/132-02/5/000220-5B,2026C1,04/132-02,CONTABILIDAD Y AUDITORÍA,5,B,TRIBUTACIÓN,2026-03-15 18:09:00,2026-08-01 19:14:00,13,100.0,1,4,100.0,94.81,93.79,0,5,18,Aprobado,0
354677eca7c2,3059,01/2026C1/P/04/132-02/5/000165-5B,2026C1,04/132-02,CONTABILIDAD Y AUDITORÍA,5,B,METODOLOGÍA DE LA INVESTIGACIÓN,2026-03-16 17:04:00,2026-08-07 20:22:00,13,100.0,2,4,100.0,93.75,92.21,1,0,17,Aprobado,0
081361f8d20c,3080,01/2026C1/P/04/132-02/4/000044-4A,2026C1,04/132-02,CONTABILIDAD Y AUDITORÍA,4,A,CONTABILIDAD GENERAL,2026-03-20 00:19:00,2026-08-06 01:17:00,13,100.0,3,4,100.0,77.41,77.86,5,0,0,Aprobado,0
081361f8d20c,3081,01/2026C1/P/04/132-02/4/000154-4A,2026C1,04/132-02,CONTABILIDAD Y AUDITORÍA,4,A,MATEMÁTICA FINANCIERA,2026-03-18 23:09:00,2026-08-01 23:38:00,13,100.0,3,4,100.0,85.93,78.22,3,5,23,Aprobado,0
081361f8d20c,3082,01/2026C1/P/04/132-02/4/000220-4A,2026C1,04/132-02,CONTABILIDAD Y AUDITORÍA,4,A,TRIBUTACIÓN,2026-03-22 00:26:00,2026-08-05 00:02:00,13,84.62,4,4,100.0,74.67,64.6,7,1,0,Reprobado,1
081361f8d20c,3083,01/2026C1/P/04/132-02/4/000165-4A,2026C1,04/132-02,CONTABILIDAD Y AUDITORÍA,4,A,METODOLOGÍA DE LA INVESTIGACIÓN,2026-03-17 23:39:00,2026-07-31 22:35:00,13,84.62,1,4,100.0,82.06,66.65,2,6,23,Reprobado,1
0e57b027b4c7,3172,01/2026C1/P/01/188-01/5/000011-5A,2026C1,01/188-01,ENFERMERÍA,5,A,ANATOMÍA HUMANA,2026-03-22 19:44:00,2026-07-31 20:24:00,13,84.62,2,4,100.0,89.32,65.57,7,6,19,Reprobado,1
0e57b027b4c7,3173,01/2026C1/P/01/188-01/5/000055-5A,2026C1,01/188-01,ENFERMERÍA,5,A,CUIDADO BÁSICO,2026-03-25 19:20:00,2026-08-04 19:26:00,13,84.62,1,4,100.0,76.62,69.71,10,2,19,Reprobado,1
0e57b027b4c7,3174,01/2026C1/P/01/188-01/5/000121-5A,2026C1,01/188-01,ENFERMERÍA,5,A,FARMACOLOGÍA,2026-03-26 21:54:00,2026-07-30 20:14:00,13,100.0,3,4,100.0,89.23,85.67,11,7,21,Aprobado,0
0e57b027b4c7,3175,01/2026C1/P/01/188-01/5/000165-5A,2026C1,01/188-01,ENFERMERÍA,5,A,METODOLOGÍA DE LA INVESTIGACIÓN,2026-03-22 20:10:00,2026-08-01 19:03:00,13,100.0,2,4,100.0,85.15,82.04,7,5,20,Aprobado,0
cb0d97d0e400,3204,01/2026C1/P/02/145-01/1/000077-1B,2026C1,02/145-01,DERECHO,1,B,DERECHO CIVIL,2026-03-21 17:39:00,2026-08-01 19:00:00,13,92.31,4,4,100.0,70.54,64.58,6,5,17,Reprobado,1
cb0d97d0e400,3205,01/2026C1/P/02/145-01/1/000099-1B,2026C1,02/145-01,DERECHO,1,B,DERECHO PENAL,2026-03-29 18:37:00,2026-07-29 17:14:00,13,84.62,3,4,100.0,66.31,60.71,14,8,18,Reprobado,1
cb0d97d0e400,3206,01/2026C1/P/02/145-01/1/000088-1B,2026C1,02/145-01,DERECHO,1,B,DERECHO CONSTITUCIONAL,2026-03-22 19:55:00,2026-07-31 18:41:00,13,84.62,0,4,100.0,83.42,65.09,7,6,19,Reprobado,1
cb0d97d0e400,3207,01/2026C1/P/02/145-01/1/000165-1B,2026C1,02/145-01,DERECHO,1,B,METODOLOGÍA DE LA INVESTIGACIÓN,2026-03-18 17:59:00,2026-08-03 17:57:00,13,100.0,1,4,100.0,78.44,81.97,3,3,17,Aprobado,0
c581d8f9b108,3124,01/2026C1/P/01/101-01/1/000011-1A,2026C1,01/101-01,MEDICINA,1,A,ANATOMÍA HUMANA,2026-03-17 22:56:00,2026-08-06 20:43:00,13,76.92,0,4,100.0,69.53,53.8,2,0,22,Reprobado,1
c581d8f9b108,3125,01/2026C1/P/01/101-01/1/000033-1A,2026C1,01/101-01,MEDICINA,1,A,BIOQUÍMICA,2026-03-18 21:11:00,2026-08-04 22:16:00,13,92.31,3,4,100.0,65.15,65.15,3,2,21,Reprobado,1
c581d8f9b108,3126,01/2026C1/P/01/101-01/1/000132-1A,2026C1,01/101-01,MEDICINA,1,A,FISIOLOGÍA,2026-04-18 19:44:00,2026-08-05 21:40:00,13,53.85,2,4,75.0,52.14,40.42,34,1,19,Reprobado,1
c581d8f9b108,3127,01/2026C1/P/01/101-01/1/000165-1A,2026C1,01/101-01,MEDICINA,1,A,METODOLOGÍA DE LA INVESTIGACIÓN,2026-03-17 22:10:00,2026-08-07 21:19:00,13,100.0,3,4,100.0,69.4,79.8,2,0,22,Aprobado,0
2603f5fc706c,3268,01/2026C1/P/01/188-01/4/000011-4B,2026C1,01/188-01,ENFERMERÍA,4,B,ANATOMÍA HUMANA,2026-03-17 19:30:00,2026-07-31 20:10:00,13,92.31,0,4,100.0,83.68,77.08,2,6,19,Aprobado,0
2603f5fc706c,3269,01/2026C1/P/01/188-01/4/000055-4B,2026C1,01/188-01,ENFERMERÍA,4,B,CUIDADO BÁSICO,2026-03-15 19:39:00,2026-07-30 19:45:00,13,100.0,1,4,100.0,86.49,85.27,0,7,19,Aprobado,0
2603f5fc706c,3270,01/2026C1/P/01/188-01/4/000121-4B,2026C1,01/188-01,ENFERMERÍA,4,B,FARMACOLOGÍA,2026-03-21 22:09:00,2026-07-29 19:33:00,13,92.31,2,4,100.0,85.39,69.94,6,8,22,Reprobado,1
2603f5fc706c,3271,01/2026C1/P/01/188-01/4/000165-4B,2026C1,01/188-01,ENFERMERÍA,4,B,METODOLOGÍA DE LA INVESTIGACIÓN,2026-03-20 20:24:00,2026-08-03 21:40:00,13,100.0,1,4,100.0,94.58,93.93,5,3,20,Aprobado,0
eb3b5e9fd43c,3144,01/2026C1/P/04/120-03/1/000143-1B,2026C1,04/120-03,ECONOMÍA,1,B,MACROECONOMÍA,2026-03-17 22:08:00,2026-08-05 19:40:00,13,100.0,0,4,100.0,72.29,79.54,2,1,22,Aprobado,0
eb3b5e9fd43c,3145,01/2026C1/P/04/120-03/1/000176-1B,2026C1,04/120-03,ECONOMÍA,1,B,MICROECONOMÍA,2026-03-16 18:48:00,2026-08-07 19:49:00,13,100.0,1,4,100.0,88.98,85.2,1,0,18,Aprobado,0
eb3b5e9fd43c,3146,01/2026C1/P/04/120-03/1/000110-1B,2026C1,04/120-03,ECONOMÍA,1,B,ESTADÍSTICA,2026-03-15 20:02:00,2026-08-03 20:14:00,13,100.0,1,4,100.0,69.47,77.35,0,3,20,Aprobado,0
eb3b5e9fd43c,3147,01/2026C1/P/04/120-03/1/000165-1B,2026C1,04/120-03,ECONOMÍA,1,B,METODOLOGÍA DE LA INVESTIGACIÓN,2026-04-07 18:44:00,2026-08-07 18:45:00,13,100.0,4,4,100.0,79.61,75.86,23,0,18,Aprobado,0
b2b796f002d9,3204,01/2026C1/P/02/145-01/1/000077-1B,2026C1,02/145-01,DERECHO,1,B,DERECHO CIVIL,2026-03-21 20:21:00,2026-07-31 21:26:00,13,92.31,3,4,100.0,85.93,80.94,6,6,20,Aprobado,0
b2b796f002d9,3205,01/2026C1/P/02/145-01/1/000099-1B,2026C1,02/145-01,DERECHO,1,B,DERECHO PENAL,2026-03-19 22:48:00,2026-08-07 20:36:00,13,92.31,0,4,75.0,67.54,85.62,4,0,22,Aprobado,0
b2b796f002d9,3206,01/2026C1/P/02/145-01/1/000088-1B,2026C1,02/145-01,DERECHO,1,B,DERECHO CONSTITUCIONAL,2026-03-15 22:24:00,2026-07-29 19:10:00,13,100.0,1,4,100.0,88.71,90.93,0,8,22,Aprobado,0
b2b796f002d9,3207,01/2026C1/P/02/145-01/1/000165-1B,2026C1,02/145-01,DERECHO,1,B,METODOLOGÍA DE LA INVESTIGACIÓN,2026-03-23 22:35:00,2026-08-03 21:52:00,13,100.0,1,4,100.0,88.95,89.72,8,3,22,Aprobado,0
cf94db09e378,3052,01/2026C1/P/04/132-02/2/000044-2A,2026C1,04/132-02,CONTABILIDAD Y AUDITORÍA,2,A,CONTABILIDAD GENERAL,2026-03-24 21:25:00,2026-08-05 20:49:00,13,100.0,3,4,100.0,83.78,79.94,9,1,21,Aprobado,0
cf94db09e378,3053,01/2026C1/P/04/132-02/2/000154-2A,2026C1,04/132-02,CONTABILIDAD Y AUDITORÍA,2,A,MATEMÁTICA FINANCIERA,2026-03-18 21:51:00,2026-08-02 21:16:00,13,100.0,3,4,100.0,85.7,80.87,3,4,21,Aprobado,0
cf94db09e378,3054,01/2026C1/P/04/132-02/2/000220-2A,2026C1,04/132-02,CONTABILIDAD Y AUDITORÍA,2,A,TRIBUTACIÓN,2026-03-15 19:30:00,2026-08-05 21:07:00,13,100.0,1,4,100.0,96.04,92.91,0,1,19,Aprobado,0
cf94db09e378,3055,01/2026C1/P/04/132-02/2/000165-2A,2026C1,04/132-02,CONTABILIDAD Y AUDITORÍA,2,A,METODOLOGÍA DE LA INVESTIGACIÓN,2026-03-25 19:45:00,2026-07-29 22:12:00,13,100.0,3,4,100.0,87.42,88.7,10,8,19,Aprobado,0
f655fa3d5fb6,3040,01/2026C1/P/04/132-02/1/000044-1A,2026C1,04/132-02,CONTABILIDAD Y AUDITORÍA,1,A,CONTABILIDAD GENERAL,2026-03-15 14:56:00,2026-08-04 14:32:00,13,100.0,2,4,100.0,88.02,90.07,0,2,14,Aprobado,0
f655fa3d5fb6,3041,01/2026C1/P/04/132-02/1/000154-1A,2026C1,04/132-02,CONTABILIDAD Y AUDITORÍA,1,A,MATEMÁTICA FINANCIERA,2026-03-16 14:21:00,2026-07-30 15:01:00,13,100.0,0,4,100.0,95.22,86.84,1,7,14,Aprobado,0
f655fa3d5fb6,3042,01/2026C1/P/04/132-02/1/000220-1A,2026C1,04/132-02,CONTABILIDAD Y AUDITORÍA,1,A,TRIBUTACIÓN,2026-03-15 14:10:00,2026-08-06 15:36:00,13,100.0,2,4,100.0,96.88,92.09,0,0,14,Aprobado,0
f655fa3d5fb6,3043,01/2026C1/P/04/132-02/1/000165-1A,2026C1,04/132-02,CONTABILIDAD Y AUDITORÍA,1,A,METODOLOGÍA DE LA INVESTIGACIÓN,2026-03-24 14:44:00,2026-07-30 14:33:00,13,100.0,1,4,100.0,97.29,89.05,9,7,14,Aprobado,0
01acb24eef73,3088,01/2026C1/P/04/132-02/1/000044-1B,2026C1,04/132-02,CONTABILIDAD Y AUDITORÍA,1,B,CONTABILIDAD GENERAL,2026-03-26 00:43:00,2026-08-07 23:40:00,13,69.23,4,4,50.0,30.85,43.15,11,0,0,Reprobado,1
01acb24eef73,3089,01/2026C1/P/04/132-02/1/000154-1B,2026C1,04/132-02,CONTABILIDAD Y AUDITORÍA,1,B,MATEMÁTICA FINANCIERA,2026-03-22 00:15:00,2026-08-01 00:21:00,13,92.31,1,4,100.0,73.68,66.79,7,5,0,Reprobado,1
01acb24eef73,3090,01/2026C1/P/04/132-02/1/000220-1B,2026C1,04/132-02,CONTABILIDAD Y AUDITORÍA,1,B,TRIBUTACIÓN,2026-03-16 23:13:00,2026-08-06 23:39:00,13,92.31,3,4,100.0,89.76,71.71,1,0,23,Aprobado,0
01acb24eef73,3091,01/2026C1/P/04/132-02/1/000165-1B,2026C1,04/132-02,CONTABILIDAD Y AUDITORÍA,1,B,METODOLOGÍA DE LA INVESTIGACIÓN,2026-03-21 00:30:00,2026-08-03 00:27:00,13,69.23,2,4,25.0,21.6,47.84,6,3,0,Reprobado,1
45cd230fb6c4,3152,01/2026C1/P/03/210-01/2/000066-2B,2026C1,03/210-01,INGENIERÍA DE SOFTWARE,2,B,CÁLCULO DIFERENCIAL,2026-03-15 17:29:00,2026-07-30 18:24:00,13,100.0,1,4,100.0,64.61,72.01,0,7,17,Aprobado,0
45cd230fb6c4,3153,01/2026C1/P/03/210-01/2/000198-2B,2026C1,03/210-01,INGENIERÍA DE SOFTWARE,2,B,PROGRAMACIÓN I,2026-03-20 17:47:00,2026-08-06 17:46:00,13,100.0,4,4,100.0,81.74,78.14,5,0,17,Aprobado,0
45cd230fb6c4,3154,01/2026C1/P/03/210-01/2/000022-2B,2026C1,03/210-01,INGENIERÍA DE SOFTWARE,2,B,BASE DE DATOS,2026-03-18 16:59:00,2026-08-05 17:42:00,13,100.0,4,4,100.0,91.81,78.88,3,1,16,Aprobado,0
45cd230fb6c4,3155,01/2026C1/P/03/210-01/2/000165-2B,2026C1,03/210-01,INGENIERÍA DE SOFTWARE,2,B,METODOLOGÍA DE LA INVESTIGACIÓN,2026-03-15 17:43:00,2026-08-03 19:07:00,13,100.0,4,4,100.0,75.62,78.41,0,3,17,Aprobado,0
953e6698defe,3104,01/2026C1/P/04/132-02/4/000044-4B,2026C1,04/132-02,CONTABILIDAD Y AUDITORÍA,4,B,CONTABILIDAD GENERAL,2026-03-24 23:37:00,2026-08-05 00:29:00,13,92.31,5,4,100.0,66.96,66.66,9,1,23,Reprobado,1
953e6698defe,3105,01/2026C1/P/04/132-02/4/000154-4B,2026C1,04/132-02,CONTABILIDAD Y AUDITORÍA,4,B,MATEMÁTICA FINANCIERA,2026-03-29 22:43:00,2026-07-30 00:08:00,13,76.92,4,4,75.0,51.74,53.62,14,7,22,Reprobado,1
953e6698defe,3106,01/2026C1/P/04/132-02/4/000220-4B,2026C1,04/132-02,CONTABILIDAD Y AUDITORÍA,4,B,TRIBUTACIÓN,2026-03-20 22:40:00,2026-07-30 23:51:00,13,100.0,3,4,100.0,77.88,82.63,5,7,22,Aprobado,0
953e6698defe,3107,01/2026C1/P/04/132-02/4/000165-4B,2026C1,04/132-02,CONTABILIDAD Y AUDITORÍA,4,B,METODOLOGÍA DE LA INVESTIGACIÓN,2026-03-23 00:39:00,2026-07-31 23:05:00,13,100.0,0,4,100.0,85.18,87.52,8,6,0,Aprobado,0
11d2abcfd6c6,3048,01/2026C1/P/03/210-01/5/000066-5B,2026C1,03/210-01,INGENIERÍA DE SOFTWARE,5,B,CÁLCULO DIFERENCIAL,2026-03-19 20:17:00,2026-07-31 21:35:00,13,100.0,2,4,100.0,81.7,81.55,4,6,20,Aprobado,0
11d2abcfd6c6,3049,01/2026C1/P/03/210-01/5/000198-5B,2026C1,03/210-01,INGENIERÍA DE SOFTWARE,5,B,PROGRAMACIÓN I,2026-03-20 20:47:00,2026-08-03 20:01:00,13,100.0,4,4,100.0,72.88,82.12,5,3,20,Aprobado,0
11d2abcfd6c6,3050,01/2026C1/P/03/210-01/5/000022-5B,2026C1,03/210-01,INGENIERÍA DE SOFTWARE,5,B,BASE DE DATOS,2026-03-18 20:10:00,2026-08-03 20:47:00,13,100.0,5,4,100.0,91.48,84.28,3,3,20,Aprobado,0
11d2abcfd6c6,3051,01/2026C1/P/03/210-01/5/000165-5B,2026C1,03/210-01,INGENIERÍA DE SOFTWARE,5,B,METODOLOGÍA DE LA INVESTIGACIÓN,2026-03-20 18:15:00,2026-08-05 21:49:00,13,100.0,3,4,100.0,81.0,90.39,5,1,18,Aprobado,0
54ddb00e67c3,3076,01/2026C1/P/01/101-01/4/000011-4B,2026C1,01/101-01,MEDICINA,4,B,ANATOMÍA HUMANA,2026-03-19 18:30:00,2026-07-30 15:36:00,13,100.0,1,4,100.0,92.39,92.25,4,7,18,Aprobado,0
54ddb00e67c3,3077,01/2026C1/P/01/101-01/4/000033-4B,2026C1,01/101-01,MEDICINA,4,B,BIOQUÍMICA,2026-03-17 15:42:00,2026-07-30 17:14:00,13,100.0,1,4,100.0,93.54,90.1,2,7,15,Aprobado,0
54ddb00e67c3,3078,01/2026C1/P/01/101-01/4/000132-4B,2026C1,01/101-01,MEDICINA,4,B,FISIOLOGÍA,2026-03-20 15:35:00,2026-08-06 17:15:00,13,100.0,0,4,100.0,97.68,94.12,5,0,15,Aprobado,0
54ddb00e67c3,3079,01/2026C1/P/01/101-01/4/000165-4B,2026C1,01/101-01,MEDICINA,4,B,METODOLOGÍA DE LA INVESTIGACIÓN,2026-03-16 16:28:00,2026-07-29 16:43:00,13,100.0,4,4,100.0,84.98,78.44,1,8,16,Aprobado,0
a89a01939a26,3184,01/2026C1/P/04/120-03/5/000143-5A,2026C1,04/120-03,ECONOMÍA,5,A,MACROECONOMÍA,2026-03-16 18:30:00,2026-07-29 15:51:00,13,100.0,2,4,100.0,82.01,86.65,1,8,18,Aprobado,0
a89a01939a26,3185,01/2026C1/P/04/120-03/5/000176-5A,2026C1,04/120-03,ECONOMÍA,5,A,MICROECONOMÍA,2026-03-26 18:51:00,2026-07-31 18:04:00,13,100.0,2,4,100.0,90.03,91.48,11,6,18,Aprobado,0
a89a01939a26,3186,01/2026C1/P/04/120-03/5/000110-5A,2026C1,04/120-03,ECONOMÍA,5,A,ESTADÍSTICA,2026-03-17 19:09:00,2026-07-29 17:22:00,13,100.0,0,4,100.0,77.84,81.71,2,8,19,Aprobado,0
a89a01939a26,3187,01/2026C1/P/04/120-03/5/000165-5A,2026C1,04/120-03,ECONOMÍA,5,A,METODOLOGÍA DE LA INVESTIGACIÓN,2026-03-17 18:21:00,2026-08-02 19:01:00,13,100.0,0,4,100.0,79.89,87.86,2,4,18,Aprobado,0
d5233de3e11e,3184,01/2026C1/P/04/120-03/5/000143-5A,2026C1,04/120-03,ECONOMÍA,5,A,MACROECONOMÍA,2026-03-16 22:33:00,2026-07-29 22:43:00,13,92.31,4,4,75.0,53.94,67.88,1,8,22,Reprobado,1
d5233de3e11e,3185,01/2026C1/P/04/120-03/5/000176-5A,2026C1,04/120-03,ECONOMÍA,5,A,MICROECONOMÍA,2026-03-19 23:58:00,2026-07-31 20:57:00,13,100.0,5,4,100.0,78.81,81.4,4,6,23,Aprobado,0
d5233de3e11e,3186,01/2026C1/P/04/120-03/5/000110-5A,2026C1,04/120-03,ECONOMÍA,5,A,ESTADÍSTICA,2026-04-19 21:18:00,2026-08-05 22:34:00,13,69.23,1,4,75.0,64.53,55.52,35,1,21,Reprobado,1
d5233de3e11e,3187,01/2026C1/P/04/120-03/5/000165-5A,2026C1,04/120-03,ECONOMÍA,5,A,METODOLOGÍA DE LA INVESTIGACIÓN,2026-03-27 00:17:00,2026-07-31 22:33:00,13,100.0,0,4,100.0,78.51,81.04,12,6,0,Aprobado,0
46a601cb61d2,3028,01/2026C1/P/04/132-02/2/000044-2B,2026C1,04/132-02,CONTABILIDAD Y AUDITORÍA,2,B,CONTABILIDAD GENERAL,2026-03-20 00:56:00,2026-08-06 23:36:00,13,100.0,2,4,100.0,80.2,88.78,5,0,0,Aprobado,0
46a601cb61d2,3029,01/2026C1/P/04/132-02/2/000154-2B,2026C1,04/132-02,CONTABILIDAD Y AUDITORÍA,2,B,MATEMÁTICA FINANCIERA,2026-03-26 23:17:00,2026-08-07 00:30:00,13,100.0,2,4,100.0,80.13,77.48,11,0,23,Aprobado,0
46a601cb61d2,3030,01/2026C1/P/04/132-02/2/000220-2B,2026C1,04/132-02,CONTABILIDAD Y AUDITORÍA,2,B,TRIBUTACIÓN,2026-03-23 00:58:00,2026-07-31 00:26:00,13,100.0,2,4,100.0,86.56,91.9,8,6,0,Aprobado,0
46a601cb61d2,3031,01/2026C1/P/04/132-02/2/000165-2B,2026C1,04/132-02,CONTABILIDAD Y AUDITORÍA,2,B,METODOLOGÍA DE LA INVESTIGACIÓN,2026-03-18 00:29:00,2026-08-07 01:23:00,13,92.31,1,4,75.0,52.29,75.1,3,0,0,Aprobado,0
6eccbc4375fd,3252,01/2026C1/P/01/101-01/5/000011-5A,2026C1,01/101-01,MEDICINA,5,A,ANATOMÍA HUMANA,2026-03-16 19:07:00,2026-07-30 18:44:00,13,100.0,0,4,100.0,86.85,85.49,1,7,19,Aprobado,0
6eccbc4375fd,3253,01/2026C1/P/01/101-01/5/000033-5A,2026C1,01/101-01,MEDICINA,5,A,BIOQUÍMICA,2026-03-17 19:16:00,2026-07-29 20:09:00,13,100.0,0,4,100.0,73.94,80.14,2,8,19,Aprobado,0
6eccbc4375fd,3254,01/2026C1/P/01/101-01/5/000132-5A,2026C1,01/101-01,MEDICINA,5,A,FISIOLOGÍA,2026-03-17 21:01:00,2026-08-06 18:54:00,13,100.0,5,4,100.0,82.46,80.88,2,0,21,Aprobado,0
6eccbc4375fd,3255,01/2026C1/P/01/101-01/5/000165-5A,2026C1,01/101-01,MEDICINA,5,A,METODOLOGÍA DE LA INVESTIGACIÓN,2026-03-16 19:40:00,2026-08-07 19:44:00,13,100.0,1,4,100.0,90.59,79.73,1,0,19,Aprobado,0
259bb403476d,3020,01/2026C1/P/03/210-01/3/000066-3A,2026C1,03/210-01,INGENIERÍA DE SOFTWARE,3,A,CÁLCULO DIFERENCIAL,2026-03-25 22:33:00,2026-07-30 23:49:00,13,84.62,4,4,75.0,51.87,59.67,10,7,22,Reprobado,1
259bb403476d,3021,01/2026C1/P/03/210-01/3/000198-3A,2026C1,03/210-01,INGENIERÍA DE SOFTWARE,3,A,PROGRAMACIÓN I,2026-03-18 21:20:00,2026-08-07 21:47:00,13,100.0,1,4,100.0,78.96,85.82,3,0,21,Aprobado,0
259bb403476d,3022,01/2026C1/P/03/210-01/3/000022-3A,2026C1,03/210-01,INGENIERÍA DE SOFTWARE,3,A,BASE DE DATOS,2026-03-15 22:00:00,2026-08-02 23:35:00,13,84.62,3,4,100.0,81.52,63.2,0,4,22,Reprobado,1
259bb403476d,3023,01/2026C1/P/03/210-01/3/000165-3A,2026C1,03/210-01,INGENIERÍA DE SOFTWARE,3,A,METODOLOGÍA DE LA INVESTIGACIÓN,2026-03-16 23:02:00,2026-08-02 19:59:00,13,100.0,2,4,100.0,88.89,84.39,1,4,23,Aprobado,0
80141a44e6cf,3092,01/2026C1/P/05/167-02/1/000209-1A,2026C1,05/167-02,PSICOLOGÍA,1,A,PSICOLOGÍA GENERAL,2026-03-23 19:47:00,2026-07-30 20:52:00,13,100.0,5,4,100.0,84.82,85.66,8,7,19,Aprobado,0
80141a44e6cf,3093,01/2026C1/P/05/167-02/1/000110-1A,2026C1,05/167-02,PSICOLOGÍA,1,A,ESTADÍSTICA,2026-03-16 20:25:00,2026-08-04 20:23:00,13,100.0,1,4,100.0,75.82,82.37,1,2,20,Aprobado,0
80141a44e6cf,3094,01/2026C1/P/05/167-02/1/000187-1A,2026C1,05/167-02,PSICOLOGÍA,1,A,NEUROCIENCIAS,2026-03-23 19:32:00,2026-07-29 20:21:00,13,100.0,4,4,100.0,87.18,79.93,8,8,19,Aprobado,0
80141a44e6cf,3095,01/2026C1/P/05/167-02/1/000165-1A,2026C1,05/167-02,PSICOLOGÍA,1,A,METODOLOGÍA DE LA INVESTIGACIÓN,2026-03-19 21:12:00,2026-08-04 20:32:00,13,92.31,1,4,100.0,69.82,70.33,4,2,21,Aprobado,0
a204daadf8b8,3076,01/2026C1/P/01/101-01/4/000011-4B,2026C1,01/101-01,MEDICINA,4,B,ANATOMÍA HUMANA,2026-03-27 00:00:00,2026-07-29 23:42:00,13,100.0,5,4,100.0,72.24,77.31,12,8,0,Aprobado,0
a204daadf8b8,3077,01/2026C1/P/01/101-01/4/000033-4B,2026C1,01/101-01,MEDICINA,4,B,BIOQUÍMICA,2026-03-16 00:39:00,2026-08-04 00:50:00,13,100.0,1,4,100.0,77.4,74.85,1,2,0,Aprobado,0
a204daadf8b8,3078,01/2026C1/P/01/101-01/4/000132-4B,2026C1,01/101-01,MEDICINA,4,B,FISIOLOGÍA,2026-03-18 00:20:00,2026-07-30 23:29:00,13,92.31,3,4,100.0,79.18,78.31,3,7,0,Aprobado,0
a204daadf8b8,3079,01/2026C1/P/01/101-01/4/000165-4B,2026C1,01/101-01,MEDICINA,4,B,METODOLOGÍA DE LA INVESTIGACIÓN,2026-03-16 22:34:00,2026-07-30 01:06:00,13,100.0,3,4,100.0,81.07,88.33,1,7,22,Aprobado,0
2279fdcdf9fd,3236,01/2026C1/P/02/145-01/5/000077-5B,2026C1,02/145-01,DERECHO,5,B,DERECHO CIVIL,2026-03-15 16:45:00,2026-08-05 16:52:00,13,100.0,2,4,100.0,91.56,95.08,0,1,16,Aprobado,0
2279fdcdf9fd,3237,01/2026C1/P/02/145-01/5/000099-5B,2026C1,02/145-01,DERECHO,5,B,DERECHO PENAL,2026-03-15 16:36:00,2026-08-07 16:25:00,13,100.0,4,4,100.0,75.55,81.64,0,0,16,Aprobado,0
2279fdcdf9fd,3238,01/2026C1/P/02/145-01/5/000088-5B,2026C1,02/145-01,DERECHO,5,B,DERECHO CONSTITUCIONAL,2026-03-16 15:54:00,2026-08-02 14:47:00,13,100.0,1,4,100.0,96.77,94.92,1,4,15,Aprobado,0
2279fdcdf9fd,3239,01/2026C1/P/02/145-01/5/000165-5B,2026C1,02/145-01,DERECHO,5,B,METODOLOGÍA DE LA INVESTIGACIÓN,2026-03-18 16:16:00,2026-07-30 17:26:00,13,100.0,2,4,100.0,88.68,91.88,3,7,16,Aprobado,0
6da4a1b7e74a,3040,01/2026C1/P/04/132-02/1/000044-1A,2026C1,04/132-02,CONTABILIDAD Y AUDITORÍA,1,A,CONTABILIDAD GENERAL,2026-04-12 20:41:00,2026-08-06 21:09:00,13,53.85,2,4,50.0,38.61,37.36,28,0,20,Reprobado,1
6da4a1b7e74a,3041,01/2026C1/P/04/132-02/1/000154-1A,2026C1,04/132-02,CONTABILIDAD Y AUDITORÍA,1,A,MATEMÁTICA FINANCIERA,2026-03-18 22:41:00,2026-07-31 21:29:00,13,61.54,2,4,100.0,43.59,30.43,3,6,22,Reprobado,1
6da4a1b7e74a,3042,01/2026C1/P/04/132-02/1/000220-1A,2026C1,04/132-02,CONTABILIDAD Y AUDITORÍA,1,A,TRIBUTACIÓN,2026-03-31 21:47:00,2026-08-04 22:05:00,13,61.54,3,4,50.0,23.36,37.82,16,2,21,Reprobado,1
6da4a1b7e74a,3043,01/2026C1/P/04/132-02/1/000165-1A,2026C1,04/132-02,CONTABILIDAD Y AUDITORÍA,1,A,METODOLOGÍA DE LA INVESTIGACIÓN,2026-04-06 21:40:00,2026-08-02 20:33:00,13,30.77,1,4,0.0,0.0,19.65,22,4,21,Reprobado,1
9463f75e04c9,3040,01/2026C1/P/04/132-02/1/000044-1A,2026C1,04/132-02,CONTABILIDAD Y AUDITORÍA,1,A,CONTABILIDAD GENERAL,2026-03-17 18:54:00,2026-08-01 17:41:00,13,100.0,2,4,100.0,86.44,93.06,2,5,18,Aprobado,0
9463f75e04c9,3041,01/2026C1/P/04/132-02/1/000154-1A,2026C1,04/132-02,CONTABILIDAD Y AUDITORÍA,1,A,MATEMÁTICA FINANCIERA,2026-03-24 16:19:00,2026-08-04 15:27:00,13,100.0,2,4,100.0,92.86,84.81,9,2,16,Aprobado,0
9463f75e04c9,3042,01/2026C1/P/04/132-02/1/000220-1A,2026C1,04/132-02,CONTABILIDAD Y AUDITORÍA,1,A,TRIBUTACIÓN,2026-03-16 18:22:00,2026-07-30 18:12:00,13,100.0,0,4,100.0,92.14,90.83,1,7,18,Aprobado,0
9463f75e04c9,3043,01/2026C1/P/04/132-02/1/000165-1A,2026C1,04/132-02,CONTABILIDAD Y AUDITORÍA,1,A,METODOLOGÍA DE LA INVESTIGACIÓN,2026-03-19 16:34:00,2026-08-07 16:50:00,13,100.0,1,4,100.0,85.7,88.49,4,0,16,Aprobado,0
359ecd4fddaa,3020,01/2026C1/P/03/210-01/3/000066-3A,2026C1,03/210-01,INGENIERÍA DE SOFTWARE,3,A,CÁLCULO DIFERENCIAL,2026-03-16 20:01:00,2026-07-29 19:22:00,13,100.0,2,4,100.0,93.55,89.84,1,8,20,Aprobado,0
359ecd4fddaa,3021,01/2026C1/P/03/210-01/3/000198-3A,2026C1,03/210-01,INGENIERÍA DE SOFTWARE,3,A,PROGRAMACIÓN I,2026-03-31 18:32:00,2026-07-31 17:34:00,13,100.0,1,4,100.0,85.34,87.39,16,6,18,Aprobado,0
359ecd4fddaa,3022,01/2026C1/P/03/210-01/3/000022-3A,2026C1,03/210-01,INGENIERÍA DE SOFTWARE,3,A,BASE DE DATOS,2026-03-22 18:13:00,2026-07-29 18:29:00,13,100.0,2,4,100.0,91.76,91.23,7,8,18,Aprobado,0
359ecd4fddaa,3023,01/2026C1/P/03/210-01/3/000165-3A,2026C1,03/210-01,INGENIERÍA DE SOFTWARE,3,A,METODOLOGÍA DE LA INVESTIGACIÓN,2026-03-16 19:57:00,2026-08-07 20:52:00,13,100.0,1,4,100.0,90.81,94.35,1,0,19,Aprobado,0
357f0ebeda78,3104,01/2026C1/P/04/132-02/4/000044-4B,2026C1,04/132-02,CONTABILIDAD Y AUDITORÍA,4,B,CONTABILIDAD GENERAL,2026-03-19 19:48:00,2026-08-02 20:07:00,13,100.0,1,4,100.0,85.99,90.33,4,4,19,Aprobado,0
357f0ebeda78,3105,01/2026C1/P/04/132-02/4/000154-4B,2026C1,04/132-02,CONTABILIDAD Y AUDITORÍA,4,B,MATEMÁTICA FINANCIERA,2026-03-15 21:26:00,2026-08-05 20:28:00,13,100.0,3,4,100.0,83.58,80.9,0,1,21,Aprobado,0
357f0ebeda78,3106,01/2026C1/P/04/132-02/4/000220-4B,2026C1,04/132-02,CONTABILIDAD Y AUDITORÍA,4,B,TRIBUTACIÓN,2026-03-15 20:56:00,2026-08-01 17:56:00,13,100.0,1,4,100.0,87.59,89.14,0,5,20,Aprobado,0
357f0ebeda78,3107,01/2026C1/P/04/132-02/4/000165-4B,2026C1,04/132-02,CONTABILIDAD Y AUDITORÍA,4,B,METODOLOGÍA DE LA INVESTIGACIÓN,2026-04-01 20:43:00,2026-08-07 20:29:00,13,76.92,5,4,75.0,61.64,55.01,17,0,20,Reprobado,1
628de8638ac8,3216,01/2026C1/P/03/210-01/4/000066-4A,2026C1,03/210-01,INGENIERÍA DE SOFTWARE,4,A,CÁLCULO DIFERENCIAL,2026-03-19 20:53:00,2026-08-02 20:26:00,13,100.0,1,4,100.0,91.72,91.92,4,4,20,Aprobado,0
628de8638ac8,3217,01/2026C1/P/03/210-01/4/000198-4A,2026C1,03/210-01,INGENIERÍA DE SOFTWARE,4,A,PROGRAMACIÓN I,2026-03-15 21:23:00,2026-08-02 21:28:00,13,100.0,1,4,100.0,98.21,97.68,0,4,21,Aprobado,0
628de8638ac8,3218,01/2026C1/P/03/210-01/4/000022-4A,2026C1,03/210-01,INGENIERÍA DE SOFTWARE,4,A,BASE DE DATOS,2026-03-21 21:02:00,2026-08-01 20:21:00,13,100.0,2,4,100.0,96.21,95.84,6,5,21,Aprobado,0
628de8638ac8,3219,01/2026C1/P/03/210-01/4/000165-4A,2026C1,03/210-01,INGENIERÍA DE SOFTWARE,4,A,METODOLOGÍA DE LA INVESTIGACIÓN,2026-04-04 19:36:00,2026-08-05 20:25:00,13,100.0,1,4,100.0,93.05,96.29,20,1,19,Aprobado,0
2291a456ad10,3160,01/2026C1/P/05/167-02/5/000209-5A,2026C1,05/167-02,PSICOLOGÍA,5,A,PSICOLOGÍA GENERAL,2026-03-15 17:38:00,2026-08-06 16:01:00,13,100.0,2,4,100.0,98.12,97.22,0,0,17,Aprobado,0
2291a456ad10,3161,01/2026C1/P/05/167-02/5/000110-5A,2026C1,05/167-02,PSICOLOGÍA,5,A,ESTADÍSTICA,2026-03-15 16:29:00,2026-07-29 16:08:00,13,100.0,2,4,100.0,87.17,89.52,0,8,16,Aprobado,0
2291a456ad10,3162,01/2026C1/P/05/167-02/5/000187-5A,2026C1,05/167-02,PSICOLOGÍA,5,A,NEUROCIENCIAS,2026-03-23 16:59:00,2026-07-29 17:45:00,13,100.0,3,4,100.0,79.14,83.12,8,8,16,Aprobado,0
2291a456ad10,3163,01/2026C1/P/05/167-02/5/000165-5A,2026C1,05/167-02,PSICOLOGÍA,5,A,METODOLOGÍA DE LA INVESTIGACIÓN,2026-03-23 16:56:00,2026-08-07 17:12:00,13,100.0,3,4,100.0,80.16,83.91,8,0,16,Aprobado,0
434a9dda9c76,3120,01/2026C1/P/04/132-02/3/000044-3B,2026C1,04/132-02,CONTABILIDAD Y AUDITORÍA,3,B,CONTABILIDAD GENERAL,2026-03-22 21:57:00,2026-04-24 22:53:00,13,15.38,0,4,50.0,41.21,11.52,7,104,21,Reprobado,1
434a9dda9c76,3121,01/2026C1/P/04/132-02/3/000154-3B,2026C1,04/132-02,CONTABILIDAD Y AUDITORÍA,3,B,MATEMÁTICA FINANCIERA,2026-03-15 21:25:00,2026-05-23 21:45:00,13,38.46,2,4,100.0,83.85,31.53,0,75,21,Reprobado,1
434a9dda9c76,3122,01/2026C1/P/04/132-02/3/000220-3B,2026C1,04/132-02,CONTABILIDAD Y AUDITORÍA,3,B,TRIBUTACIÓN,2026-03-20 22:26:00,2026-04-29 22:10:00,13,30.77,0,4,100.0,88.3,26.25,5,99,22,Reprobado,1
434a9dda9c76,3123,01/2026C1/P/04/132-02/3/000165-3B,2026C1,04/132-02,CONTABILIDAD Y AUDITORÍA,3,B,METODOLOGÍA DE LA INVESTIGACIÓN,2026-03-19 21:36:00,2026-05-22 22:59:00,13,38.46,0,4,100.0,94.22,35.35,4,76,21,Reprobado,1
995ca1fac629,3032,01/2026C1/P/01/101-01/3/000011-3A,2026C1,01/101-01,MEDICINA,3,A,ANATOMÍA HUMANA,2026-03-17 23:32:00,2026-08-08 00:55:00,13,84.62,3,4,100.0,58.42,61.88,2,0,23,Reprobado,1
995ca1fac629,3033,01/2026C1/P/01/101-01/3/000033-3A,2026C1,01/101-01,MEDICINA,3,A,BIOQUÍMICA,2026-03-16 00:21:00,2026-08-06 22:52:00,13,100.0,6,4,100.0,57.55,55.93,1,0,0,Reprobado,1
995ca1fac629,3034,01/2026C1/P/01/101-01/3/000132-3A,2026C1,01/101-01,MEDICINA,3,A,FISIOLOGÍA,2026-03-26 23:09:00,2026-08-06 23:13:00,13,61.54,2,4,25.0,21.21,38.44,11,0,23,Reprobado,1
995ca1fac629,3035,01/2026C1/P/01/101-01/3/000165-3A,2026C1,01/101-01,MEDICINA,3,A,METODOLOGÍA DE LA INVESTIGACIÓN,2026-04-07 23:44:00,2026-07-29 22:46:00,13,38.46,1,4,25.0,21.31,26.72,23,8,23,Reprobado,1
5334ae95131b,3192,01/2026C1/P/01/188-01/3/000011-3A,2026C1,01/188-01,ENFERMERÍA,3,A,ANATOMÍA HUMANA,2026-03-15 18:01:00,2026-04-25 16:16:00,13,23.08,0,4,50.0,41.21,22.52,0,103,18,Reprobado,1
5334ae95131b,3193,01/2026C1/P/01/188-01/3/000055-3A,2026C1,01/188-01,ENFERMERÍA,3,A,CUIDADO BÁSICO,2026-03-15 17:55:00,2026-04-25 18:07:00,13,23.08,1,4,50.0,42.98,21.76,0,103,17,Reprobado,1
5334ae95131b,3194,01/2026C1/P/01/188-01/3/000121-3A,2026C1,01/188-01,ENFERMERÍA,3,A,FARMACOLOGÍA,2026-03-19 16:48:00,2026-05-12 16:19:00,13,38.46,0,4,100.0,93.54,34.47,4,86,16,Reprobado,1
5334ae95131b,3195,01/2026C1/P/01/188-01/3/000165-3A,2026C1,01/188-01,ENFERMERÍA,3,A,METODOLOGÍA DE LA INVESTIGACIÓN,2026-03-21 16:51:00,2026-05-27 17:07:00,13,38.46,0,4,100.0,86.14,32.71,6,71,16,Reprobado,1
e545dfba78ce,3180,01/2026C1/P/02/145-01/3/000077-3B,2026C1,02/145-01,DERECHO,3,B,DERECHO CIVIL,2026-03-15 22:04:00,2026-08-06 20:13:00,13,100.0,1,4,100.0,85.57,86.4,0,0,22,Aprobado,0
e545dfba78ce,3181,01/2026C1/P/02/145-01/3/000099-3B,2026C1,02/145-01,DERECHO,3,B,DERECHO PENAL,2026-03-16 21:43:00,2026-07-30 21:38:00,13,100.0,2,4,100.0,88.97,87.78,1,7,21,Aprobado,0
e545dfba78ce,3182,01/2026C1/P/02/145-01/3/000088-3B,2026C1,02/145-01,DERECHO,3,B,DERECHO CONSTITUCIONAL,2026-03-16 20:50:00,2026-07-30 19:26:00,13,92.31,1,4,100.0,84.67,81.45,1,7,20,Aprobado,0
e545dfba78ce,3183,01/2026C1/P/02/145-01/3/000165-3B,2026C1,02/145-01,DERECHO,3,B,METODOLOGÍA DE LA INVESTIGACIÓN,2026-03-26 23:14:00,2026-08-06 20:51:00,13,92.31,1,4,100.0,80.81,79.03,11,0,23,Aprobado,0
fb6676b11164,3040,01/2026C1/P/04/132-02/1/000044-1A,2026C1,04/132-02,CONTABILIDAD Y AUDITORÍA,1,A,CONTABILIDAD GENERAL,2026-03-16 22:41:00,2026-08-05 21:56:00,13,100.0,1,4,100.0,90.62,91.53,1,1,22,Aprobado,0
fb6676b11164,3041,01/2026C1/P/04/132-02/1/000154-1A,2026C1,04/132-02,CONTABILIDAD Y AUDITORÍA,1,A,MATEMÁTICA FINANCIERA,2026-03-25 22:13:00,2026-08-02 23:17:00,13,84.62,4,4,75.0,59.34,68.05,10,4,22,Reprobado,1
fb6676b11164,3042,01/2026C1/P/04/132-02/1/000220-1A,2026C1,04/132-02,CONTABILIDAD Y AUDITORÍA,1,A,TRIBUTACIÓN,2026-03-30 22:24:00,2026-08-06 21:35:00,13,76.92,2,4,75.0,61.36,56.96,15,0,22,Reprobado,1
fb6676b11164,3043,01/2026C1/P/04/132-02/1/000165-1A,2026C1,04/132-02,CONTABILIDAD Y AUDITORÍA,1,A,METODOLOGÍA DE LA INVESTIGACIÓN,2026-03-21 21:26:00,2026-08-04 22:07:00,13,92.31,3,4,100.0,79.28,74.03,6,2,21,Aprobado,0
02dcce670061,3004,01/2026C1/P/04/132-02/3/000044-3A,2026C1,04/132-02,CONTABILIDAD Y AUDITORÍA,3,A,CONTABILIDAD GENERAL,2026-03-28 21:16:00,2026-08-03 19:31:00,13,100.0,1,4,100.0,88.0,92.23,13,3,21,Aprobado,0
02dcce670061,3005,01/2026C1/P/04/132-02/3/000154-3A,2026C1,04/132-02,CONTABILIDAD Y AUDITORÍA,3,A,MATEMÁTICA FINANCIERA,2026-03-16 19:01:00,2026-08-03 20:54:00,13,100.0,0,4,100.0,85.5,85.71,1,3,19,Aprobado,0
02dcce670061,3006,01/2026C1/P/04/132-02/3/000220-3A,2026C1,04/132-02,CONTABILIDAD Y AUDITORÍA,3,A,TRIBUTACIÓN,2026-03-21 19:24:00,2026-08-01 20:13:00,13,100.0,1,4,100.0,94.07,91.68,6,5,19,Aprobado,0
02dcce670061,3007,01/2026C1/P/04/132-02/3/000165-3A,2026C1,04/132-02,CONTABILIDAD Y AUDITORÍA,3,A,METODOLOGÍA DE LA INVESTIGACIÓN,2026-03-16 20:53:00,2026-08-05 21:52:00,13,100.0,3,4,100.0,83.18,82.71,1,1,20,Aprobado,0
855bb1756ea7,3112,01/2026C1/P/02/145-01/4/000077-4B,2026C1,02/145-01,DERECHO,4,B,DERECHO CIVIL,2026-03-15 19:47:00,2026-07-29 19:09:00,13,100.0,2,4,100.0,87.68,85.79,0,8,19,Aprobado,0
855bb1756ea7,3113,01/2026C1/P/02/145-01/4/000099-4B,2026C1,02/145-01,DERECHO,4,B,DERECHO PENAL,2026-04-05 20:22:00,2026-08-07 20:19:00,13,92.31,3,4,100.0,89.56,83.77,21,0,20,Aprobado,0
855bb1756ea7,3114,01/2026C1/P/02/145-01/4/000088-4B,2026C1,02/145-01,DERECHO,4,B,DERECHO CONSTITUCIONAL,2026-03-22 19:12:00,2026-08-06 19:48:00,13,100.0,0,4,100.0,82.9,83.81,7,0,19,Aprobado,0
855bb1756ea7,3115,01/2026C1/P/02/145-01/4/000165-4B,2026C1,02/145-01,DERECHO,4,B,METODOLOGÍA DE LA INVESTIGACIÓN,2026-03-25 19:09:00,2026-07-30 19:08:00,13,92.31,2,4,100.0,75.34,72.34,10,7,19,Aprobado,0
793f1fe18c8c,3200,01/2026C1/P/04/120-03/4/000143-4A,2026C1,04/120-03,ECONOMÍA,4,A,MACROECONOMÍA,2026-03-21 20:05:00,2026-08-03 21:23:00,13,100.0,1,4,100.0,93.86,87.5,6,3,20,Aprobado,0
793f1fe18c8c,3201,01/2026C1/P/04/120-03/4/000176-4A,2026C1,04/120-03,ECONOMÍA,4,A,MICROECONOMÍA,2026-03-15 20:30:00,2026-07-29 19:59:00,13,100.0,2,4,100.0,79.81,83.79,0,8,20,Aprobado,0
793f1fe18c8c,3202,01/2026C1/P/04/120-03/4/000110-4A,2026C1,04/120-03,ECONOMÍA,4,A,ESTADÍSTICA,2026-03-20 22:01:00,2026-07-29 19:59:00,13,100.0,4,4,100.0,77.54,75.36,5,8,22,Aprobado,0
793f1fe18c8c,3203,01/2026C1/P/04/120-03/4/000165-4A,2026C1,04/120-03,ECONOMÍA,4,A,METODOLOGÍA DE LA INVESTIGACIÓN,2026-03-24 21:53:00,2026-07-29 21:01:00,13,100.0,2,4,100.0,89.98,87.48,9,8,21,Aprobado,0
ef99c4e77d70,3224,01/2026C1/P/02/145-01/4/000077-4A,2026C1,02/145-01,DERECHO,4,A,DERECHO CIVIL,2026-03-16 17:32:00,2026-07-29 18:45:00,13,100.0,0,4,100.0,98.27,96.43,1,8,17,Aprobado,0
ef99c4e77d70,3225,01/2026C1/P/02/145-01/4/000099-4A,2026C1,02/145-01,DERECHO,4,A,DERECHO PENAL,2026-03-18 20:15:00,2026-08-07 17:27:00,13,100.0,1,4,100.0,86.2,90.89,3,0,20,Aprobado,0
ef99c4e77d70,3226,01/2026C1/P/02/145-01/4/000088-4A,2026C1,02/145-01,DERECHO,4,A,DERECHO CONSTITUCIONAL,2026-03-18 17:40:00,2026-08-07 16:17:00,13,100.0,2,4,100.0,97.5,95.28,3,0,17,Aprobado,0
ef99c4e77d70,3227,01/2026C1/P/02/145-01/4/000165-4A,2026C1,02/145-01,DERECHO,4,A,METODOLOGÍA DE LA INVESTIGACIÓN,2026-03-15 16:24:00,2026-08-02 18:57:00,13,100.0,2,4,100.0,93.63,96.7,0,4,16,Aprobado,0
3e5d609de213,3112,01/2026C1/P/02/145-01/4/000077-4B,2026C1,02/145-01,DERECHO,4,B,DERECHO CIVIL,2026-04-03 17:07:00,2026-08-01 18:05:00,13,84.62,1,4,75.0,59.81,70.65,19,5,17,Aprobado,0
3e5d609de213,3113,01/2026C1/P/02/145-01/4/000099-4B,2026C1,02/145-01,DERECHO,4,B,DERECHO PENAL,2026-03-21 17:10:00,2026-08-06 17:06:00,13,100.0,5,4,100.0,74.34,70.82,6,0,17,Aprobado,0
3e5d609de213,3114,01/2026C1/P/02/145-01/4/000088-4B,2026C1,02/145-01,DERECHO,4,B,DERECHO CONSTITUCIONAL,2026-03-19 16:35:00,2026-08-07 17:19:00,13,92.31,2,4,75.0,70.06,81.55,4,0,16,Aprobado,0
3e5d609de213,3115,01/2026C1/P/02/145-01/4/000165-4B,2026C1,02/145-01,DERECHO,4,B,METODOLOGÍA DE LA INVESTIGACIÓN,2026-03-17 17:04:00,2026-08-05 17:20:00,13,100.0,0,4,100.0,84.5,88.3,2,1,17,Aprobado,0
44fe39d02e79,3068,01/2026C1/P/05/167-02/2/000209-2A,2026C1,05/167-02,PSICOLOGÍA,2,A,PSICOLOGÍA GENERAL,2026-03-16 22:39:00,2026-08-05 23:05:00,13,100.0,1,4,100.0,89.4,89.47,1,1,22,Aprobado,0
44fe39d02e79,3069,01/2026C1/P/05/167-02/2/000110-2A,2026C1,05/167-02,PSICOLOGÍA,2,A,ESTADÍSTICA,2026-04-02 22:21:00,2026-08-02 23:34:00,13,100.0,2,4,100.0,97.0,92.14,18,4,22,Aprobado,0
44fe39d02e79,3070,01/2026C1/P/05/167-02/2/000187-2A,2026C1,05/167-02,PSICOLOGÍA,2,A,NEUROCIENCIAS,2026-03-25 23:23:00,2026-08-05 23:42:00,13,100.0,0,4,100.0,94.28,90.43,10,1,23,Aprobado,0
44fe39d02e79,3071,01/2026C1/P/05/167-02/2/000165-2A,2026C1,05/167-02,PSICOLOGÍA,2,A,METODOLOGÍA DE LA INVESTIGACIÓN,2026-03-16 21:51:00,2026-08-02 21:51:00,13,100.0,1,4,100.0,93.02,92.58,1,4,21,Aprobado,0
bca57cfc545d,3008,01/2026C1/P/01/101-01/2/000011-2B,2026C1,01/101-01,MEDICINA,2,B,ANATOMÍA HUMANA,2026-03-19 23:04:00,2026-08-02 20:34:00,13,100.0,2,4,100.0,69.23,82.04,4,4,23,Aprobado,0
bca57cfc545d,3009,01/2026C1/P/01/101-01/2/000033-2B,2026C1,01/101-01,MEDICINA,2,B,BIOQUÍMICA,2026-03-23 21:47:00,2026-07-29 20:44:00,13,100.0,0,4,100.0,80.26,84.35,8,8,21,Aprobado,0
bca57cfc545d,3010,01/2026C1/P/01/101-01/2/000132-2B,2026C1,01/101-01,MEDICINA,2,B,FISIOLOGÍA,2026-03-17 21:56:00,2026-08-02 19:44:00,13,100.0,1,4,100.0,94.73,92.24,2,4,21,Aprobado,0
bca57cfc545d,3011,01/2026C1/P/01/101-01/2/000165-2B,2026C1,01/101-01,MEDICINA,2,B,METODOLOGÍA DE LA INVESTIGACIÓN,2026-03-19 22:03:00,2026-08-02 21:30:00,13,100.0,1,4,100.0,84.99,82.59,4,4,22,Aprobado,0
4f4a95351013,3024,01/2026C1/P/05/167-02/4/000209-4A,2026C1,05/167-02,PSICOLOGÍA,4,A,PSICOLOGÍA GENERAL,2026-03-18 13:31:00,2026-07-29 12:45:00,13,100.0,1,4,100.0,100.0,98.87,3,8,13,Aprobado,0
4f4a95351013,3025,01/2026C1/P/05/167-02/4/000110-4A,2026C1,05/167-02,PSICOLOGÍA,4,A,ESTADÍSTICA,2026-03-16 13:53:00,2026-07-30 12:57:00,13,100.0,1,4,100.0,99.38,96.06,1,7,13,Aprobado,0
4f4a95351013,3026,01/2026C1/P/05/167-02/4/000187-4A,2026C1,05/167-02,PSICOLOGÍA,4,A,NEUROCIENCIAS,2026-03-15 14:48:00,2026-08-02 12:35:00,13,100.0,0,4,100.0,99.6,99.38,0,4,14,Aprobado,0
4f4a95351013,3027,01/2026C1/P/05/167-02/4/000165-4A,2026C1,05/167-02,PSICOLOGÍA,4,A,METODOLOGÍA DE LA INVESTIGACIÓN,2026-03-15 10:40:00,2026-08-03 12:38:00,13,100.0,0,4,100.0,98.83,97.04,0,3,10,Aprobado,0
4f95e9260db1,3064,01/2026C1/P/03/210-01/2/000066-2A,2026C1,03/210-01,INGENIERÍA DE SOFTWARE,2,A,CÁLCULO DIFERENCIAL,2026-03-16 22:14:00,2026-04-29 23:36:00,13,30.77,0,4,100.0,95.12,30.1,1,99,22,Reprobado,1
4f95e9260db1,3065,01/2026C1/P/03/210-01/2/000198-2A,2026C1,03/210-01,INGENIERÍA DE SOFTWARE,2,A,PROGRAMACIÓN I,2026-03-18 22:39:00,2026-05-17 22:44:00,13,30.77,2,4,100.0,89.05,28.33,3,81,22,Reprobado,1
4f95e9260db1,3066,01/2026C1/P/03/210-01/2/000022-2A,2026C1,03/210-01,INGENIERÍA DE SOFTWARE,2,A,BASE DE DATOS,2026-03-17 23:36:00,2026-04-25 22:43:00,13,30.77,0,4,50.0,43.01,27.35,2,103,23,Reprobado,1
4f95e9260db1,3067,01/2026C1/P/03/210-01/2/000165-2A,2026C1,03/210-01,INGENIERÍA DE SOFTWARE,2,A,METODOLOGÍA DE LA INVESTIGACIÓN,2026-03-17 22:59:00,2026-06-11 23:40:00,13,69.23,0,4,100.0,98.72,67.45,2,56,22,Reprobado,1
697b887587f6,3004,01/2026C1/P/04/132-02/3/000044-3A,2026C1,04/132-02,CONTABILIDAD Y AUDITORÍA,3,A,CONTABILIDAD GENERAL,2026-03-19 20:35:00,2026-08-04 20:52:00,13,100.0,0,4,100.0,89.22,91.6,4,2,20,Aprobado,0
697b887587f6,3005,01/2026C1/P/04/132-02/3/000154-3A,2026C1,04/132-02,CONTABILIDAD Y AUDITORÍA,3,A,MATEMÁTICA FINANCIERA,2026-03-16 21:13:00,2026-07-30 21:17:00,13,100.0,3,4,100.0,74.92,72.94,1,7,21,Aprobado,0
697b887587f6,3006,01/2026C1/P/04/132-02/3/000220-3A,2026C1,04/132-02,CONTABILIDAD Y AUDITORÍA,3,A,TRIBUTACIÓN,2026-03-24 20:54:00,2026-08-07 22:25:00,13,92.31,4,4,100.0,77.77,68.5,9,0,20,Reprobado,1
697b887587f6,3007,01/2026C1/P/04/132-02/3/000165-3A,2026C1,04/132-02,CONTABILIDAD Y AUDITORÍA,3,A,METODOLOGÍA DE LA INVESTIGACIÓN,2026-03-23 19:36:00,2026-08-05 21:42:00,13,92.31,2,4,75.0,56.92,71.83,8,1,19,Aprobado,0
47851cefc172,3076,01/2026C1/P/01/101-01/4/000011-4B,2026C1,01/101-01,MEDICINA,4,B,ANATOMÍA HUMANA,2026-03-16 17:08:00,2026-07-29 16:07:00,13,92.31,1,4,100.0,84.22,75.32,1,8,17,Aprobado,0
47851cefc172,3077,01/2026C1/P/01/101-01/4/000033-4B,2026C1,01/101-01,MEDICINA,4,B,BIOQUÍMICA,2026-04-18 15:28:00,2026-08-06 16:33:00,13,69.23,4,4,75.0,49.62,47.26,34,0,15,Reprobado,1
47851cefc172,3078,01/2026C1/P/01/101-01/4/000132-4B,2026C1,01/101-01,MEDICINA,4,B,FISIOLOGÍA,2026-03-27 16:18:00,2026-08-01 16:10:00,13,100.0,2,4,100.0,71.93,79.81,12,5,16,Aprobado,0
47851cefc172,3079,01/2026C1/P/01/101-01/4/000165-4B,2026C1,01/101-01,MEDICINA,4,B,METODOLOGÍA DE LA INVESTIGACIÓN,2026-03-15 17:37:00,2026-08-06 18:56:00,13,92.31,2,4,75.0,49.24,65.8,0,0,17,Reprobado,1
ad97e55ac0de,3236,01/2026C1/P/02/145-01/5/000077-5B,2026C1,02/145-01,DERECHO,5,B,DERECHO CIVIL,2026-03-23 16:57:00,2026-08-06 15:20:00,13,100.0,1,4,100.0,92.27,89.74,8,0,16,Aprobado,0
ad97e55ac0de,3237,01/2026C1/P/02/145-01/5/000099-5B,2026C1,02/145-01,DERECHO,5,B,DERECHO PENAL,2026-03-23 14:33:00,2026-07-31 16:02:00,13,100.0,0,4,100.0,99.51,94.64,8,6,14,Aprobado,0
ad97e55ac0de,3238,01/2026C1/P/02/145-01/5/000088-5B,2026C1,02/145-01,DERECHO,5,B,DERECHO CONSTITUCIONAL,2026-03-27 14:42:00,2026-08-05 17:03:00,13,100.0,2,4,100.0,97.4,88.25,12,1,14,Aprobado,0
ad97e55ac0de,3239,01/2026C1/P/02/145-01/5/000165-5B,2026C1,02/145-01,DERECHO,5,B,METODOLOGÍA DE LA INVESTIGACIÓN,2026-03-19 16:16:00,2026-08-05 14:58:00,13,100.0,0,4,100.0,93.96,95.9,4,1,16,Aprobado,0
f637deee8e93,3116,01/2026C1/P/04/120-03/2/000143-2B,2026C1,04/120-03,ECONOMÍA,2,B,MACROECONOMÍA,2026-03-18 16:50:00,2026-08-07 15:18:00,13,100.0,1,4,100.0,96.42,95.8,3,0,16,Aprobado,0
f637deee8e93,3117,01/2026C1/P/04/120-03/2/000176-2B,2026C1,04/120-03,ECONOMÍA,2,B,MICROECONOMÍA,2026-03-15 14:38:00,2026-08-04 17:45:00,13,100.0,3,4,100.0,100.0,96.15,0,2,14,Aprobado,0
f637deee8e93,3118,01/2026C1/P/04/120-03/2/000110-2B,2026C1,04/120-03,ECONOMÍA,2,B,ESTADÍSTICA,2026-03-27 17:23:00,2026-08-07 15:34:00,13,100.0,1,4,100.0,98.57,96.33,12,0,17,Aprobado,0
f637deee8e93,3119,01/2026C1/P/04/120-03/2/000165-2B,2026C1,04/120-03,ECONOMÍA,2,B,METODOLOGÍA DE LA INVESTIGACIÓN,2026-03-16 16:16:00,2026-08-01 18:19:00,13,100.0,2,4,100.0,93.94,95.0,1,5,16,Aprobado,0
ca357a7a8362,3124,01/2026C1/P/01/101-01/1/000011-1A,2026C1,01/101-01,MEDICINA,1,A,ANATOMÍA HUMANA,2026-05-12 00:10:00,2026-07-29 20:19:00,13,7.69,0,4,0.0,0.0,3.61,58,8,0,Reprobado,1
ca357a7a8362,3125,01/2026C1/P/01/101-01/1/000033-1A,2026C1,01/101-01,MEDICINA,1,A,BIOQUÍMICA,2026-05-14 21:15:00,2026-08-04 21:33:00,13,0.0,0,4,0.0,0.0,0.0,60,2,21,Reprobado,1
ca357a7a8362,3126,01/2026C1/P/01/101-01/1/000132-1A,2026C1,01/101-01,MEDICINA,1,A,FISIOLOGÍA,2026-05-14 21:32:00,2026-08-06 23:23:00,13,0.0,0,4,0.0,0.0,0.0,60,0,21,Reprobado,1
ca357a7a8362,3127,01/2026C1/P/01/101-01/1/000165-1A,2026C1,01/101-01,MEDICINA,1,A,METODOLOGÍA DE LA INVESTIGACIÓN,2026-04-08 21:59:00,2026-08-05 22:23:00,13,7.69,0,4,0.0,0.0,4.46,24,1,21,Reprobado,1
e5ba63a643d0,3032,01/2026C1/P/01/101-01/3/000011-3A,2026C1,01/101-01,MEDICINA,3,A,ANATOMÍA HUMANA,2026-03-23 17:10:00,2026-08-07 19:49:00,13,100.0,2,4,100.0,76.68,82.04,8,0,17,Aprobado,0
e5ba63a643d0,3033,01/2026C1/P/01/101-01/3/000033-3A,2026C1,01/101-01,MEDICINA,3,A,BIOQUÍMICA,2026-04-07 17:01:00,2026-08-01 17:43:00,13,84.62,4,4,100.0,69.38,61.33,23,5,17,Reprobado,1
e5ba63a643d0,3034,01/2026C1/P/01/101-01/3/000132-3A,2026C1,01/101-01,MEDICINA,3,A,FISIOLOGÍA,2026-03-16 17:34:00,2026-08-04 17:38:00,13,100.0,3,4,100.0,79.92,78.13,1,2,17,Aprobado,0
e5ba63a643d0,3035,01/2026C1/P/01/101-01/3/000165-3A,2026C1,01/101-01,MEDICINA,3,A,METODOLOGÍA DE LA INVESTIGACIÓN,2026-03-27 18:08:00,2026-07-30 17:18:00,13,84.62,0,4,100.0,83.46,69.93,12,7,18,Reprobado,1
c901030ce73a,3100,01/2026C1/P/01/101-01/5/000011-5B,2026C1,01/101-01,MEDICINA,5,B,ANATOMÍA HUMANA,2026-03-17 23:44:00,2026-08-03 22:23:00,13,100.0,1,4,100.0,78.98,79.68,2,3,23,Aprobado,0
c901030ce73a,3101,01/2026C1/P/01/101-01/5/000033-5B,2026C1,01/101-01,MEDICINA,5,B,BIOQUÍMICA,2026-03-16 00:22:00,2026-07-31 22:55:00,13,100.0,4,4,100.0,66.05,76.15,1,6,0,Aprobado,0
c901030ce73a,3102,01/2026C1/P/01/101-01/5/000132-5B,2026C1,01/101-01,MEDICINA,5,B,FISIOLOGÍA,2026-04-01 00:57:00,2026-08-05 23:03:00,13,92.31,5,4,100.0,69.04,68.72,17,1,0,Reprobado,1
c901030ce73a,3103,01/2026C1/P/01/101-01/5/000165-5B,2026C1,01/101-01,MEDICINA,5,B,METODOLOGÍA DE LA INVESTIGACIÓN,2026-03-19 00:04:00,2026-08-06 23:14:00,13,100.0,3,4,100.0,63.91,72.11,4,0,0,Aprobado,0
c1785d0fe3f9,3092,01/2026C1/P/05/167-02/1/000209-1A,2026C1,05/167-02,PSICOLOGÍA,1,A,PSICOLOGÍA GENERAL,2026-03-19 16:51:00,2026-07-31 17:00:00,13,92.31,1,4,100.0,85.38,81.41,4,6,16,Aprobado,0
c1785d0fe3f9,3093,01/2026C1/P/05/167-02/1/000110-1A,2026C1,05/167-02,PSICOLOGÍA,1,A,ESTADÍSTICA,2026-03-15 16:29:00,2026-08-06 15:33:00,13,100.0,2,4,100.0,99.47,90.36,0,0,16,Aprobado,0
c1785d0fe3f9,3094,01/2026C1/P/05/167-02/1/000187-1A,2026C1,05/167-02,PSICOLOGÍA,1,A,NEUROCIENCIAS,2026-03-15 16:14:00,2026-07-31 16:09:00,13,100.0,3,4,100.0,92.57,92.06,0,6,16,Aprobado,0
c1785d0fe3f9,3095,01/2026C1/P/05/167-02/1/000165-1A,2026C1,05/167-02,PSICOLOGÍA,1,A,METODOLOGÍA DE LA INVESTIGACIÓN,2026-03-22 14:29:00,2026-07-31 15:50:00,13,100.0,0,4,100.0,94.78,92.28,7,6,14,Aprobado,0
4523e92044aa,3184,01/2026C1/P/04/120-03/5/000143-5A,2026C1,04/120-03,ECONOMÍA,5,A,MACROECONOMÍA,2026-03-15 22:23:00,2026-08-02 23:45:00,13,100.0,1,4,100.0,90.24,89.69,0,4,22,Aprobado,0
4523e92044aa,3185,01/2026C1/P/04/120-03/5/000176-5A,2026C1,04/120-03,ECONOMÍA,5,A,MICROECONOMÍA,2026-03-18 23:27:00,2026-08-03 21:47:00,13,100.0,4,4,100.0,87.86,81.15,3,3,23,Aprobado,0
4523e92044aa,3186,01/2026C1/P/04/120-03/5/000110-5A,2026C1,04/120-03,ECONOMÍA,5,A,ESTADÍSTICA,2026-03-20 01:22:00,2026-07-30 22:04:00,13,100.0,1,4,100.0,81.12,80.79,5,7,1,Aprobado,0
4523e92044aa,3187,01/2026C1/P/04/120-03/5/000165-5A,2026C1,04/120-03,ECONOMÍA,5,A,METODOLOGÍA DE LA INVESTIGACIÓN,2026-03-17 23:17:00,2026-08-05 00:27:00,13,100.0,2,4,100.0,89.23,86.64,2,1,23,Aprobado,0
6ce9a5599c85,3060,01/2026C1/P/05/167-02/5/000209-5B,2026C1,05/167-02,PSICOLOGÍA,5,B,PSICOLOGÍA GENERAL,2026-03-17 20:32:00,2026-08-03 20:33:00,13,100.0,2,4,100.0,89.98,94.23,2,3,20,Aprobado,0
6ce9a5599c85,3061,01/2026C1/P/05/167-02/5/000110-5B,2026C1,05/167-02,PSICOLOGÍA,5,B,ESTADÍSTICA,2026-03-17 22:53:00,2026-08-01 21:34:00,13,100.0,0,4,100.0,88.34,88.54,2,5,22,Aprobado,0
6ce9a5599c85,3062,01/2026C1/P/05/167-02/5/000187-5B,2026C1,05/167-02,PSICOLOGÍA,5,B,NEUROCIENCIAS,2026-03-15 20:34:00,2026-08-04 22:02:00,13,100.0,1,4,100.0,92.81,97.1,0,2,20,Aprobado,0
6ce9a5599c85,3063,01/2026C1/P/05/167-02/5/000165-5B,2026C1,05/167-02,PSICOLOGÍA,5,B,METODOLOGÍA DE LA INVESTIGACIÓN,2026-04-02 20:04:00,2026-07-29 21:14:00,13,100.0,2,4,100.0,96.39,90.29,18,8,20,Aprobado,0
47d0bd3278d8,3044,01/2026C1/P/01/101-01/1/000011-1B,2026C1,01/101-01,MEDICINA,1,B,ANATOMÍA HUMANA,2026-03-27 02:32:00,2026-08-03 23:30:00,13,76.92,1,4,100.0,80.64,56.89,12,3,2,Reprobado,1
47d0bd3278d8,3045,01/2026C1/P/01/101-01/1/000033-1B,2026C1,01/101-01,MEDICINA,1,B,BIOQUÍMICA,2026-03-26 00:14:00,2026-08-01 22:39:00,13,100.0,3,4,100.0,63.17,68.85,11,5,0,Reprobado,1
47d0bd3278d8,3046,01/2026C1/P/01/101-01/1/000132-1B,2026C1,01/101-01,MEDICINA,1,B,FISIOLOGÍA,2026-03-15 23:38:00,2026-07-29 23:17:00,13,84.62,2,4,100.0,82.46,61.14,0,8,23,Reprobado,1
47d0bd3278d8,3047,01/2026C1/P/01/101-01/1/000165-1B,2026C1,01/101-01,MEDICINA,1,B,METODOLOGÍA DE LA INVESTIGACIÓN,2026-04-07 01:18:00,2026-08-06 23:30:00,13,92.31,4,4,100.0,80.82,70.75,23,0,1,Aprobado,0
d0be13808641,3112,01/2026C1/P/02/145-01/4/000077-4B,2026C1,02/145-01,DERECHO,4,B,DERECHO CIVIL,2026-03-19 18:45:00,2026-07-30 20:24:00,13,100.0,1,4,100.0,95.02,84.83,4,7,18,Aprobado,0
d0be13808641,3113,01/2026C1/P/02/145-01/4/000099-4B,2026C1,02/145-01,DERECHO,4,B,DERECHO PENAL,2026-03-16 20:38:00,2026-08-06 21:24:00,13,100.0,1,4,100.0,77.61,88.29,1,0,20,Aprobado,0
d0be13808641,3114,01/2026C1/P/02/145-01/4/000088-4B,2026C1,02/145-01,DERECHO,4,B,DERECHO CONSTITUCIONAL,2026-03-18 19:34:00,2026-07-31 21:00:00,13,100.0,0,4,100.0,89.46,90.06,3,6,19,Aprobado,0
d0be13808641,3115,01/2026C1/P/02/145-01/4/000165-4B,2026C1,02/145-01,DERECHO,4,B,METODOLOGÍA DE LA INVESTIGACIÓN,2026-03-15 21:50:00,2026-08-07 21:04:00,13,100.0,2,4,100.0,73.24,74.34,0,0,21,Aprobado,0
d81971c27eca,3224,01/2026C1/P/02/145-01/4/000077-4A,2026C1,02/145-01,DERECHO,4,A,DERECHO CIVIL,2026-03-26 18:52:00,2026-05-17 17:33:00,13,30.77,0,4,100.0,85.26,27.02,11,81,18,Reprobado,1
d81971c27eca,3225,01/2026C1/P/02/145-01/4/000099-4A,2026C1,02/145-01,DERECHO,4,A,DERECHO PENAL,2026-03-22 17:50:00,2026-06-10 17:00:00,13,61.54,4,4,100.0,75.65,42.91,7,57,17,Reprobado,1
d81971c27eca,3226,01/2026C1/P/02/145-01/4/000088-4A,2026C1,02/145-01,DERECHO,4,A,DERECHO CONSTITUCIONAL,2026-03-17 17:27:00,2026-06-13 18:29:00,13,53.85,3,4,75.0,61.31,40.95,2,54,17,Reprobado,1
d81971c27eca,3227,01/2026C1/P/02/145-01/4/000165-4A,2026C1,02/145-01,DERECHO,4,A,METODOLOGÍA DE LA INVESTIGACIÓN,2026-03-15 17:10:00,2026-05-22 15:56:00,13,23.08,0,4,50.0,35.73,16.42,0,76,17,Reprobado,1
063b6879790d,3096,01/2026C1/P/02/145-01/2/000077-2B,2026C1,02/145-01,DERECHO,2,B,DERECHO CIVIL,2026-03-18 21:38:00,2026-08-07 21:54:00,13,100.0,3,4,100.0,89.24,85.04,3,0,21,Aprobado,0
063b6879790d,3097,01/2026C1/P/02/145-01/2/000099-2B,2026C1,02/145-01,DERECHO,2,B,DERECHO PENAL,2026-03-17 22:20:00,2026-08-02 21:27:00,13,69.23,2,4,75.0,60.04,55.5,2,4,22,Reprobado,1
063b6879790d,3098,01/2026C1/P/02/145-01/2/000088-2B,2026C1,02/145-01,DERECHO,2,B,DERECHO CONSTITUCIONAL,2026-03-24 23:16:00,2026-07-29 21:52:00,13,92.31,4,4,100.0,84.61,72.03,9,8,23,Aprobado,0
063b6879790d,3099,01/2026C1/P/02/145-01/2/000165-2B,2026C1,02/145-01,DERECHO,2,B,METODOLOGÍA DE LA INVESTIGACIÓN,2026-03-26 01:21:00,2026-08-06 23:49:00,13,100.0,3,4,100.0,80.34,82.99,11,0,1,Aprobado,0
bf89d51342f7,3084,01/2026C1/P/04/120-03/2/000143-2A,2026C1,04/120-03,ECONOMÍA,2,A,MACROECONOMÍA,2026-03-15 19:03:00,2026-08-07 18:40:00,13,100.0,2,4,100.0,93.2,92.11,0,0,19,Aprobado,0
bf89d51342f7,3085,01/2026C1/P/04/120-03/2/000176-2A,2026C1,04/120-03,ECONOMÍA,2,A,MICROECONOMÍA,2026-03-18 19:56:00,2026-08-06 17:53:00,13,100.0,0,4,100.0,93.32,93.26,3,0,19,Aprobado,0
bf89d51342f7,3086,01/2026C1/P/04/120-03/2/000110-2A,2026C1,04/120-03,ECONOMÍA,2,A,ESTADÍSTICA,2026-03-21 20:40:00,2026-08-03 17:55:00,13,92.31,1,4,100.0,86.34,79.04,6,3,20,Aprobado,0
bf89d51342f7,3087,01/2026C1/P/04/120-03/2/000165-2A,2026C1,04/120-03,ECONOMÍA,2,A,METODOLOGÍA DE LA INVESTIGACIÓN,2026-03-16 17:27:00,2026-08-03 20:11:00,13,100.0,2,4,100.0,94.48,91.05,1,3,17,Aprobado,0
dd0a58dbd4c7,3228,01/2026C1/P/05/167-02/4/000209-4B,2026C1,05/167-02,PSICOLOGÍA,4,B,PSICOLOGÍA GENERAL,2026-03-16 18:00:00,2026-07-29 16:59:00,13,100.0,1,4,100.0,97.0,96.69,1,8,18,Aprobado,0
dd0a58dbd4c7,3229,01/2026C1/P/05/167-02/4/000110-4B,2026C1,05/167-02,PSICOLOGÍA,4,B,ESTADÍSTICA,2026-03-18 18:06:00,2026-08-03 16:45:00,13,100.0,1,4,100.0,77.98,80.21,3,3,18,Aprobado,0
dd0a58dbd4c7,3230,01/2026C1/P/05/167-02/4/000187-4B,2026C1,05/167-02,PSICOLOGÍA,4,B,NEUROCIENCIAS,2026-03-18 17:17:00,2026-08-04 15:08:00,13,100.0,2,4,100.0,98.06,95.48,3,2,17,Aprobado,0
dd0a58dbd4c7,3231,01/2026C1/P/05/167-02/4/000165-4B,2026C1,05/167-02,PSICOLOGÍA,4,B,METODOLOGÍA DE LA INVESTIGACIÓN,2026-03-19 16:14:00,2026-08-02 17:58:00,13,100.0,3,4,100.0,90.11,89.66,4,4,16,Aprobado,0
981393fb1f36,3196,01/2026C1/P/01/101-01/4/000011-4A,2026C1,01/101-01,MEDICINA,4,A,ANATOMÍA HUMANA,2026-03-21 20:04:00,2026-07-30 20:53:00,13,100.0,0,4,100.0,91.37,79.45,6,7,20,Aprobado,0
981393fb1f36,3197,01/2026C1/P/01/101-01/4/000033-4A,2026C1,01/101-01,MEDICINA,4,A,BIOQUÍMICA,2026-03-19 20:22:00,2026-08-03 19:24:00,13,100.0,2,4,100.0,79.79,80.27,4,3,20,Aprobado,0
981393fb1f36,3198,01/2026C1/P/01/101-01/4/000132-4A,2026C1,01/101-01,MEDICINA,4,A,FISIOLOGÍA,2026-03-29 20:12:00,2026-07-29 19:12:00,13,100.0,3,4,100.0,94.17,95.87,14,8,20,Aprobado,0
981393fb1f36,3199,01/2026C1/P/01/101-01/4/000165-4A,2026C1,01/101-01,MEDICINA,4,A,METODOLOGÍA DE LA INVESTIGACIÓN,2026-03-25 22:00:00,2026-08-06 20:03:00,13,92.31,2,4,100.0,89.08,80.21,10,0,22,Aprobado,0
6968a76adc5f,3240,01/2026C1/P/05/167-02/2/000209-2B,2026C1,05/167-02,PSICOLOGÍA,2,B,PSICOLOGÍA GENERAL,2026-03-15 16:27:00,2026-08-02 16:33:00,13,100.0,2,4,100.0,97.85,97.95,0,4,16,Aprobado,0
6968a76adc5f,3241,01/2026C1/P/05/167-02/2/000110-2B,2026C1,05/167-02,PSICOLOGÍA,2,B,ESTADÍSTICA,2026-03-21 14:55:00,2026-07-31 15:22:00,13,100.0,0,4,100.0,92.63,93.06,6,6,14,Aprobado,0
6968a76adc5f,3242,01/2026C1/P/05/167-02/2/000187-2B,2026C1,05/167-02,PSICOLOGÍA,2,B,NEUROCIENCIAS,2026-03-15 14:50:00,2026-08-04 14:31:00,13,100.0,0,4,100.0,87.48,93.58,0,2,14,Aprobado,0
6968a76adc5f,3243,01/2026C1/P/05/167-02/2/000165-2B,2026C1,05/167-02,PSICOLOGÍA,2,B,METODOLOGÍA DE LA INVESTIGACIÓN,2026-03-16 15:06:00,2026-08-04 16:10:00,13,100.0,0,4,100.0,96.99,91.97,1,2,15,Aprobado,0
9fc3851e6cee,3268,01/2026C1/P/01/188-01/4/000011-4B,2026C1,01/188-01,ENFERMERÍA,4,B,ANATOMÍA HUMANA,2026-03-16 15:25:00,2026-08-06 13:47:00,13,100.0,0,4,100.0,83.57,80.42,1,0,15,Aprobado,0
9fc3851e6cee,3269,01/2026C1/P/01/188-01/4/000055-4B,2026C1,01/188-01,ENFERMERÍA,4,B,CUIDADO BÁSICO,2026-03-15 15:22:00,2026-08-04 14:30:00,13,100.0,3,4,100.0,82.36,81.51,0,2,15,Aprobado,0
9fc3851e6cee,3270,01/2026C1/P/01/188-01/4/000121-4B,2026C1,01/188-01,ENFERMERÍA,4,B,FARMACOLOGÍA,2026-03-20 13:41:00,2026-08-05 15:58:00,13,100.0,5,4,100.0,76.34,82.31,5,1,13,Aprobado,0
9fc3851e6cee,3271,01/2026C1/P/01/188-01/4/000165-4B,2026C1,01/188-01,ENFERMERÍA,4,B,METODOLOGÍA DE LA INVESTIGACIÓN,2026-03-15 13:13:00,2026-07-30 14:21:00,13,100.0,2,4,100.0,90.27,89.16,0,7,13,Aprobado,0
9b46f306e3e2,3120,01/2026C1/P/04/132-02/3/000044-3B,2026C1,04/132-02,CONTABILIDAD Y AUDITORÍA,3,B,CONTABILIDAD GENERAL,2026-03-23 23:08:00,2026-08-02 20:31:00,13,92.31,2,4,100.0,80.98,69.51,8,4,23,Reprobado,1
9b46f306e3e2,3121,01/2026C1/P/04/132-02/3/000154-3B,2026C1,04/132-02,CONTABILIDAD Y AUDITORÍA,3,B,MATEMÁTICA FINANCIERA,2026-04-04 23:47:00,2026-08-01 23:00:00,13,38.46,0,4,25.0,16.4,20.92,20,5,23,Reprobado,1
9b46f306e3e2,3122,01/2026C1/P/04/132-02/3/000220-3B,2026C1,04/132-02,CONTABILIDAD Y AUDITORÍA,3,B,TRIBUTACIÓN,2026-03-24 23:25:00,2026-08-05 22:49:00,13,100.0,5,4,100.0,67.78,70.75,9,1,23,Aprobado,0
9b46f306e3e2,3123,01/2026C1/P/04/132-02/3/000165-3B,2026C1,04/132-02,CONTABILIDAD Y AUDITORÍA,3,B,METODOLOGÍA DE LA INVESTIGACIÓN,2026-03-29 21:42:00,2026-08-03 21:29:00,13,84.62,1,4,75.0,60.19,63.08,14,3,21,Reprobado,1
9ec4eaf20b9c,3208,01/2026C1/P/04/120-03/1/000143-1A,2026C1,04/120-03,ECONOMÍA,1,A,MACROECONOMÍA,2026-03-15 21:18:00,2026-08-04 21:17:00,13,100.0,0,4,100.0,92.54,88.76,0,2,21,Aprobado,0
9ec4eaf20b9c,3209,01/2026C1/P/04/120-03/1/000176-1A,2026C1,04/120-03,ECONOMÍA,1,A,MICROECONOMÍA,2026-04-07 20:26:00,2026-08-02 22:14:00,13,92.31,0,4,75.0,68.66,86.97,23,4,20,Aprobado,0
9ec4eaf20b9c,3210,01/2026C1/P/04/120-03/1/000110-1A,2026C1,04/120-03,ECONOMÍA,1,A,ESTADÍSTICA,2026-03-18 21:08:00,2026-07-30 21:20:00,13,100.0,0,4,100.0,86.76,83.1,3,7,21,Aprobado,0
9ec4eaf20b9c,3211,01/2026C1/P/04/120-03/1/000165-1A,2026C1,04/120-03,ECONOMÍA,1,A,METODOLOGÍA DE LA INVESTIGACIÓN,2026-03-21 21:58:00,2026-08-01 22:10:00,13,100.0,1,4,100.0,84.52,79.79,6,5,21,Aprobado,0
0ce39a51822e,3268,01/2026C1/P/01/188-01/4/000011-4B,2026C1,01/188-01,ENFERMERÍA,4,B,ANATOMÍA HUMANA,2026-03-16 20:06:00,2026-07-29 21:40:00,13,69.23,2,4,25.0,16.71,39.84,1,8,20,Reprobado,1
0ce39a51822e,3269,01/2026C1/P/01/188-01/4/000055-4B,2026C1,01/188-01,ENFERMERÍA,4,B,CUIDADO BÁSICO,2026-04-03 20:00:00,2026-07-29 21:21:00,13,92.31,1,4,100.0,75.17,71.71,19,8,20,Aprobado,0
0ce39a51822e,3270,01/2026C1/P/01/188-01/4/000121-4B,2026C1,01/188-01,ENFERMERÍA,4,B,FARMACOLOGÍA,2026-03-21 21:55:00,2026-07-31 20:20:00,13,84.62,2,4,75.0,54.7,63.8,6,6,21,Reprobado,1
0ce39a51822e,3271,01/2026C1/P/01/188-01/4/000165-4B,2026C1,01/188-01,ENFERMERÍA,4,B,METODOLOGÍA DE LA INVESTIGACIÓN,2026-04-30 21:25:00,2026-08-07 17:44:00,13,15.38,1,4,0.0,0.0,10.94,46,0,21,Reprobado,1
a756448b0afc,3120,01/2026C1/P/04/132-02/3/000044-3B,2026C1,04/132-02,CONTABILIDAD Y AUDITORÍA,3,B,CONTABILIDAD GENERAL,2026-03-19 17:05:00,2026-06-02 20:08:00,13,69.23,1,4,100.0,80.59,58.41,4,65,17,Reprobado,1
a756448b0afc,3121,01/2026C1/P/04/132-02/3/000154-3B,2026C1,04/132-02,CONTABILIDAD Y AUDITORÍA,3,B,MATEMÁTICA FINANCIERA,2026-03-17 18:03:00,2026-05-13 18:23:00,13,30.77,1,4,100.0,69.0,21.71,2,85,18,Reprobado,1
a756448b0afc,3122,01/2026C1/P/04/132-02/3/000220-3B,2026C1,04/132-02,CONTABILIDAD Y AUDITORÍA,3,B,TRIBUTACIÓN,2026-03-18 17:23:00,2026-05-09 19:56:00,13,38.46,0,4,100.0,76.72,28.12,3,89,17,Reprobado,1
a756448b0afc,3123,01/2026C1/P/04/132-02/3/000165-3B,2026C1,04/132-02,CONTABILIDAD Y AUDITORÍA,3,B,METODOLOGÍA DE LA INVESTIGACIÓN,2026-04-17 19:03:00,2026-05-23 15:56:00,13,61.54,1,4,100.0,93.76,56.53,33,75,19,Reprobado,1
6d5396fa63a2,3172,01/2026C1/P/01/188-01/5/000011-5A,2026C1,01/188-01,ENFERMERÍA,5,A,ANATOMÍA HUMANA,2026-03-30 20:01:00,2026-06-06 19:01:00,13,53.85,1,4,100.0,75.99,39.03,15,61,20,Reprobado,1
6d5396fa63a2,3173,01/2026C1/P/01/188-01/5/000055-5A,2026C1,01/188-01,ENFERMERÍA,5,A,CUIDADO BÁSICO,2026-03-20 17:24:00,2026-04-29 20:21:00,13,30.77,0,4,100.0,70.4,21.39,5,99,17,Reprobado,1
6d5396fa63a2,3174,01/2026C1/P/01/188-01/5/000121-5A,2026C1,01/188-01,ENFERMERÍA,5,A,FARMACOLOGÍA,2026-03-17 18:41:00,2026-05-14 17:53:00,13,30.77,0,4,100.0,77.36,24.19,2,84,18,Reprobado,1
6d5396fa63a2,3175,01/2026C1/P/01/188-01/5/000165-5A,2026C1,01/188-01,ENFERMERÍA,5,A,METODOLOGÍA DE LA INVESTIGACIÓN,2026-03-16 20:52:00,2026-06-05 17:51:00,13,38.46,1,4,50.0,41.16,31.14,1,62,20,Reprobado,1
d602302567cb,3220,01/2026C1/P/04/120-03/5/000143-5B,2026C1,04/120-03,ECONOMÍA,5,B,MACROECONOMÍA,2026-03-17 00:23:00,2026-08-05 22:38:00,13,100.0,1,4,100.0,81.74,75.44,2,1,0,Aprobado,0
d602302567cb,3221,01/2026C1/P/04/120-03/5/000176-5B,2026C1,04/120-03,ECONOMÍA,5,B,MICROECONOMÍA,2026-03-18 23:53:00,2026-08-06 23:28:00,13,92.31,2,4,100.0,74.26,65.73,3,0,23,Reprobado,1
d602302567cb,3222,01/2026C1/P/04/120-03/5/000110-5B,2026C1,04/120-03,ECONOMÍA,5,B,ESTADÍSTICA,2026-04-16 22:04:00,2026-07-30 23:13:00,13,38.46,1,4,25.0,18.64,24.48,32,7,22,Reprobado,1
d602302567cb,3223,01/2026C1/P/04/120-03/5/000165-5B,2026C1,04/120-03,ECONOMÍA,5,B,METODOLOGÍA DE LA INVESTIGACIÓN,2026-04-12 23:34:00,2026-08-07 23:30:00,13,53.85,0,4,50.0,41.79,41.08,28,0,23,Reprobado,1
c0fbee5f408f,3072,01/2026C1/P/01/188-01/4/000011-4A,2026C1,01/188-01,ENFERMERÍA,4,A,ANATOMÍA HUMANA,2026-03-15 22:24:00,2026-08-07 23:22:00,13,100.0,1,4,100.0,91.54,91.24,0,0,22,Aprobado,0
c0fbee5f408f,3073,01/2026C1/P/01/188-01/4/000055-4A,2026C1,01/188-01,ENFERMERÍA,4,A,CUIDADO BÁSICO,2026-03-16 22:28:00,2026-08-04 00:03:00,13,100.0,2,4,100.0,93.04,88.86,1,2,22,Aprobado,0
c0fbee5f408f,3074,01/2026C1/P/01/188-01/4/000121-4A,2026C1,01/188-01,ENFERMERÍA,4,A,FARMACOLOGÍA,2026-03-20 00:16:00,2026-07-29 22:30:00,13,100.0,0,4,100.0,96.92,96.09,5,8,0,Aprobado,0
c0fbee5f408f,3075,01/2026C1/P/01/188-01/4/000165-4A,2026C1,01/188-01,ENFERMERÍA,4,A,METODOLOGÍA DE LA INVESTIGACIÓN,2026-03-20 23:46:00,2026-07-31 01:07:00,13,100.0,1,4,100.0,91.65,93.35,5,6,23,Aprobado,0
ba67e1100541,3020,01/2026C1/P/03/210-01/3/000066-3A,2026C1,03/210-01,INGENIERÍA DE SOFTWARE,3,A,CÁLCULO DIFERENCIAL,2026-03-15 22:36:00,2026-07-30 20:58:00,13,100.0,1,4,100.0,82.5,78.36,0,7,22,Aprobado,0
ba67e1100541,3021,01/2026C1/P/03/210-01/3/000198-3A,2026C1,03/210-01,INGENIERÍA DE SOFTWARE,3,A,PROGRAMACIÓN I,2026-03-16 21:04:00,2026-07-30 21:06:00,13,92.31,1,4,75.0,65.61,77.62,1,7,21,Aprobado,0
ba67e1100541,3022,01/2026C1/P/03/210-01/3/000022-3A,2026C1,03/210-01,INGENIERÍA DE SOFTWARE,3,A,BASE DE DATOS,2026-03-21 20:42:00,2026-07-29 20:45:00,13,84.62,5,4,100.0,79.68,64.24,6,8,20,Reprobado,1
ba67e1100541,3023,01/2026C1/P/03/210-01/3/000165-3A,2026C1,03/210-01,INGENIERÍA DE SOFTWARE,3,A,METODOLOGÍA DE LA INVESTIGACIÓN,2026-03-29 21:53:00,2026-07-30 20:36:00,13,100.0,2,4,100.0,86.08,86.06,14,7,21,Aprobado,0
618a5ab7036b,3096,01/2026C1/P/02/145-01/2/000077-2B,2026C1,02/145-01,DERECHO,2,B,DERECHO CIVIL,2026-03-23 20:13:00,2026-07-29 22:04:00,13,76.92,3,4,50.0,42.01,55.28,8,8,20,Reprobado,1
618a5ab7036b,3097,01/2026C1/P/02/145-01/2/000099-2B,2026C1,02/145-01,DERECHO,2,B,DERECHO PENAL,2026-03-15 21:20:00,2026-08-07 22:27:00,13,76.92,2,4,50.0,44.27,59.82,0,0,21,Reprobado,1
618a5ab7036b,3098,01/2026C1/P/02/145-01/2/000088-2B,2026C1,02/145-01,DERECHO,2,B,DERECHO CONSTITUCIONAL,2026-04-06 22:21:00,2026-08-07 21:53:00,13,92.31,1,4,75.0,60.94,75.91,22,0,22,Aprobado,0
618a5ab7036b,3099,01/2026C1/P/02/145-01/2/000165-2B,2026C1,02/145-01,DERECHO,2,B,METODOLOGÍA DE LA INVESTIGACIÓN,2026-03-16 21:30:00,2026-08-03 23:00:00,13,100.0,0,4,100.0,76.34,79.46,1,3,21,Aprobado,0
a9bded157a55,3268,01/2026C1/P/01/188-01/4/000011-4B,2026C1,01/188-01,ENFERMERÍA,4,B,ANATOMÍA HUMANA,2026-04-28 21:11:00,2026-07-31 20:52:00,13,30.77,0,4,0.0,0.0,20.7,44,6,21,Reprobado,1
a9bded157a55,3269,01/2026C1/P/01/188-01/4/000055-4B,2026C1,01/188-01,ENFERMERÍA,4,B,CUIDADO BÁSICO,2026-03-22 22:22:00,2026-07-31 21:29:00,13,84.62,3,4,100.0,72.73,59.57,7,6,22,Reprobado,1
a9bded157a55,3270,01/2026C1/P/01/188-01/4/000121-4B,2026C1,01/188-01,ENFERMERÍA,4,B,FARMACOLOGÍA,2026-03-17 22:42:00,2026-08-05 21:46:00,13,92.31,3,4,75.0,68.59,73.25,2,1,22,Aprobado,0
a9bded157a55,3271,01/2026C1/P/01/188-01/4/000165-4B,2026C1,01/188-01,ENFERMERÍA,4,B,METODOLOGÍA DE LA INVESTIGACIÓN,2026-03-16 21:38:00,2026-07-30 23:08:00,13,69.23,3,4,75.0,65.12,47.36,1,7,21,Reprobado,1
07f7ab755059,3036,01/2026C1/P/03/210-01/3/000066-3B,2026C1,03/210-01,INGENIERÍA DE SOFTWARE,3,B,CÁLCULO DIFERENCIAL,2026-03-23 18:00:00,2026-08-03 17:23:00,13,100.0,1,4,100.0,76.31,77.59,8,3,18,Aprobado,0
07f7ab755059,3037,01/2026C1/P/03/210-01/3/000198-3B,2026C1,03/210-01,INGENIERÍA DE SOFTWARE,3,B,PROGRAMACIÓN I,2026-03-18 15:36:00,2026-08-06 17:10:00,13,100.0,1,4,100.0,85.13,90.72,3,0,15,Aprobado,0
07f7ab755059,3038,01/2026C1/P/03/210-01/3/000022-3B,2026C1,03/210-01,INGENIERÍA DE SOFTWARE,3,B,BASE DE DATOS,2026-03-16 16:38:00,2026-08-07 15:08:00,13,92.31,1,4,75.0,53.5,76.13,1,0,16,Aprobado,0
07f7ab755059,3039,01/2026C1/P/03/210-01/3/000165-3B,2026C1,03/210-01,INGENIERÍA DE SOFTWARE,3,B,METODOLOGÍA DE LA INVESTIGACIÓN,2026-03-16 15:48:00,2026-07-31 17:34:00,13,100.0,1,4,100.0,87.98,91.16,1,6,15,Aprobado,0
561a24ef0a15,3276,01/2026C1/P/05/167-02/1/000209-1B,2026C1,05/167-02,PSICOLOGÍA,1,B,PSICOLOGÍA GENERAL,2026-03-15 20:42:00,2026-08-04 22:38:00,13,100.0,4,4,100.0,90.98,85.02,0,2,20,Aprobado,0
561a24ef0a15,3277,01/2026C1/P/05/167-02/1/000110-1B,2026C1,05/167-02,PSICOLOGÍA,1,B,ESTADÍSTICA,2026-03-18 21:47:00,2026-08-03 22:03:00,13,92.31,2,4,75.0,64.82,76.55,3,3,21,Aprobado,0
561a24ef0a15,3278,01/2026C1/P/05/167-02/1/000187-1B,2026C1,05/167-02,PSICOLOGÍA,1,B,NEUROCIENCIAS,2026-03-16 21:55:00,2026-08-02 20:28:00,13,92.31,1,4,100.0,92.04,80.47,1,4,21,Aprobado,0
561a24ef0a15,3279,01/2026C1/P/05/167-02/1/000165-1B,2026C1,05/167-02,PSICOLOGÍA,1,B,METODOLOGÍA DE LA INVESTIGACIÓN,2026-03-15 21:33:00,2026-08-02 22:18:00,13,100.0,1,4,100.0,90.7,92.32,0,4,21,Aprobado,0
cb5d478aac2d,3116,01/2026C1/P/04/120-03/2/000143-2B,2026C1,04/120-03,ECONOMÍA,2,B,MACROECONOMÍA,2026-03-17 18:59:00,2026-08-06 18:55:00,13,100.0,4,4,100.0,74.92,87.64,2,0,18,Aprobado,0
cb5d478aac2d,3117,01/2026C1/P/04/120-03/2/000176-2B,2026C1,04/120-03,ECONOMÍA,2,B,MICROECONOMÍA,2026-03-15 20:45:00,2026-08-02 18:06:00,13,100.0,1,4,100.0,96.76,96.73,0,4,20,Aprobado,0
cb5d478aac2d,3118,01/2026C1/P/04/120-03/2/000110-2B,2026C1,04/120-03,ECONOMÍA,2,B,ESTADÍSTICA,2026-03-15 18:58:00,2026-08-02 18:58:00,13,100.0,4,4,100.0,85.57,90.87,0,4,18,Aprobado,0
cb5d478aac2d,3119,01/2026C1/P/04/120-03/2/000165-2B,2026C1,04/120-03,ECONOMÍA,2,B,METODOLOGÍA DE LA INVESTIGACIÓN,2026-03-16 21:44:00,2026-08-03 21:29:00,13,100.0,1,4,100.0,97.32,97.31,1,3,21,Aprobado,0
4c3d5804ccd4,3220,01/2026C1/P/04/120-03/5/000143-5B,2026C1,04/120-03,ECONOMÍA,5,B,MACROECONOMÍA,2026-03-15 16:54:00,2026-08-01 18:13:00,13,100.0,4,4,100.0,70.54,82.22,0,5,16,Aprobado,0
4c3d5804ccd4,3221,01/2026C1/P/04/120-03/5/000176-5B,2026C1,04/120-03,ECONOMÍA,5,B,MICROECONOMÍA,2026-03-18 16:42:00,2026-08-06 16:44:00,13,100.0,2,4,100.0,67.04,77.02,3,0,16,Aprobado,0
4c3d5804ccd4,3222,01/2026C1/P/04/120-03/5/000110-5B,2026C1,04/120-03,ECONOMÍA,5,B,ESTADÍSTICA,2026-03-16 17:44:00,2026-08-07 17:31:00,13,100.0,3,4,100.0,88.52,82.01,1,0,17,Aprobado,0
4c3d5804ccd4,3223,01/2026C1/P/04/120-03/5/000165-5B,2026C1,04/120-03,ECONOMÍA,5,B,METODOLOGÍA DE LA INVESTIGACIÓN,2026-03-15 17:15:00,2026-08-05 17:38:00,13,100.0,2,4,100.0,80.85,76.75,0,1,17,Aprobado,0
9306f40dc7d9,3100,01/2026C1/P/01/101-01/5/000011-5B,2026C1,01/101-01,MEDICINA,5,B,ANATOMÍA HUMANA,2026-03-26 14:11:00,2026-08-04 16:06:00,13,100.0,0,4,100.0,88.62,86.92,11,2,14,Aprobado,0
9306f40dc7d9,3101,01/2026C1/P/01/101-01/5/000033-5B,2026C1,01/101-01,MEDICINA,5,B,BIOQUÍMICA,2026-03-22 15:20:00,2026-08-02 14:49:00,13,100.0,2,4,100.0,80.2,89.88,7,4,15,Aprobado,0
9306f40dc7d9,3102,01/2026C1/P/01/101-01/5/000132-5B,2026C1,01/101-01,MEDICINA,5,B,FISIOLOGÍA,2026-03-18 15:31:00,2026-07-31 16:08:00,13,100.0,3,4,100.0,96.02,96.13,3,6,15,Aprobado,0
9306f40dc7d9,3103,01/2026C1/P/01/101-01/5/000165-5B,2026C1,01/101-01,MEDICINA,5,B,METODOLOGÍA DE LA INVESTIGACIÓN,2026-03-18 15:52:00,2026-08-07 14:02:00,13,100.0,0,4,100.0,88.26,92.26,3,0,15,Aprobado,0
13d4801a3090,3168,01/2026C1/P/04/120-03/3/000143-3A,2026C1,04/120-03,ECONOMÍA,3,A,MACROECONOMÍA,2026-03-16 00:44:00,2026-08-05 21:55:00,13,100.0,3,4,100.0,88.6,82.94,1,1,0,Aprobado,0
13d4801a3090,3169,01/2026C1/P/04/120-03/3/000176-3A,2026C1,04/120-03,ECONOMÍA,3,A,MICROECONOMÍA,2026-03-15 22:08:00,2026-08-07 21:39:00,13,100.0,2,4,100.0,86.52,81.68,0,0,22,Aprobado,0
13d4801a3090,3170,01/2026C1/P/04/120-03/3/000110-3A,2026C1,04/120-03,ECONOMÍA,3,A,ESTADÍSTICA,2026-03-15 22:10:00,2026-08-05 23:14:00,13,100.0,1,4,100.0,86.88,86.42,0,1,22,Aprobado,0
13d4801a3090,3171,01/2026C1/P/04/120-03/3/000165-3A,2026C1,04/120-03,ECONOMÍA,3,A,METODOLOGÍA DE LA INVESTIGACIÓN,2026-03-20 21:51:00,2026-07-29 22:45:00,13,100.0,4,4,100.0,88.38,88.41,5,8,21,Aprobado,0
1d6ab7b9759f,3260,01/2026C1/P/05/167-02/3/000209-3A,2026C1,05/167-02,PSICOLOGÍA,3,A,PSICOLOGÍA GENERAL,2026-03-17 13:44:00,2026-07-30 14:39:00,13,92.31,2,4,100.0,95.53,83.34,2,7,13,Aprobado,0
1d6ab7b9759f,3261,01/2026C1/P/05/167-02/3/000110-3A,2026C1,05/167-02,PSICOLOGÍA,3,A,ESTADÍSTICA,2026-03-21 13:20:00,2026-08-01 13:00:00,13,92.31,3,4,75.0,75.0,80.76,6,5,13,Aprobado,0
1d6ab7b9759f,3262,01/2026C1/P/05/167-02/3/000187-3A,2026C1,05/167-02,PSICOLOGÍA,3,A,NEUROCIENCIAS,2026-03-17 13:13:00,2026-08-07 15:47:00,13,100.0,4,4,100.0,84.64,81.1,2,0,13,Aprobado,0
1d6ab7b9759f,3263,01/2026C1/P/05/167-02/3/000165-3A,2026C1,05/167-02,PSICOLOGÍA,3,A,METODOLOGÍA DE LA INVESTIGACIÓN,2026-03-19 13:26:00,2026-08-06 15:10:00,13,92.31,3,4,100.0,86.08,80.38,4,0,13,Aprobado,0
a07dce3de5ad,3248,01/2026C1/P/01/188-01/1/000011-1B,2026C1,01/188-01,ENFERMERÍA,1,B,ANATOMÍA HUMANA,2026-03-16 22:43:00,2026-07-31 21:34:00,13,92.31,6,4,100.0,81.85,70.65,1,6,22,Aprobado,0
a07dce3de5ad,3249,01/2026C1/P/01/188-01/1/000055-1B,2026C1,01/188-01,ENFERMERÍA,1,B,CUIDADO BÁSICO,2026-03-23 21:46:00,2026-07-29 22:21:00,13,84.62,5,4,75.0,54.96,60.26,8,8,21,Reprobado,1
a07dce3de5ad,3250,01/2026C1/P/01/188-01/1/000121-1B,2026C1,01/188-01,ENFERMERÍA,1,B,FARMACOLOGÍA,2026-03-17 00:18:00,2026-07-31 21:46:00,13,100.0,1,4,100.0,83.52,82.78,2,6,0,Aprobado,0
a07dce3de5ad,3251,01/2026C1/P/01/188-01/1/000165-1B,2026C1,01/188-01,ENFERMERÍA,1,B,METODOLOGÍA DE LA INVESTIGACIÓN,2026-03-20 23:58:00,2026-08-07 22:15:00,13,100.0,3,4,100.0,80.23,80.02,5,0,23,Aprobado,0
3ec83652e22a,3032,01/2026C1/P/01/101-01/3/000011-3A,2026C1,01/101-01,MEDICINA,3,A,ANATOMÍA HUMANA,2026-03-15 16:32:00,2026-07-30 17:29:00,13,100.0,1,4,100.0,78.8,83.99,0,7,16,Aprobado,0
3ec83652e22a,3033,01/2026C1/P/01/101-01/3/000033-3A,2026C1,01/101-01,MEDICINA,3,A,BIOQUÍMICA,2026-03-20 17:01:00,2026-08-06 16:43:00,13,100.0,2,4,100.0,67.94,73.3,5,0,17,Aprobado,0
3ec83652e22a,3034,01/2026C1/P/01/101-01/3/000132-3A,2026C1,01/101-01,MEDICINA,3,A,FISIOLOGÍA,2026-03-16 19:33:00,2026-08-02 17:08:00,13,92.31,7,4,100.0,70.28,68.4,1,4,19,Reprobado,1
3ec83652e22a,3035,01/2026C1/P/01/101-01/3/000165-3A,2026C1,01/101-01,MEDICINA,3,A,METODOLOGÍA DE LA INVESTIGACIÓN,2026-03-17 18:40:00,2026-08-04 16:20:00,13,100.0,2,4,100.0,62.92,74.93,2,2,18,Aprobado,0
44b3c388b6d1,3112,01/2026C1/P/02/145-01/4/000077-4B,2026C1,02/145-01,DERECHO,4,B,DERECHO CIVIL,2026-03-21 23:09:00,2026-08-04 22:47:00,13,100.0,4,4,100.0,86.06,82.96,6,2,23,Aprobado,0
44b3c388b6d1,3113,01/2026C1/P/02/145-01/4/000099-4B,2026C1,02/145-01,DERECHO,4,B,DERECHO PENAL,2026-03-15 22:52:00,2026-07-30 21:53:00,13,100.0,3,4,100.0,83.99,85.95,0,7,22,Aprobado,0
44b3c388b6d1,3114,01/2026C1/P/02/145-01/4/000088-4B,2026C1,02/145-01,DERECHO,4,B,DERECHO CONSTITUCIONAL,2026-03-16 21:29:00,2026-07-29 23:00:00,13,100.0,1,4,100.0,96.24,94.65,1,8,21,Aprobado,0
44b3c388b6d1,3115,01/2026C1/P/02/145-01/4/000165-4B,2026C1,02/145-01,DERECHO,4,B,METODOLOGÍA DE LA INVESTIGACIÓN,2026-03-16 21:30:00,2026-07-29 21:35:00,13,100.0,3,4,100.0,83.68,78.01,1,8,21,Aprobado,0
d7609480aedf,3156,01/2026C1/P/04/120-03/4/000143-4B,2026C1,04/120-03,ECONOMÍA,4,B,MACROECONOMÍA,2026-03-19 18:40:00,2026-07-31 21:34:00,13,100.0,4,4,100.0,86.68,84.29,4,6,18,Aprobado,0
d7609480aedf,3157,01/2026C1/P/04/120-03/4/000176-4B,2026C1,04/120-03,ECONOMÍA,4,B,MICROECONOMÍA,2026-03-16 18:32:00,2026-08-07 18:34:00,13,92.31,3,4,100.0,85.24,76.97,1,0,18,Aprobado,0
d7609480aedf,3158,01/2026C1/P/04/120-03/4/000110-4B,2026C1,04/120-03,ECONOMÍA,4,B,ESTADÍSTICA,2026-03-23 20:59:00,2026-08-06 21:16:00,13,100.0,4,4,100.0,76.35,80.06,8,0,20,Aprobado,0
d7609480aedf,3159,01/2026C1/P/04/120-03/4/000165-4B,2026C1,04/120-03,ECONOMÍA,4,B,METODOLOGÍA DE LA INVESTIGACIÓN,2026-03-17 20:01:00,2026-08-01 19:58:00,13,92.31,2,4,75.0,62.47,81.34,2,5,20,Aprobado,0
ca4323553bf6,3040,01/2026C1/P/04/132-02/1/000044-1A,2026C1,04/132-02,CONTABILIDAD Y AUDITORÍA,1,A,CONTABILIDAD GENERAL,2026-03-15 23:50:00,2026-08-03 20:23:00,13,100.0,1,4,100.0,95.79,96.62,0,3,23,Aprobado,0
ca4323553bf6,3041,01/2026C1/P/04/132-02/1/000154-1A,2026C1,04/132-02,CONTABILIDAD Y AUDITORÍA,1,A,MATEMÁTICA FINANCIERA,2026-03-21 23:23:00,2026-08-03 00:03:00,13,100.0,1,4,100.0,89.36,87.3,6,3,23,Aprobado,0
ca4323553bf6,3042,01/2026C1/P/04/132-02/1/000220-1A,2026C1,04/132-02,CONTABILIDAD Y AUDITORÍA,1,A,TRIBUTACIÓN,2026-03-20 23:23:00,2026-08-06 21:39:00,13,100.0,2,4,100.0,95.24,89.03,5,0,23,Aprobado,0
ca4323553bf6,3043,01/2026C1/P/04/132-02/1/000165-1A,2026C1,04/132-02,CONTABILIDAD Y AUDITORÍA,1,A,METODOLOGÍA DE LA INVESTIGACIÓN,2026-03-18 20:54:00,2026-08-06 21:10:00,13,100.0,1,4,100.0,93.26,90.72,3,0,20,Aprobado,0
89ff9dd60700,3004,01/2026C1/P/04/132-02/3/000044-3A,2026C1,04/132-02,CONTABILIDAD Y AUDITORÍA,3,A,CONTABILIDAD GENERAL,2026-03-18 17:45:00,2026-05-15 18:38:00,13,30.77,1,4,100.0,96.88,30.88,3,83,17,Reprobado,1
89ff9dd60700,3005,01/2026C1/P/04/132-02/3/000154-3A,2026C1,04/132-02,CONTABILIDAD Y AUDITORÍA,3,A,MATEMÁTICA FINANCIERA,2026-03-22 17:47:00,2026-05-06 18:11:00,13,38.46,0,4,100.0,87.96,34.34,7,92,17,Reprobado,1
89ff9dd60700,3006,01/2026C1/P/04/132-02/3/000220-3A,2026C1,04/132-02,CONTABILIDAD Y AUDITORÍA,3,A,TRIBUTACIÓN,2026-03-17 19:12:00,2026-04-25 18:22:00,13,23.08,0,4,75.0,71.63,22.22,2,103,19,Reprobado,1
89ff9dd60700,3007,01/2026C1/P/04/132-02/3/000165-3A,2026C1,04/132-02,CONTABILIDAD Y AUDITORÍA,3,A,METODOLOGÍA DE LA INVESTIGACIÓN,2026-03-15 20:22:00,2026-05-13 17:29:00,13,30.77,1,4,100.0,89.37,28.57,0,85,20,Reprobado,1
2dbb08f6b7a5,3000,01/2026C1/P/03/210-01/1/000066-1A,2026C1,03/210-01,INGENIERÍA DE SOFTWARE,1,A,CÁLCULO DIFERENCIAL,2026-04-03 20:16:00,2026-08-06 19:49:00,13,61.54,0,4,75.0,44.43,37.76,19,0,20,Reprobado,1
2dbb08f6b7a5,3001,01/2026C1/P/03/210-01/1/000198-1A,2026C1,03/210-01,INGENIERÍA DE SOFTWARE,1,A,PROGRAMACIÓN I,2026-03-16 20:19:00,2026-08-02 19:45:00,13,76.92,1,4,100.0,70.1,53.18,1,4,20,Reprobado,1
2dbb08f6b7a5,3002,01/2026C1/P/03/210-01/1/000022-1A,2026C1,03/210-01,INGENIERÍA DE SOFTWARE,1,A,BASE DE DATOS,2026-04-24 20:25:00,2026-08-01 20:05:00,13,69.23,4,4,50.0,41.91,49.4,40,5,20,Reprobado,1
2dbb08f6b7a5,3003,01/2026C1/P/03/210-01/1/000165-1A,2026C1,03/210-01,INGENIERÍA DE SOFTWARE,1,A,METODOLOGÍA DE LA INVESTIGACIÓN,2026-03-27 20:35:00,2026-08-02 20:01:00,13,53.85,1,4,50.0,27.44,31.5,12,4,20,Reprobado,1
05c4a74f0f93,3120,01/2026C1/P/04/132-02/3/000044-3B,2026C1,04/132-02,CONTABILIDAD Y AUDITORÍA,3,B,CONTABILIDAD GENERAL,2026-03-17 20:51:00,2026-08-02 20:32:00,13,100.0,1,4,100.0,89.57,87.82,2,4,20,Aprobado,0
05c4a74f0f93,3121,01/2026C1/P/04/132-02/3/000154-3B,2026C1,04/132-02,CONTABILIDAD Y AUDITORÍA,3,B,MATEMÁTICA FINANCIERA,2026-03-15 18:32:00,2026-08-05 18:14:00,13,100.0,2,4,100.0,92.88,88.66,0,1,18,Aprobado,0
05c4a74f0f93,3122,01/2026C1/P/04/132-02/3/000220-3B,2026C1,04/132-02,CONTABILIDAD Y AUDITORÍA,3,B,TRIBUTACIÓN,2026-03-15 17:49:00,2026-08-04 20:03:00,13,100.0,1,4,100.0,77.83,84.01,0,2,17,Aprobado,0
05c4a74f0f93,3123,01/2026C1/P/04/132-02/3/000165-3B,2026C1,04/132-02,CONTABILIDAD Y AUDITORÍA,3,B,METODOLOGÍA DE LA INVESTIGACIÓN,2026-03-18 19:04:00,2026-07-29 19:20:00,13,100.0,0,4,100.0,90.77,93.43,3,8,19,Aprobado,0
8bf2ec5448eb,3080,01/2026C1/P/04/132-02/4/000044-4A,2026C1,04/132-02,CONTABILIDAD Y AUDITORÍA,4,A,CONTABILIDAD GENERAL,2026-03-25 22:22:00,2026-05-20 00:00:00,13,53.85,2,4,100.0,87.06,46.29,10,79,22,Reprobado,1
8bf2ec5448eb,3081,01/2026C1/P/04/132-02/4/000154-4A,2026C1,04/132-02,CONTABILIDAD Y AUDITORÍA,4,A,MATEMÁTICA FINANCIERA,2026-03-30 00:05:00,2026-05-14 23:28:00,13,7.69,0,4,25.0,11.52,4.13,15,84,0,Reprobado,1
8bf2ec5448eb,3082,01/2026C1/P/04/132-02/4/000220-4A,2026C1,04/132-02,CONTABILIDAD Y AUDITORÍA,4,A,TRIBUTACIÓN,2026-03-25 22:11:00,2026-05-28 01:25:00,13,30.77,1,4,75.0,62.39,24.95,10,70,22,Reprobado,1
8bf2ec5448eb,3083,01/2026C1/P/04/132-02/4/000165-4A,2026C1,04/132-02,CONTABILIDAD Y AUDITORÍA,4,A,METODOLOGÍA DE LA INVESTIGACIÓN,2026-04-18 21:40:00,2026-06-14 22:56:00,13,23.08,0,4,50.0,39.08,16.96,34,53,21,Reprobado,1
5c503197d09e,3260,01/2026C1/P/05/167-02/3/000209-3A,2026C1,05/167-02,PSICOLOGÍA,3,A,PSICOLOGÍA GENERAL,2026-03-16 19:05:00,2026-08-02 18:36:00,13,100.0,5,4,100.0,79.41,78.74,1,4,19,Aprobado,0
5c503197d09e,3261,01/2026C1/P/05/167-02/3/000110-3A,2026C1,05/167-02,PSICOLOGÍA,3,A,ESTADÍSTICA,2026-03-18 19:22:00,2026-08-06 17:37:00,13,100.0,1,4,100.0,75.93,75.42,3,0,19,Aprobado,0
5c503197d09e,3262,01/2026C1/P/05/167-02/3/000187-3A,2026C1,05/167-02,PSICOLOGÍA,3,A,NEUROCIENCIAS,2026-03-18 19:09:00,2026-07-30 18:09:00,13,100.0,2,4,100.0,91.76,89.95,3,7,19,Aprobado,0
5c503197d09e,3263,01/2026C1/P/05/167-02/3/000165-3A,2026C1,05/167-02,PSICOLOGÍA,3,A,METODOLOGÍA DE LA INVESTIGACIÓN,2026-03-26 18:20:00,2026-08-03 17:56:00,13,92.31,2,4,100.0,77.39,71.58,11,3,18,Aprobado,0
9f41e01573ed,3040,01/2026C1/P/04/132-02/1/000044-1A,2026C1,04/132-02,CONTABILIDAD Y AUDITORÍA,1,A,CONTABILIDAD GENERAL,2026-03-20 15:45:00,2026-07-30 15:42:00,13,92.31,2,4,100.0,77.29,72.5,5,7,15,Aprobado,0
9f41e01573ed,3041,01/2026C1/P/04/132-02/1/000154-1A,2026C1,04/132-02,CONTABILIDAD Y AUDITORÍA,1,A,MATEMÁTICA FINANCIERA,2026-03-24 15:13:00,2026-08-01 16:40:00,13,92.31,1,4,100.0,77.16,67.46,9,5,15,Reprobado,1
9f41e01573ed,3042,01/2026C1/P/04/132-02/1/000220-1A,2026C1,04/132-02,CONTABILIDAD Y AUDITORÍA,1,A,TRIBUTACIÓN,2026-03-16 16:21:00,2026-08-01 15:00:00,13,100.0,3,4,100.0,66.56,75.96,1,5,16,Aprobado,0
9f41e01573ed,3043,01/2026C1/P/04/132-02/1/000165-1A,2026C1,04/132-02,CONTABILIDAD Y AUDITORÍA,1,A,METODOLOGÍA DE LA INVESTIGACIÓN,2026-03-21 15:27:00,2026-07-31 15:50:00,13,100.0,5,4,100.0,94.81,90.86,6,6,15,Aprobado,0
c94ff0264f1e,3164,01/2026C1/P/01/101-01/3/000011-3B,2026C1,01/101-01,MEDICINA,3,B,ANATOMÍA HUMANA,2026-05-14 22:30:00,2026-08-06 00:34:00,13,15.38,0,4,0.0,0.0,8.49,60,0,22,Reprobado,1
c94ff0264f1e,3165,01/2026C1/P/01/101-01/3/000033-3B,2026C1,01/101-01,MEDICINA,3,B,BIOQUÍMICA,2026-03-18 22:34:00,2026-08-05 23:19:00,13,100.0,2,4,100.0,66.03,68.14,3,1,22,Reprobado,1
c94ff0264f1e,3166,01/2026C1/P/01/101-01/3/000132-3B,2026C1,01/101-01,MEDICINA,3,B,FISIOLOGÍA,2026-03-16 00:28:00,2026-07-29 22:44:00,13,92.31,4,4,100.0,81.04,72.11,1,8,0,Aprobado,0
c94ff0264f1e,3167,01/2026C1/P/01/101-01/3/000165-3B,2026C1,01/101-01,MEDICINA,3,B,METODOLOGÍA DE LA INVESTIGACIÓN,2026-03-23 23:56:00,2026-07-31 00:01:00,13,100.0,2,4,100.0,84.38,79.93,8,6,23,Aprobado,0
d9e73678bdfc,3204,01/2026C1/P/02/145-01/1/000077-1B,2026C1,02/145-01,DERECHO,1,B,DERECHO CIVIL,2026-03-20 22:37:00,2026-07-31 22:46:00,13,92.31,4,4,100.0,69.21,66.69,5,6,22,Reprobado,1
d9e73678bdfc,3205,01/2026C1/P/02/145-01/1/000099-1B,2026C1,02/145-01,DERECHO,1,B,DERECHO PENAL,2026-03-20 23:59:00,2026-08-01 23:27:00,13,61.54,0,4,50.0,32.01,44.58,5,5,23,Reprobado,1
d9e73678bdfc,3206,01/2026C1/P/02/145-01/1/000088-1B,2026C1,02/145-01,DERECHO,1,B,DERECHO CONSTITUCIONAL,2026-03-19 23:17:00,2026-08-07 00:33:00,13,84.62,3,4,75.0,47.44,62.48,4,0,23,Reprobado,1
d9e73678bdfc,3207,01/2026C1/P/02/145-01/1/000165-1B,2026C1,02/145-01,DERECHO,1,B,METODOLOGÍA DE LA INVESTIGACIÓN,2026-04-08 01:08:00,2026-08-06 00:32:00,13,53.85,1,4,50.0,31.44,41.57,24,0,1,Reprobado,1
92676660db7f,3072,01/2026C1/P/01/188-01/4/000011-4A,2026C1,01/188-01,ENFERMERÍA,4,A,ANATOMÍA HUMANA,2026-03-15 18:47:00,2026-08-01 18:19:00,13,100.0,1,4,100.0,97.5,91.84,0,5,18,Aprobado,0
92676660db7f,3073,01/2026C1/P/01/188-01/4/000055-4A,2026C1,01/188-01,ENFERMERÍA,4,A,CUIDADO BÁSICO,2026-03-17 19:00:00,2026-07-30 19:43:00,13,100.0,1,4,100.0,87.98,83.02,2,7,19,Aprobado,0
92676660db7f,3074,01/2026C1/P/01/188-01/4/000121-4A,2026C1,01/188-01,ENFERMERÍA,4,A,FARMACOLOGÍA,2026-03-16 19:38:00,2026-08-03 18:49:00,13,92.31,3,4,75.0,66.85,70.84,1,3,19,Aprobado,0
92676660db7f,3075,01/2026C1/P/01/188-01/4/000165-4A,2026C1,01/188-01,ENFERMERÍA,4,A,METODOLOGÍA DE LA INVESTIGACIÓN,2026-03-18 19:37:00,2026-07-30 19:54:00,13,100.0,2,4,100.0,88.18,88.7,3,7,19,Aprobado,0
fa7104fba6e9,3056,01/2026C1/P/04/132-02/5/000044-5B,2026C1,04/132-02,CONTABILIDAD Y AUDITORÍA,5,B,CONTABILIDAD GENERAL,2026-03-15 21:44:00,2026-08-02 20:16:00,13,100.0,2,4,100.0,84.64,90.11,0,4,21,Aprobado,0
fa7104fba6e9,3057,01/2026C1/P/04/132-02/5/000154-5B,2026C1,04/132-02,CONTABILIDAD Y AUDITORÍA,5,B,MATEMÁTICA FINANCIERA,2026-03-19 20:53:00,2026-08-05 20:35:00,13,100.0,1,4,100.0,83.32,82.33,4,1,20,Aprobado,0
fa7104fba6e9,3058,01/2026C1/P/04/132-02/5/000220-5B,2026C1,04/132-02,CONTABILIDAD Y AUDITORÍA,5,B,TRIBUTACIÓN,2026-03-17 21:22:00,2026-08-06 21:04:00,13,92.31,0,4,100.0,97.14,88.24,2,0,21,Aprobado,0
fa7104fba6e9,3059,01/2026C1/P/04/132-02/5/000165-5B,2026C1,04/132-02,CONTABILIDAD Y AUDITORÍA,5,B,METODOLOGÍA DE LA INVESTIGACIÓN,2026-03-19 20:28:00,2026-08-05 20:22:00,13,100.0,2,4,100.0,83.52,81.26,4,1,20,Aprobado,0
c1d4f7db53e1,3164,01/2026C1/P/01/101-01/3/000011-3B,2026C1,01/101-01,MEDICINA,3,B,ANATOMÍA HUMANA,2026-03-31 16:27:00,2026-08-02 14:24:00,13,100.0,2,4,100.0,85.89,80.08,16,4,16,Aprobado,0
c1d4f7db53e1,3165,01/2026C1/P/01/101-01/3/000033-3B,2026C1,01/101-01,MEDICINA,3,B,BIOQUÍMICA,2026-03-21 15:54:00,2026-07-31 13:40:00,13,100.0,5,4,100.0,79.4,74.73,6,6,15,Aprobado,0
c1d4f7db53e1,3166,01/2026C1/P/01/101-01/3/000132-3B,2026C1,01/101-01,MEDICINA,3,B,FISIOLOGÍA,2026-03-17 15:39:00,2026-08-07 15:33:00,13,84.62,2,4,75.0,59.82,64.54,2,0,15,Reprobado,1
c1d4f7db53e1,3167,01/2026C1/P/01/101-01/3/000165-3B,2026C1,01/101-01,MEDICINA,3,B,METODOLOGÍA DE LA INVESTIGACIÓN,2026-03-15 17:38:00,2026-08-05 15:18:00,13,100.0,3,4,100.0,92.32,85.01,0,1,17,Aprobado,0
12c3063491da,3108,01/2026C1/P/05/167-02/3/000209-3B,2026C1,05/167-02,PSICOLOGÍA,3,B,PSICOLOGÍA GENERAL,2026-03-18 20:56:00,2026-08-07 20:14:00,13,100.0,2,4,100.0,99.3,98.43,3,0,20,Aprobado,0
12c3063491da,3109,01/2026C1/P/05/167-02/3/000110-3B,2026C1,05/167-02,PSICOLOGÍA,3,B,ESTADÍSTICA,2026-03-17 20:25:00,2026-08-07 20:21:00,13,100.0,2,4,100.0,100.0,97.63,2,0,20,Aprobado,0
12c3063491da,3110,01/2026C1/P/05/167-02/3/000187-3B,2026C1,05/167-02,PSICOLOGÍA,3,B,NEUROCIENCIAS,2026-03-20 20:46:00,2026-08-07 19:02:00,13,100.0,2,4,100.0,96.95,95.34,5,0,20,Aprobado,0
12c3063491da,3111,01/2026C1/P/05/167-02/3/000165-3B,2026C1,05/167-02,PSICOLOGÍA,3,B,METODOLOGÍA DE LA INVESTIGACIÓN,2026-03-22 21:24:00,2026-08-06 19:37:00,13,100.0,0,4,100.0,99.71,96.35,7,0,21,Aprobado,0
b389e5ebbd7c,3032,01/2026C1/P/01/101-01/3/000011-3A,2026C1,01/101-01,MEDICINA,3,A,ANATOMÍA HUMANA,2026-03-22 22:16:00,2026-08-06 23:03:00,13,100.0,1,4,100.0,63.39,62.73,7,0,22,Reprobado,1
b389e5ebbd7c,3033,01/2026C1/P/01/101-01/3/000033-3A,2026C1,01/101-01,MEDICINA,3,A,BIOQUÍMICA,2026-04-07 23:48:00,2026-08-01 22:33:00,13,69.23,1,4,50.0,33.09,56.48,23,5,23,Reprobado,1
b389e5ebbd7c,3034,01/2026C1/P/01/101-01/3/000132-3A,2026C1,01/101-01,MEDICINA,3,A,FISIOLOGÍA,2026-03-15 22:16:00,2026-07-30 23:37:00,13,100.0,2,4,100.0,76.54,83.01,0,7,22,Aprobado,0
b389e5ebbd7c,3035,01/2026C1/P/01/101-01/3/000165-3A,2026C1,01/101-01,MEDICINA,3,A,METODOLOGÍA DE LA INVESTIGACIÓN,2026-03-30 22:44:00,2026-08-05 23:04:00,13,84.62,2,4,75.0,47.27,59.71,15,1,22,Reprobado,1
1486dc3c70cf,3216,01/2026C1/P/03/210-01/4/000066-4A,2026C1,03/210-01,INGENIERÍA DE SOFTWARE,4,A,CÁLCULO DIFERENCIAL,2026-03-15 15:36:00,2026-07-30 14:46:00,13,100.0,3,4,100.0,89.58,93.16,0,7,15,Aprobado,0
1486dc3c70cf,3217,01/2026C1/P/03/210-01/4/000198-4A,2026C1,03/210-01,INGENIERÍA DE SOFTWARE,4,A,PROGRAMACIÓN I,2026-03-20 14:44:00,2026-07-29 15:21:00,13,100.0,1,4,100.0,96.99,89.69,5,8,14,Aprobado,0
1486dc3c70cf,3218,01/2026C1/P/03/210-01/4/000022-4A,2026C1,03/210-01,INGENIERÍA DE SOFTWARE,4,A,BASE DE DATOS,2026-03-15 17:42:00,2026-08-04 15:52:00,13,100.0,1,4,100.0,91.17,96.28,0,2,17,Aprobado,0
1486dc3c70cf,3219,01/2026C1/P/03/210-01/4/000165-4A,2026C1,03/210-01,INGENIERÍA DE SOFTWARE,4,A,METODOLOGÍA DE LA INVESTIGACIÓN,2026-04-06 16:04:00,2026-08-05 15:32:00,13,100.0,0,4,100.0,94.74,96.61,22,1,16,Aprobado,0
fa51458e4c89,3212,01/2026C1/P/03/210-01/1/000066-1B,2026C1,03/210-01,INGENIERÍA DE SOFTWARE,1,B,CÁLCULO DIFERENCIAL,2026-03-25 22:45:00,2026-07-31 22:56:00,13,92.31,1,4,100.0,66.24,67.18,10,6,22,Reprobado,1
fa51458e4c89,3213,01/2026C1/P/03/210-01/1/000198-1B,2026C1,03/210-01,INGENIERÍA DE SOFTWARE,1,B,PROGRAMACIÓN I,2026-03-23 00:13:00,2026-08-04 22:20:00,13,92.31,3,4,100.0,72.26,65.32,8,2,0,Reprobado,1
fa51458e4c89,3214,01/2026C1/P/03/210-01/1/000022-1B,2026C1,03/210-01,INGENIERÍA DE SOFTWARE,1,B,BASE DE DATOS,2026-05-10 23:51:00,2026-08-01 23:10:00,13,38.46,2,4,50.0,35.1,28.35,56,5,23,Reprobado,1
fa51458e4c89,3215,01/2026C1/P/03/210-01/1/000165-1B,2026C1,03/210-01,INGENIERÍA DE SOFTWARE,1,B,METODOLOGÍA DE LA INVESTIGACIÓN,2026-03-18 00:49:00,2026-08-02 00:21:00,13,100.0,0,4,100.0,78.44,78.49,3,4,0,Aprobado,0
3068fa0cdfad,3228,01/2026C1/P/05/167-02/4/000209-4B,2026C1,05/167-02,PSICOLOGÍA,4,B,PSICOLOGÍA GENERAL,2026-03-21 21:49:00,2026-08-05 19:58:00,13,100.0,0,4,100.0,94.78,96.85,6,1,21,Aprobado,0
3068fa0cdfad,3229,01/2026C1/P/05/167-02/4/000110-4B,2026C1,05/167-02,PSICOLOGÍA,4,B,ESTADÍSTICA,2026-03-15 21:45:00,2026-08-07 23:31:00,13,100.0,0,4,100.0,86.52,87.77,0,0,21,Aprobado,0
3068fa0cdfad,3230,01/2026C1/P/05/167-02/4/000187-4B,2026C1,05/167-02,PSICOLOGÍA,4,B,NEUROCIENCIAS,2026-03-19 22:25:00,2026-08-07 22:59:00,13,100.0,3,4,100.0,86.88,89.24,4,0,22,Aprobado,0
3068fa0cdfad,3231,01/2026C1/P/05/167-02/4/000165-4B,2026C1,05/167-02,PSICOLOGÍA,4,B,METODOLOGÍA DE LA INVESTIGACIÓN,2026-03-23 21:35:00,2026-07-29 22:21:00,13,92.31,1,4,100.0,95.99,83.72,8,8,21,Aprobado,0
dd01e7454514,3212,01/2026C1/P/03/210-01/1/000066-1B,2026C1,03/210-01,INGENIERÍA DE SOFTWARE,1,B,CÁLCULO DIFERENCIAL,2026-03-16 22:19:00,2026-07-29 19:57:00,13,100.0,3,4,100.0,84.94,81.06,1,8,22,Aprobado,0
dd01e7454514,3213,01/2026C1/P/03/210-01/1/000198-1B,2026C1,03/210-01,INGENIERÍA DE SOFTWARE,1,B,PROGRAMACIÓN I,2026-03-15 20:15:00,2026-07-30 20:37:00,13,100.0,2,4,100.0,86.87,85.78,0,7,20,Aprobado,0
dd01e7454514,3214,01/2026C1/P/03/210-01/1/000022-1B,2026C1,03/210-01,INGENIERÍA DE SOFTWARE,1,B,BASE DE DATOS,2026-03-18 19:20:00,2026-08-01 18:55:00,13,100.0,6,4,100.0,76.97,76.77,3,5,19,Aprobado,0
dd01e7454514,3215,01/2026C1/P/03/210-01/1/000165-1B,2026C1,03/210-01,INGENIERÍA DE SOFTWARE,1,B,METODOLOGÍA DE LA INVESTIGACIÓN,2026-03-16 22:15:00,2026-08-05 20:25:00,13,100.0,1,4,100.0,79.64,87.07,1,1,22,Aprobado,0
d9e58f1dfc84,3104,01/2026C1/P/04/132-02/4/000044-4B,2026C1,04/132-02,CONTABILIDAD Y AUDITORÍA,4,B,CONTABILIDAD GENERAL,2026-04-20 22:01:00,2026-08-07 21:47:00,13,38.46,0,4,25.0,15.33,28.02,36,0,22,Reprobado,1
d9e58f1dfc84,3105,01/2026C1/P/04/132-02/4/000154-4B,2026C1,04/132-02,CONTABILIDAD Y AUDITORÍA,4,B,MATEMÁTICA FINANCIERA,2026-04-12 21:35:00,2026-08-02 21:30:00,13,46.15,4,4,50.0,33.55,30.03,28,4,21,Reprobado,1
d9e58f1dfc84,3106,01/2026C1/P/04/132-02/4/000220-4B,2026C1,04/132-02,CONTABILIDAD Y AUDITORÍA,4,B,TRIBUTACIÓN,2026-03-19 22:40:00,2026-08-03 22:06:00,13,100.0,6,4,100.0,68.76,70.69,4,3,22,Aprobado,0
d9e58f1dfc84,3107,01/2026C1/P/04/132-02/4/000165-4B,2026C1,04/132-02,CONTABILIDAD Y AUDITORÍA,4,B,METODOLOGÍA DE LA INVESTIGACIÓN,2026-03-19 23:06:00,2026-07-29 21:43:00,13,69.23,3,4,50.0,26.5,54.36,4,8,23,Reprobado,1
d057d532c0fb,3164,01/2026C1/P/01/101-01/3/000011-3B,2026C1,01/101-01,MEDICINA,3,B,ANATOMÍA HUMANA,2026-03-17 19:26:00,2026-08-07 16:48:00,13,100.0,3,4,100.0,90.38,89.28,2,0,19,Aprobado,0
d057d532c0fb,3165,01/2026C1/P/01/101-01/3/000033-3B,2026C1,01/101-01,MEDICINA,3,B,BIOQUÍMICA,2026-03-16 19:19:00,2026-08-06 19:55:00,13,100.0,2,4,100.0,97.04,85.61,1,0,19,Aprobado,0
d057d532c0fb,3166,01/2026C1/P/01/101-01/3/000132-3B,2026C1,01/101-01,MEDICINA,3,B,FISIOLOGÍA,2026-03-15 18:34:00,2026-07-30 20:04:00,13,92.31,1,4,100.0,84.24,78.67,0,7,18,Aprobado,0
d057d532c0fb,3167,01/2026C1/P/01/101-01/3/000165-3B,2026C1,01/101-01,MEDICINA,3,B,METODOLOGÍA DE LA INVESTIGACIÓN,2026-03-28 19:31:00,2026-08-06 19:09:00,13,92.31,3,4,100.0,89.95,80.61,13,0,19,Aprobado,0
30f75382ab11,3092,01/2026C1/P/05/167-02/1/000209-1A,2026C1,05/167-02,PSICOLOGÍA,1,A,PSICOLOGÍA GENERAL,2026-03-18 22:21:00,2026-07-30 22:20:00,13,100.0,1,4,100.0,91.04,90.7,3,7,22,Aprobado,0
30f75382ab11,3093,01/2026C1/P/05/167-02/1/000110-1A,2026C1,05/167-02,PSICOLOGÍA,1,A,ESTADÍSTICA,2026-03-16 22:53:00,2026-08-06 20:57:00,13,92.31,1,4,100.0,88.26,79.69,1,0,22,Aprobado,0
30f75382ab11,3094,01/2026C1/P/05/167-02/1/000187-1A,2026C1,05/167-02,PSICOLOGÍA,1,A,NEUROCIENCIAS,2026-03-16 23:00:00,2026-08-01 21:30:00,13,100.0,1,4,100.0,96.54,93.81,1,5,23,Aprobado,0
30f75382ab11,3095,01/2026C1/P/05/167-02/1/000165-1A,2026C1,05/167-02,PSICOLOGÍA,1,A,METODOLOGÍA DE LA INVESTIGACIÓN,2026-03-17 22:12:00,2026-08-05 22:08:00,13,100.0,1,4,100.0,91.2,90.16,2,1,22,Aprobado,0
385d4dae2abb,3048,01/2026C1/P/03/210-01/5/000066-5B,2026C1,03/210-01,INGENIERÍA DE SOFTWARE,5,B,CÁLCULO DIFERENCIAL,2026-03-15 18:20:00,2026-08-05 18:22:00,13,100.0,0,4,100.0,86.46,79.71,0,1,18,Aprobado,0
385d4dae2abb,3049,01/2026C1/P/03/210-01/5/000198-5B,2026C1,03/210-01,INGENIERÍA DE SOFTWARE,5,B,PROGRAMACIÓN I,2026-03-16 18:55:00,2026-08-03 18:16:00,13,100.0,3,4,100.0,70.49,70.52,1,3,18,Aprobado,0
385d4dae2abb,3050,01/2026C1/P/03/210-01/5/000022-5B,2026C1,03/210-01,INGENIERÍA DE SOFTWARE,5,B,BASE DE DATOS,2026-03-17 17:20:00,2026-07-30 17:53:00,13,100.0,1,4,100.0,83.24,79.4,2,7,17,Aprobado,0
385d4dae2abb,3051,01/2026C1/P/03/210-01/5/000165-5B,2026C1,03/210-01,INGENIERÍA DE SOFTWARE,5,B,METODOLOGÍA DE LA INVESTIGACIÓN,2026-03-30 20:21:00,2026-07-29 19:22:00,13,76.92,0,4,75.0,54.31,54.49,15,8,20,Reprobado,1
a7558724229e,3108,01/2026C1/P/05/167-02/3/000209-3B,2026C1,05/167-02,PSICOLOGÍA,3,B,PSICOLOGÍA GENERAL,2026-03-19 18:56:00,2026-07-31 18:28:00,13,100.0,1,4,100.0,87.08,89.08,4,6,18,Aprobado,0
a7558724229e,3109,01/2026C1/P/05/167-02/3/000110-3B,2026C1,05/167-02,PSICOLOGÍA,3,B,ESTADÍSTICA,2026-03-15 18:56:00,2026-08-07 19:21:00,13,84.62,0,4,50.0,39.93,70.75,0,0,18,Aprobado,0
a7558724229e,3110,01/2026C1/P/05/167-02/3/000187-3B,2026C1,05/167-02,PSICOLOGÍA,3,B,NEUROCIENCIAS,2026-03-17 18:28:00,2026-08-07 18:50:00,13,92.31,2,4,100.0,80.78,82.23,2,0,18,Aprobado,0
a7558724229e,3111,01/2026C1/P/05/167-02/3/000165-3B,2026C1,05/167-02,PSICOLOGÍA,3,B,METODOLOGÍA DE LA INVESTIGACIÓN,2026-03-26 19:00:00,2026-08-01 18:19:00,13,100.0,1,4,100.0,92.86,95.47,11,5,19,Aprobado,0
458eb536a9f2,3200,01/2026C1/P/04/120-03/4/000143-4A,2026C1,04/120-03,ECONOMÍA,4,A,MACROECONOMÍA,2026-03-18 20:10:00,2026-08-06 20:10:00,13,100.0,2,4,100.0,80.24,78.1,3,0,20,Aprobado,0
458eb536a9f2,3201,01/2026C1/P/04/120-03/4/000176-4A,2026C1,04/120-03,ECONOMÍA,4,A,MICROECONOMÍA,2026-03-15 19:37:00,2026-08-04 19:21:00,13,100.0,3,4,100.0,82.96,82.89,0,2,19,Aprobado,0
458eb536a9f2,3202,01/2026C1/P/04/120-03/4/000110-4A,2026C1,04/120-03,ECONOMÍA,4,A,ESTADÍSTICA,2026-03-18 21:34:00,2026-08-03 21:13:00,13,100.0,3,4,100.0,66.62,73.9,3,3,21,Aprobado,0
458eb536a9f2,3203,01/2026C1/P/04/120-03/4/000165-4A,2026C1,04/120-03,ECONOMÍA,4,A,METODOLOGÍA DE LA INVESTIGACIÓN,2026-03-19 19:35:00,2026-08-07 19:04:00,13,92.31,1,4,100.0,90.35,84.9,4,0,19,Aprobado,0
3d63fd4b0bc5,3008,01/2026C1/P/01/101-01/2/000011-2B,2026C1,01/101-01,MEDICINA,2,B,ANATOMÍA HUMANA,2026-03-21 00:14:00,2026-08-07 23:58:00,13,100.0,3,4,100.0,72.24,65.82,6,0,0,Reprobado,1
3d63fd4b0bc5,3009,01/2026C1/P/01/101-01/2/000033-2B,2026C1,01/101-01,MEDICINA,2,B,BIOQUÍMICA,2026-03-17 23:12:00,2026-08-07 00:34:00,13,92.31,5,4,75.0,47.69,60.47,2,0,23,Reprobado,1
3d63fd4b0bc5,3010,01/2026C1/P/01/101-01/2/000132-2B,2026C1,01/101-01,MEDICINA,2,B,FISIOLOGÍA,2026-03-17 01:18:00,2026-07-31 00:39:00,13,92.31,2,4,75.0,53.85,70.25,2,6,1,Aprobado,0
3d63fd4b0bc5,3011,01/2026C1/P/01/101-01/2/000165-2B,2026C1,01/101-01,MEDICINA,2,B,METODOLOGÍA DE LA INVESTIGACIÓN,2026-03-20 22:53:00,2026-08-03 22:48:00,13,92.31,2,4,100.0,70.66,67.58,5,3,22,Reprobado,1
13bd7ae125c5,3172,01/2026C1/P/01/188-01/5/000011-5A,2026C1,01/188-01,ENFERMERÍA,5,A,ANATOMÍA HUMANA,2026-03-16 13:49:00,2026-08-01 13:59:00,13,92.31,2,4,100.0,85.2,73.71,1,5,13,Aprobado,0
13bd7ae125c5,3173,01/2026C1/P/01/188-01/5/000055-5A,2026C1,01/188-01,ENFERMERÍA,5,A,CUIDADO BÁSICO,2026-03-19 15:13:00,2026-07-30 14:09:00,13,100.0,2,4,100.0,96.81,89.22,4,7,15,Aprobado,0
13bd7ae125c5,3174,01/2026C1/P/01/188-01/5/000121-5A,2026C1,01/188-01,ENFERMERÍA,5,A,FARMACOLOGÍA,2026-03-16 13:29:00,2026-08-06 12:44:00,13,76.92,1,4,75.0,58.44,61.24,1,0,13,Reprobado,1
13bd7ae125c5,3175,01/2026C1/P/01/188-01/5/000165-5A,2026C1,01/188-01,ENFERMERÍA,5,A,METODOLOGÍA DE LA INVESTIGACIÓN,2026-03-18 17:09:00,2026-07-31 13:26:00,13,84.62,1,4,100.0,86.9,75.9,3,6,17,Aprobado,0
787f049c0ed3,3040,01/2026C1/P/04/132-02/1/000044-1A,2026C1,04/132-02,CONTABILIDAD Y AUDITORÍA,1,A,CONTABILIDAD GENERAL,2026-03-24 23:08:00,2026-07-30 23:47:00,13,100.0,3,4,100.0,81.43,83.34,9,7,23,Aprobado,0
787f049c0ed3,3041,01/2026C1/P/04/132-02/1/000154-1A,2026C1,04/132-02,CONTABILIDAD Y AUDITORÍA,1,A,MATEMÁTICA FINANCIERA,2026-04-09 00:34:00,2026-08-06 22:40:00,13,46.15,1,4,25.0,13.96,30.11,25,0,0,Reprobado,1
787f049c0ed3,3042,01/2026C1/P/04/132-02/1/000220-1A,2026C1,04/132-02,CONTABILIDAD Y AUDITORÍA,1,A,TRIBUTACIÓN,2026-04-12 00:27:00,2026-08-07 00:52:00,13,76.92,0,4,75.0,59.77,64.01,28,0,0,Reprobado,1
787f049c0ed3,3043,01/2026C1/P/04/132-02/1/000165-1A,2026C1,04/132-02,CONTABILIDAD Y AUDITORÍA,1,A,METODOLOGÍA DE LA INVESTIGACIÓN,2026-04-08 00:52:00,2026-08-07 00:21:00,13,61.54,1,4,75.0,48.73,43.76,24,0,0,Reprobado,1
a81d6b9096c0,3232,01/2026C1/P/01/101-01/2/000011-2A,2026C1,01/101-01,MEDICINA,2,A,ANATOMÍA HUMANA,2026-03-15 18:22:00,2026-07-29 18:59:00,13,100.0,3,4,100.0,64.64,71.41,0,8,18,Aprobado,0
a81d6b9096c0,3233,01/2026C1/P/01/101-01/2/000033-2A,2026C1,01/101-01,MEDICINA,2,A,BIOQUÍMICA,2026-03-22 18:25:00,2026-08-06 19:59:00,13,100.0,3,4,100.0,59.0,64.89,7,0,18,Reprobado,1
a81d6b9096c0,3234,01/2026C1/P/01/101-01/2/000132-2A,2026C1,01/101-01,MEDICINA,2,A,FISIOLOGÍA,2026-03-18 21:23:00,2026-08-01 18:34:00,13,92.31,1,4,100.0,76.09,75.29,3,5,21,Aprobado,0
a81d6b9096c0,3235,01/2026C1/P/01/101-01/2/000165-2A,2026C1,01/101-01,MEDICINA,2,A,METODOLOGÍA DE LA INVESTIGACIÓN,2026-03-20 19:21:00,2026-07-31 18:47:00,13,92.31,2,4,75.0,59.16,69.22,5,6,19,Reprobado,1
d8dfd278f83a,3172,01/2026C1/P/01/188-01/5/000011-5A,2026C1,01/188-01,ENFERMERÍA,5,A,ANATOMÍA HUMANA,2026-03-17 00:36:00,2026-08-05 21:58:00,13,92.31,3,4,100.0,83.84,79.24,2,1,0,Aprobado,0
d8dfd278f83a,3173,01/2026C1/P/01/188-01/5/000055-5A,2026C1,01/188-01,ENFERMERÍA,5,A,CUIDADO BÁSICO,2026-03-15 23:59:00,2026-08-02 00:02:00,13,100.0,1,4,100.0,93.13,93.15,0,4,23,Aprobado,0
d8dfd278f83a,3174,01/2026C1/P/01/188-01/5/000121-5A,2026C1,01/188-01,ENFERMERÍA,5,A,FARMACOLOGÍA,2026-03-18 23:19:00,2026-08-03 22:58:00,13,100.0,2,4,100.0,97.99,95.58,3,3,23,Aprobado,0
d8dfd278f83a,3175,01/2026C1/P/01/188-01/5/000165-5A,2026C1,01/188-01,ENFERMERÍA,5,A,METODOLOGÍA DE LA INVESTIGACIÓN,2026-03-18 00:25:00,2026-08-06 00:37:00,13,100.0,1,4,100.0,92.94,92.95,3,0,0,Aprobado,0
232a7d1f58da,3168,01/2026C1/P/04/120-03/3/000143-3A,2026C1,04/120-03,ECONOMÍA,3,A,MACROECONOMÍA,2026-03-20 13:45:00,2026-08-06 14:48:00,13,100.0,0,4,100.0,94.64,94.38,5,0,13,Aprobado,0
232a7d1f58da,3169,01/2026C1/P/04/120-03/3/000176-3A,2026C1,04/120-03,ECONOMÍA,3,A,MICROECONOMÍA,2026-03-15 15:41:00,2026-08-01 11:25:00,13,100.0,2,4,100.0,100.0,94.01,0,5,15,Aprobado,0
232a7d1f58da,3170,01/2026C1/P/04/120-03/3/000110-3A,2026C1,04/120-03,ECONOMÍA,3,A,ESTADÍSTICA,2026-03-15 14:05:00,2026-08-07 14:57:00,13,100.0,1,4,100.0,91.77,90.89,0,0,14,Aprobado,0
232a7d1f58da,3171,01/2026C1/P/04/120-03/3/000165-3A,2026C1,04/120-03,ECONOMÍA,3,A,METODOLOGÍA DE LA INVESTIGACIÓN,2026-03-24 13:44:00,2026-08-01 14:32:00,13,100.0,1,4,100.0,93.73,90.61,9,5,13,Aprobado,0
277406ac79ee,3264,01/2026C1/P/04/132-02/5/000044-5A,2026C1,04/132-02,CONTABILIDAD Y AUDITORÍA,5,A,CONTABILIDAD GENERAL,2026-03-15 23:49:00,2026-08-04 00:17:00,13,100.0,1,4,100.0,71.38,74.23,0,2,23,Aprobado,0
277406ac79ee,3265,01/2026C1/P/04/132-02/5/000154-5A,2026C1,04/132-02,CONTABILIDAD Y AUDITORÍA,5,A,MATEMÁTICA FINANCIERA,2026-03-18 00:04:00,2026-08-07 01:30:00,13,100.0,2,4,100.0,78.87,80.12,3,0,0,Aprobado,0
277406ac79ee,3266,01/2026C1/P/04/132-02/5/000220-5A,2026C1,04/132-02,CONTABILIDAD Y AUDITORÍA,5,A,TRIBUTACIÓN,2026-03-16 23:48:00,2026-07-31 21:52:00,13,92.31,1,4,100.0,96.93,82.63,1,6,23,Aprobado,0
277406ac79ee,3267,01/2026C1/P/04/132-02/5/000165-5A,2026C1,04/132-02,CONTABILIDAD Y AUDITORÍA,5,A,METODOLOGÍA DE LA INVESTIGACIÓN,2026-03-17 23:38:00,2026-08-07 00:41:00,13,100.0,1,4,100.0,89.72,85.38,2,0,23,Aprobado,0
6dc7d1600864,3256,01/2026C1/P/02/145-01/3/000077-3A,2026C1,02/145-01,DERECHO,3,A,DERECHO CIVIL,2026-04-12 23:47:00,2026-07-31 23:19:00,13,15.38,0,4,50.0,36.83,10.33,28,6,23,Reprobado,1
6dc7d1600864,3257,01/2026C1/P/02/145-01/3/000099-3A,2026C1,02/145-01,DERECHO,3,A,DERECHO PENAL,2026-04-04 21:16:00,2026-08-05 21:52:00,13,15.38,0,4,0.0,0.0,10.08,20,1,21,Reprobado,1
6dc7d1600864,3258,01/2026C1/P/02/145-01/3/000088-3A,2026C1,02/145-01,DERECHO,3,A,DERECHO CONSTITUCIONAL,2026-03-20 22:07:00,2026-07-30 21:36:00,13,30.77,0,4,50.0,30.02,20.22,5,7,22,Reprobado,1
6dc7d1600864,3259,01/2026C1/P/02/145-01/3/000165-3A,2026C1,02/145-01,DERECHO,3,A,METODOLOGÍA DE LA INVESTIGACIÓN,2026-04-07 22:52:00,2026-07-30 23:04:00,13,38.46,0,4,50.0,30.69,26.57,23,7,22,Reprobado,1
aec5ce75f8c8,3088,01/2026C1/P/04/132-02/1/000044-1B,2026C1,04/132-02,CONTABILIDAD Y AUDITORÍA,1,B,CONTABILIDAD GENERAL,2026-03-19 21:01:00,2026-08-02 18:51:00,13,100.0,1,4,100.0,81.17,78.73,4,4,21,Aprobado,0
aec5ce75f8c8,3089,01/2026C1/P/04/132-02/1/000154-1B,2026C1,04/132-02,CONTABILIDAD Y AUDITORÍA,1,B,MATEMÁTICA FINANCIERA,2026-03-15 18:17:00,2026-08-06 21:40:00,13,92.31,2,4,100.0,87.98,78.38,0,0,18,Aprobado,0
aec5ce75f8c8,3090,01/2026C1/P/04/132-02/1/000220-1B,2026C1,04/132-02,CONTABILIDAD Y AUDITORÍA,1,B,TRIBUTACIÓN,2026-03-20 19:41:00,2026-08-05 19:40:00,13,92.31,3,4,100.0,91.46,82.79,5,1,19,Aprobado,0
aec5ce75f8c8,3091,01/2026C1/P/04/132-02/1/000165-1B,2026C1,04/132-02,CONTABILIDAD Y AUDITORÍA,1,B,METODOLOGÍA DE LA INVESTIGACIÓN,2026-03-18 20:01:00,2026-08-03 21:40:00,13,100.0,1,4,100.0,86.2,80.49,3,3,20,Aprobado,0
52a523b0232e,3196,01/2026C1/P/01/101-01/4/000011-4A,2026C1,01/101-01,MEDICINA,4,A,ANATOMÍA HUMANA,2026-03-15 16:36:00,2026-08-02 16:06:00,13,84.62,3,4,100.0,58.96,54.15,0,4,16,Reprobado,1
52a523b0232e,3197,01/2026C1/P/01/101-01/4/000033-4A,2026C1,01/101-01,MEDICINA,4,A,BIOQUÍMICA,2026-04-12 15:15:00,2026-08-04 16:37:00,13,53.85,3,4,50.0,26.68,29.65,28,2,15,Reprobado,1
52a523b0232e,3198,01/2026C1/P/01/101-01/4/000132-4A,2026C1,01/101-01,MEDICINA,4,A,FISIOLOGÍA,2026-04-13 15:37:00,2026-08-05 16:34:00,13,30.77,2,4,0.0,0.0,18.97,29,1,15,Reprobado,1
52a523b0232e,3199,01/2026C1/P/01/101-01/4/000165-4A,2026C1,01/101-01,MEDICINA,4,A,METODOLOGÍA DE LA INVESTIGACIÓN,2026-03-19 15:26:00,2026-08-04 17:15:00,13,92.31,3,4,100.0,62.7,58.39,4,2,15,Reprobado,1
4d44a6e30ea4,3112,01/2026C1/P/02/145-01/4/000077-4B,2026C1,02/145-01,DERECHO,4,B,DERECHO CIVIL,2026-03-16 22:09:00,2026-06-09 20:33:00,13,61.54,4,4,100.0,83.81,52.13,1,58,22,Reprobado,1
4d44a6e30ea4,3113,01/2026C1/P/02/145-01/4/000099-4B,2026C1,02/145-01,DERECHO,4,B,DERECHO PENAL,2026-03-15 21:33:00,2026-05-10 19:39:00,13,38.46,0,4,100.0,96.33,37.34,0,88,21,Reprobado,1
4d44a6e30ea4,3114,01/2026C1/P/02/145-01/4/000088-4B,2026C1,02/145-01,DERECHO,4,B,DERECHO CONSTITUCIONAL,2026-03-15 20:07:00,2026-06-06 19:24:00,13,53.85,2,4,100.0,78.4,45.52,0,61,20,Reprobado,1
4d44a6e30ea4,3115,01/2026C1/P/02/145-01/4/000165-4B,2026C1,02/145-01,DERECHO,4,B,METODOLOGÍA DE LA INVESTIGACIÓN,2026-03-24 19:49:00,2026-05-09 20:12:00,13,30.77,2,4,100.0,81.84,26.94,9,89,19,Reprobado,1
457c15cb967f,3196,01/2026C1/P/01/101-01/4/000011-4A,2026C1,01/101-01,MEDICINA,4,A,ANATOMÍA HUMANA,2026-03-15 23:16:00,2026-08-03 23:12:00,13,100.0,4,4,100.0,69.09,65.45,0,3,23,Reprobado,1
457c15cb967f,3197,01/2026C1/P/01/101-01/4/000033-4A,2026C1,01/101-01,MEDICINA,4,A,BIOQUÍMICA,2026-03-24 00:28:00,2026-08-08 00:22:00,13,100.0,4,4,100.0,69.46,76.61,9,0,0,Aprobado,0
457c15cb967f,3198,01/2026C1/P/01/101-01/4/000132-4A,2026C1,01/101-01,MEDICINA,4,A,FISIOLOGÍA,2026-03-20 01:22:00,2026-08-02 22:50:00,13,84.62,4,4,100.0,72.78,61.6,5,4,1,Reprobado,1
457c15cb967f,3199,01/2026C1/P/01/101-01/4/000165-4A,2026C1,01/101-01,MEDICINA,4,A,METODOLOGÍA DE LA INVESTIGACIÓN,2026-03-17 00:25:00,2026-08-07 22:42:00,13,100.0,4,4,100.0,78.55,78.34,2,0,0,Aprobado,0
f21d5ed93e5a,3096,01/2026C1/P/02/145-01/2/000077-2B,2026C1,02/145-01,DERECHO,2,B,DERECHO CIVIL,2026-03-19 23:39:00,2026-08-04 23:41:00,13,92.31,1,4,75.0,46.54,68.57,4,2,23,Reprobado,1
f21d5ed93e5a,3097,01/2026C1/P/02/145-01/2/000099-2B,2026C1,02/145-01,DERECHO,2,B,DERECHO PENAL,2026-04-12 01:06:00,2026-08-03 00:59:00,13,61.54,0,4,75.0,56.61,44.8,28,3,1,Reprobado,1
f21d5ed93e5a,3098,01/2026C1/P/02/145-01/2/000088-2B,2026C1,02/145-01,DERECHO,2,B,DERECHO CONSTITUCIONAL,2026-03-28 00:26:00,2026-07-30 00:31:00,13,84.62,3,4,50.0,37.64,64.94,13,7,0,Reprobado,1
f21d5ed93e5a,3099,01/2026C1/P/02/145-01/2/000165-2B,2026C1,02/145-01,DERECHO,2,B,METODOLOGÍA DE LA INVESTIGACIÓN,2026-03-19 23:36:00,2026-08-04 00:04:00,13,100.0,1,4,100.0,82.6,79.83,4,2,23,Aprobado,0
2e5636331228,3012,01/2026C1/P/01/188-01/3/000011-3B,2026C1,01/188-01,ENFERMERÍA,3,B,ANATOMÍA HUMANA,2026-05-14 22:41:00,2026-05-20 22:39:00,13,0.0,0,4,0.0,0.0,0.0,60,78,22,Reprobado,1
2e5636331228,3013,01/2026C1/P/01/188-01/3/000055-3B,2026C1,01/188-01,ENFERMERÍA,3,B,CUIDADO BÁSICO,2026-04-21 21:04:00,2026-05-24 21:24:00,13,7.69,1,4,25.0,17.46,5.89,37,74,21,Reprobado,1
2e5636331228,3014,01/2026C1/P/01/188-01/3/000121-3B,2026C1,01/188-01,ENFERMERÍA,3,B,FARMACOLOGÍA,2026-03-18 23:11:00,2026-06-10 21:36:00,13,61.54,1,4,100.0,74.99,44.16,3,57,23,Reprobado,1
2e5636331228,3015,01/2026C1/P/01/188-01/3/000165-3B,2026C1,01/188-01,ENFERMERÍA,3,B,METODOLOGÍA DE LA INVESTIGACIÓN,2026-03-30 23:26:00,2026-04-28 21:40:00,13,23.08,1,4,75.0,56.82,18.28,15,100,23,Reprobado,1
75b9259982c8,3180,01/2026C1/P/02/145-01/3/000077-3B,2026C1,02/145-01,DERECHO,3,B,DERECHO CIVIL,2026-03-19 21:38:00,2026-08-06 22:18:00,13,100.0,1,4,100.0,88.0,89.75,4,0,21,Aprobado,0
75b9259982c8,3181,01/2026C1/P/02/145-01/3/000099-3B,2026C1,02/145-01,DERECHO,3,B,DERECHO PENAL,2026-03-22 22:25:00,2026-07-30 21:04:00,13,100.0,1,4,100.0,81.64,77.14,7,7,22,Aprobado,0
75b9259982c8,3182,01/2026C1/P/02/145-01/3/000088-3B,2026C1,02/145-01,DERECHO,3,B,DERECHO CONSTITUCIONAL,2026-03-15 22:15:00,2026-07-30 21:48:00,13,100.0,4,4,100.0,69.91,80.05,0,7,22,Aprobado,0
75b9259982c8,3183,01/2026C1/P/02/145-01/3/000165-3B,2026C1,02/145-01,DERECHO,3,B,METODOLOGÍA DE LA INVESTIGACIÓN,2026-03-17 21:53:00,2026-07-29 23:19:00,13,100.0,2,4,100.0,77.76,80.2,2,8,21,Aprobado,0
63f761b7a310,3260,01/2026C1/P/05/167-02/3/000209-3A,2026C1,05/167-02,PSICOLOGÍA,3,A,PSICOLOGÍA GENERAL,2026-03-19 16:22:00,2026-08-06 18:56:00,13,100.0,3,4,100.0,88.98,88.02,4,0,16,Aprobado,0
63f761b7a310,3261,01/2026C1/P/05/167-02/3/000110-3A,2026C1,05/167-02,PSICOLOGÍA,3,A,ESTADÍSTICA,2026-03-18 17:24:00,2026-08-05 16:33:00,13,100.0,0,4,100.0,84.75,87.26,3,1,17,Aprobado,0
63f761b7a310,3262,01/2026C1/P/05/167-02/3/000187-3A,2026C1,05/167-02,PSICOLOGÍA,3,A,NEUROCIENCIAS,2026-03-18 18:29:00,2026-07-30 18:07:00,13,100.0,0,4,100.0,87.4,88.12,3,7,18,Aprobado,0
63f761b7a310,3263,01/2026C1/P/05/167-02/3/000165-3A,2026C1,05/167-02,PSICOLOGÍA,3,A,METODOLOGÍA DE LA INVESTIGACIÓN,2026-03-15 17:29:00,2026-07-30 17:40:00,13,100.0,1,4,100.0,83.55,90.45,0,7,17,Aprobado,0
216797859475,3264,01/2026C1/P/04/132-02/5/000044-5A,2026C1,04/132-02,CONTABILIDAD Y AUDITORÍA,5,A,CONTABILIDAD GENERAL,2026-04-10 20:01:00,2026-07-29 19:59:00,13,53.85,0,4,50.0,35.29,32.94,26,8,20,Reprobado,1
216797859475,3265,01/2026C1/P/04/132-02/5/000154-5A,2026C1,04/132-02,CONTABILIDAD Y AUDITORÍA,5,A,MATEMÁTICA FINANCIERA,2026-03-15 21:56:00,2026-08-03 20:27:00,13,92.31,2,4,100.0,60.57,62.21,0,3,21,Reprobado,1
216797859475,3266,01/2026C1/P/04/132-02/5/000220-5A,2026C1,04/132-02,CONTABILIDAD Y AUDITORÍA,5,A,TRIBUTACIÓN,2026-03-22 19:30:00,2026-07-29 21:39:00,13,92.31,2,4,100.0,72.47,71.21,7,8,19,Aprobado,0
216797859475,3267,01/2026C1/P/04/132-02/5/000165-5A,2026C1,04/132-02,CONTABILIDAD Y AUDITORÍA,5,A,METODOLOGÍA DE LA INVESTIGACIÓN,2026-04-29 20:32:00,2026-08-05 19:39:00,13,7.69,0,4,0.0,0.0,4.55,45,1,20,Reprobado,1
63552fd9ddea,3044,01/2026C1/P/01/101-01/1/000011-1B,2026C1,01/101-01,MEDICINA,1,B,ANATOMÍA HUMANA,2026-03-15 16:18:00,2026-08-07 14:34:00,13,100.0,0,4,100.0,89.52,90.13,0,0,16,Aprobado,0
63552fd9ddea,3045,01/2026C1/P/01/101-01/1/000033-1B,2026C1,01/101-01,MEDICINA,1,B,BIOQUÍMICA,2026-03-20 17:01:00,2026-08-04 18:47:00,13,100.0,1,4,100.0,87.3,80.01,5,2,17,Aprobado,0
63552fd9ddea,3046,01/2026C1/P/01/101-01/1/000132-1B,2026C1,01/101-01,MEDICINA,1,B,FISIOLOGÍA,2026-03-15 13:35:00,2026-08-04 16:39:00,13,92.31,1,4,100.0,76.54,74.57,0,2,13,Aprobado,0
63552fd9ddea,3047,01/2026C1/P/01/101-01/1/000165-1B,2026C1,01/101-01,MEDICINA,1,B,METODOLOGÍA DE LA INVESTIGACIÓN,2026-03-21 17:13:00,2026-08-04 16:02:00,13,100.0,3,4,100.0,89.08,85.62,6,2,17,Aprobado,0
c23e22f91902,3224,01/2026C1/P/02/145-01/4/000077-4A,2026C1,02/145-01,DERECHO,4,A,DERECHO CIVIL,2026-03-16 19:51:00,2026-08-01 20:23:00,13,92.31,2,4,100.0,83.51,76.17,1,5,19,Aprobado,0
c23e22f91902,3225,01/2026C1/P/02/145-01/4/000099-4A,2026C1,02/145-01,DERECHO,4,A,DERECHO PENAL,2026-03-17 20:16:00,2026-08-02 19:21:00,13,100.0,1,4,100.0,92.25,88.32,2,4,20,Aprobado,0
c23e22f91902,3226,01/2026C1/P/02/145-01/4/000088-4A,2026C1,02/145-01,DERECHO,4,A,DERECHO CONSTITUCIONAL,2026-03-22 20:37:00,2026-08-07 20:13:00,13,84.62,1,4,75.0,63.05,65.97,7,0,20,Reprobado,1
c23e22f91902,3227,01/2026C1/P/02/145-01/4/000165-4A,2026C1,02/145-01,DERECHO,4,A,METODOLOGÍA DE LA INVESTIGACIÓN,2026-03-18 19:26:00,2026-08-03 19:25:00,13,61.54,3,4,25.0,15.07,42.18,3,3,19,Reprobado,1
8bddd0cb1e52,3040,01/2026C1/P/04/132-02/1/000044-1A,2026C1,04/132-02,CONTABILIDAD Y AUDITORÍA,1,A,CONTABILIDAD GENERAL,2026-03-19 18:42:00,2026-08-06 20:33:00,13,100.0,1,4,100.0,95.95,90.29,4,0,18,Aprobado,0
8bddd0cb1e52,3041,01/2026C1/P/04/132-02/1/000154-1A,2026C1,04/132-02,CONTABILIDAD Y AUDITORÍA,1,A,MATEMÁTICA FINANCIERA,2026-03-22 21:20:00,2026-07-29 20:39:00,13,100.0,2,4,100.0,83.3,77.41,7,8,21,Aprobado,0
8bddd0cb1e52,3042,01/2026C1/P/04/132-02/1/000220-1A,2026C1,04/132-02,CONTABILIDAD Y AUDITORÍA,1,A,TRIBUTACIÓN,2026-03-28 20:47:00,2026-08-04 20:56:00,13,84.62,2,4,100.0,82.25,73.82,13,2,20,Aprobado,0
8bddd0cb1e52,3043,01/2026C1/P/04/132-02/1/000165-1A,2026C1,04/132-02,CONTABILIDAD Y AUDITORÍA,1,A,METODOLOGÍA DE LA INVESTIGACIÓN,2026-03-19 20:41:00,2026-08-04 19:51:00,13,92.31,2,4,100.0,79.74,77.63,4,2,20,Aprobado,0
3f1f1e5ff15a,3048,01/2026C1/P/03/210-01/5/000066-5B,2026C1,03/210-01,INGENIERÍA DE SOFTWARE,5,B,CÁLCULO DIFERENCIAL,2026-03-16 21:23:00,2026-08-04 20:46:00,13,100.0,1,4,100.0,84.28,89.02,1,2,21,Aprobado,0
3f1f1e5ff15a,3049,01/2026C1/P/03/210-01/5/000198-5B,2026C1,03/210-01,INGENIERÍA DE SOFTWARE,5,B,PROGRAMACIÓN I,2026-03-18 20:54:00,2026-08-03 20:20:00,13,92.31,1,4,75.0,60.94,75.34,3,3,20,Aprobado,0
3f1f1e5ff15a,3050,01/2026C1/P/03/210-01/5/000022-5B,2026C1,03/210-01,INGENIERÍA DE SOFTWARE,5,B,BASE DE DATOS,2026-03-19 17:07:00,2026-08-07 19:35:00,13,100.0,3,4,100.0,88.23,92.89,4,0,17,Aprobado,0
3f1f1e5ff15a,3051,01/2026C1/P/03/210-01/5/000165-5B,2026C1,03/210-01,INGENIERÍA DE SOFTWARE,5,B,METODOLOGÍA DE LA INVESTIGACIÓN,2026-03-17 21:07:00,2026-08-07 20:55:00,13,100.0,1,4,100.0,84.16,90.16,2,0,21,Aprobado,0
02c46a18a62d,3252,01/2026C1/P/01/101-01/5/000011-5A,2026C1,01/101-01,MEDICINA,5,A,ANATOMÍA HUMANA,2026-03-23 14:01:00,2026-08-01 14:14:00,13,84.62,2,4,100.0,61.26,58.33,8,5,14,Reprobado,1
02c46a18a62d,3253,01/2026C1/P/01/101-01/5/000033-5A,2026C1,01/101-01,MEDICINA,5,A,BIOQUÍMICA,2026-03-16 16:09:00,2026-08-02 13:22:00,13,100.0,1,4,100.0,77.75,80.86,1,4,16,Aprobado,0
02c46a18a62d,3254,01/2026C1/P/01/101-01/5/000132-5A,2026C1,01/101-01,MEDICINA,5,A,FISIOLOGÍA,2026-03-16 14:58:00,2026-08-06 15:39:00,13,100.0,0,4,100.0,86.35,86.79,1,0,14,Aprobado,0
02c46a18a62d,3255,01/2026C1/P/01/101-01/5/000165-5A,2026C1,01/101-01,MEDICINA,5,A,METODOLOGÍA DE LA INVESTIGACIÓN,2026-03-28 14:00:00,2026-08-04 15:43:00,13,100.0,2,4,100.0,81.65,80.26,13,2,14,Aprobado,0
ebc18e50caf9,3040,01/2026C1/P/04/132-02/1/000044-1A,2026C1,04/132-02,CONTABILIDAD Y AUDITORÍA,1,A,CONTABILIDAD GENERAL,2026-03-15 17:52:00,2026-08-04 16:21:00,13,100.0,3,4,100.0,78.67,80.11,0,2,17,Aprobado,0
ebc18e50caf9,3041,01/2026C1/P/04/132-02/1/000154-1A,2026C1,04/132-02,CONTABILIDAD Y AUDITORÍA,1,A,MATEMÁTICA FINANCIERA,2026-03-15 14:51:00,2026-08-03 17:20:00,13,100.0,2,4,100.0,72.77,81.82,0,3,14,Aprobado,0
ebc18e50caf9,3042,01/2026C1/P/04/132-02/1/000220-1A,2026C1,04/132-02,CONTABILIDAD Y AUDITORÍA,1,A,TRIBUTACIÓN,2026-03-17 16:21:00,2026-08-06 19:02:00,13,100.0,1,4,100.0,93.91,88.74,2,0,16,Aprobado,0
ebc18e50caf9,3043,01/2026C1/P/04/132-02/1/000165-1A,2026C1,04/132-02,CONTABILIDAD Y AUDITORÍA,1,A,METODOLOGÍA DE LA INVESTIGACIÓN,2026-03-17 17:47:00,2026-08-06 17:14:00,13,100.0,4,4,100.0,75.13,79.83,2,0,17,Aprobado,0
1ddf1e6501c5,3264,01/2026C1/P/04/132-02/5/000044-5A,2026C1,04/132-02,CONTABILIDAD Y AUDITORÍA,5,A,CONTABILIDAD GENERAL,2026-03-27 17:59:00,2026-08-06 21:16:00,13,46.15,2,4,25.0,18.34,33.29,12,0,17,Reprobado,1
1ddf1e6501c5,3265,01/2026C1/P/04/132-02/5/000154-5A,2026C1,04/132-02,CONTABILIDAD Y AUDITORÍA,5,A,MATEMÁTICA FINANCIERA,2026-03-18 19:26:00,2026-07-30 20:13:00,13,100.0,2,4,100.0,67.22,65.67,3,7,19,Reprobado,1
1ddf1e6501c5,3266,01/2026C1/P/04/132-02/5/000220-5A,2026C1,04/132-02,CONTABILIDAD Y AUDITORÍA,5,A,TRIBUTACIÓN,2026-03-18 21:39:00,2026-07-29 21:08:00,13,100.0,3,4,100.0,80.76,79.27,3,8,21,Aprobado,0
1ddf1e6501c5,3267,01/2026C1/P/04/132-02/5/000165-5A,2026C1,04/132-02,CONTABILIDAD Y AUDITORÍA,5,A,METODOLOGÍA DE LA INVESTIGACIÓN,2026-03-31 18:37:00,2026-08-03 19:08:00,13,61.54,1,4,75.0,46.7,41.18,16,3,18,Reprobado,1
8173d77833f5,3016,01/2026C1/P/01/188-01/2/000011-2A,2026C1,01/188-01,ENFERMERÍA,2,A,ANATOMÍA HUMANA,2026-03-23 21:06:00,2026-08-07 21:48:00,13,76.92,3,4,25.0,15.23,44.84,8,0,21,Reprobado,1
8173d77833f5,3017,01/2026C1/P/01/188-01/2/000055-2A,2026C1,01/188-01,ENFERMERÍA,2,A,CUIDADO BÁSICO,2026-04-09 20:55:00,2026-08-06 20:33:00,13,69.23,2,4,50.0,30.87,47.14,25,0,20,Reprobado,1
8173d77833f5,3018,01/2026C1/P/01/188-01/2/000121-2A,2026C1,01/188-01,ENFERMERÍA,2,A,FARMACOLOGÍA,2026-04-06 18:56:00,2026-07-29 19:36:00,13,23.08,1,4,50.0,26.45,11.32,22,8,18,Reprobado,1
8173d77833f5,3019,01/2026C1/P/01/188-01/2/000165-2A,2026C1,01/188-01,ENFERMERÍA,2,A,METODOLOGÍA DE LA INVESTIGACIÓN,2026-03-22 21:03:00,2026-07-30 22:12:00,13,84.62,4,4,100.0,74.98,60.72,7,7,21,Reprobado,1
043b42061259,3012,01/2026C1/P/01/188-01/3/000011-3B,2026C1,01/188-01,ENFERMERÍA,3,B,ANATOMÍA HUMANA,2026-03-19 21:25:00,2026-07-29 22:57:00,13,100.0,0,4,100.0,80.08,81.58,4,8,21,Aprobado,0
043b42061259,3013,01/2026C1/P/01/188-01/3/000055-3B,2026C1,01/188-01,ENFERMERÍA,3,B,CUIDADO BÁSICO,2026-03-16 22:05:00,2026-08-05 22:04:00,13,100.0,1,4,100.0,91.85,89.78,1,1,22,Aprobado,0
043b42061259,3014,01/2026C1/P/01/188-01/3/000121-3B,2026C1,01/188-01,ENFERMERÍA,3,B,FARMACOLOGÍA,2026-03-18 22:48:00,2026-07-30 23:21:00,13,100.0,1,4,100.0,83.79,80.58,3,7,22,Aprobado,0
043b42061259,3015,01/2026C1/P/01/188-01/3/000165-3B,2026C1,01/188-01,ENFERMERÍA,3,B,METODOLOGÍA DE LA INVESTIGACIÓN,2026-03-24 00:12:00,2026-08-03 20:52:00,13,100.0,2,4,100.0,73.27,86.58,9,3,0,Aprobado,0
e4d17915c1b4,3160,01/2026C1/P/05/167-02/5/000209-5A,2026C1,05/167-02,PSICOLOGÍA,5,A,PSICOLOGÍA GENERAL,2026-03-17 19:55:00,2026-08-06 21:01:00,13,100.0,4,4,100.0,66.6,77.86,2,0,19,Aprobado,0
e4d17915c1b4,3161,01/2026C1/P/05/167-02/5/000110-5A,2026C1,05/167-02,PSICOLOGÍA,5,A,ESTADÍSTICA,2026-03-17 21:32:00,2026-08-05 20:20:00,13,69.23,1,4,100.0,82.88,55.93,2,1,21,Reprobado,1
e4d17915c1b4,3162,01/2026C1/P/05/167-02/5/000187-5A,2026C1,05/167-02,PSICOLOGÍA,5,A,NEUROCIENCIAS,2026-03-30 21:22:00,2026-08-03 20:33:00,13,61.54,3,4,100.0,72.22,42.61,15,3,21,Reprobado,1
e4d17915c1b4,3163,01/2026C1/P/05/167-02/5/000165-5A,2026C1,05/167-02,PSICOLOGÍA,5,A,METODOLOGÍA DE LA INVESTIGACIÓN,2026-03-18 19:26:00,2026-07-29 19:18:00,13,92.31,3,4,100.0,68.26,68.37,3,8,19,Reprobado,1
e28c1e1d78e0,3016,01/2026C1/P/01/188-01/2/000011-2A,2026C1,01/188-01,ENFERMERÍA,2,A,ANATOMÍA HUMANA,2026-03-15 23:34:00,2026-07-31 21:54:00,13,92.31,3,4,100.0,71.31,70.05,0,6,23,Aprobado,0
e28c1e1d78e0,3017,01/2026C1/P/01/188-01/2/000055-2A,2026C1,01/188-01,ENFERMERÍA,2,A,CUIDADO BÁSICO,2026-03-20 22:38:00,2026-08-04 21:37:00,13,100.0,6,4,100.0,78.24,81.21,5,2,22,Aprobado,0
e28c1e1d78e0,3018,01/2026C1/P/01/188-01/2/000121-2A,2026C1,01/188-01,ENFERMERÍA,2,A,FARMACOLOGÍA,2026-03-17 22:42:00,2026-08-04 21:40:00,13,100.0,4,4,100.0,75.7,79.96,2,2,22,Aprobado,0
e28c1e1d78e0,3019,01/2026C1/P/01/188-01/2/000165-2A,2026C1,01/188-01,ENFERMERÍA,2,A,METODOLOGÍA DE LA INVESTIGACIÓN,2026-03-18 21:19:00,2026-08-06 20:58:00,13,92.31,3,4,100.0,86.3,78.64,3,0,21,Aprobado,0
1167857fb089,3228,01/2026C1/P/05/167-02/4/000209-4B,2026C1,05/167-02,PSICOLOGÍA,4,B,PSICOLOGÍA GENERAL,2026-03-21 01:09:00,2026-07-30 01:32:00,13,100.0,2,4,100.0,74.5,81.21,6,7,1,Aprobado,0
1167857fb089,3229,01/2026C1/P/05/167-02/4/000110-4B,2026C1,05/167-02,PSICOLOGÍA,4,B,ESTADÍSTICA,2026-03-23 23:20:00,2026-07-31 00:25:00,13,84.62,2,4,50.0,39.08,65.18,8,6,23,Reprobado,1
1167857fb089,3230,01/2026C1/P/05/167-02/4/000187-4B,2026C1,05/167-02,PSICOLOGÍA,4,B,NEUROCIENCIAS,2026-04-01 00:17:00,2026-07-29 22:54:00,13,84.62,2,4,100.0,85.12,73.18,17,8,0,Aprobado,0
1167857fb089,3231,01/2026C1/P/05/167-02/4/000165-4B,2026C1,05/167-02,PSICOLOGÍA,4,B,METODOLOGÍA DE LA INVESTIGACIÓN,2026-03-16 23:31:00,2026-07-29 23:37:00,13,92.31,2,4,100.0,85.32,79.05,1,8,23,Aprobado,0
f6e36351ff52,3112,01/2026C1/P/02/145-01/4/000077-4B,2026C1,02/145-01,DERECHO,4,B,DERECHO CIVIL,2026-03-17 20:06:00,2026-08-04 21:43:00,13,100.0,3,4,100.0,91.82,87.64,2,2,20,Aprobado,0
f6e36351ff52,3113,01/2026C1/P/02/145-01/4/000099-4B,2026C1,02/145-01,DERECHO,4,B,DERECHO PENAL,2026-03-19 19:49:00,2026-07-29 19:59:00,13,100.0,4,4,100.0,85.32,83.24,4,8,19,Aprobado,0
f6e36351ff52,3114,01/2026C1/P/02/145-01/4/000088-4B,2026C1,02/145-01,DERECHO,4,B,DERECHO CONSTITUCIONAL,2026-03-30 18:58:00,2026-08-06 20:59:00,13,61.54,2,4,25.0,16.48,45.06,15,0,18,Reprobado,1
f6e36351ff52,3115,01/2026C1/P/02/145-01/4/000165-4B,2026C1,02/145-01,DERECHO,4,B,METODOLOGÍA DE LA INVESTIGACIÓN,2026-03-25 22:38:00,2026-07-30 20:15:00,13,92.31,2,4,100.0,65.45,70.72,10,7,22,Aprobado,0
97ac73090765,3100,01/2026C1/P/01/101-01/5/000011-5B,2026C1,01/101-01,MEDICINA,5,B,ANATOMÍA HUMANA,2026-03-22 17:42:00,2026-08-01 16:44:00,13,100.0,1,4,100.0,71.53,77.8,7,5,17,Aprobado,0
97ac73090765,3101,01/2026C1/P/01/101-01/5/000033-5B,2026C1,01/101-01,MEDICINA,5,B,BIOQUÍMICA,2026-03-21 16:17:00,2026-08-07 17:18:00,13,92.31,1,4,100.0,95.58,82.68,6,0,16,Aprobado,0
97ac73090765,3102,01/2026C1/P/01/101-01/5/000132-5B,2026C1,01/101-01,MEDICINA,5,B,FISIOLOGÍA,2026-03-15 17:22:00,2026-08-04 18:37:00,13,100.0,2,4,100.0,97.08,92.27,0,2,17,Aprobado,0
97ac73090765,3103,01/2026C1/P/01/101-01/5/000165-5B,2026C1,01/101-01,MEDICINA,5,B,METODOLOGÍA DE LA INVESTIGACIÓN,2026-03-24 18:08:00,2026-08-06 18:25:00,13,100.0,0,4,100.0,93.46,94.8,9,0,18,Aprobado,0
39b5bfb2ead9,3148,01/2026C1/P/03/210-01/5/000066-5A,2026C1,03/210-01,INGENIERÍA DE SOFTWARE,5,A,CÁLCULO DIFERENCIAL,2026-03-18 17:32:00,2026-07-31 20:14:00,13,100.0,2,4,100.0,95.8,86.69,3,6,17,Aprobado,0
39b5bfb2ead9,3149,01/2026C1/P/03/210-01/5/000198-5A,2026C1,03/210-01,INGENIERÍA DE SOFTWARE,5,A,PROGRAMACIÓN I,2026-03-16 17:39:00,2026-08-03 14:26:00,13,100.0,1,4,100.0,83.03,80.99,1,3,17,Aprobado,0
39b5bfb2ead9,3150,01/2026C1/P/03/210-01/5/000022-5A,2026C1,03/210-01,INGENIERÍA DE SOFTWARE,5,A,BASE DE DATOS,2026-03-18 19:06:00,2026-08-05 16:58:00,13,100.0,2,4,100.0,86.43,88.2,3,1,19,Aprobado,0
39b5bfb2ead9,3151,01/2026C1/P/03/210-01/5/000165-5A,2026C1,03/210-01,INGENIERÍA DE SOFTWARE,5,A,METODOLOGÍA DE LA INVESTIGACIÓN,2026-03-18 18:52:00,2026-08-02 18:22:00,13,100.0,1,4,100.0,86.72,91.46,3,4,18,Aprobado,0
8afdd10fee08,3016,01/2026C1/P/01/188-01/2/000011-2A,2026C1,01/188-01,ENFERMERÍA,2,A,ANATOMÍA HUMANA,2026-03-24 21:25:00,2026-04-24 22:06:00,13,15.38,1,4,25.0,22.5,12.35,9,104,21,Reprobado,1
8afdd10fee08,3017,01/2026C1/P/01/188-01/2/000055-2A,2026C1,01/188-01,ENFERMERÍA,2,A,CUIDADO BÁSICO,2026-03-23 21:15:00,2026-05-23 21:14:00,13,46.15,1,4,100.0,75.31,35.56,8,75,21,Reprobado,1
8afdd10fee08,3018,01/2026C1/P/01/188-01/2/000121-2A,2026C1,01/188-01,ENFERMERÍA,2,A,FARMACOLOGÍA,2026-04-03 19:45:00,2026-06-09 22:12:00,13,38.46,1,4,50.0,32.97,23.98,19,58,19,Reprobado,1
8afdd10fee08,3019,01/2026C1/P/01/188-01/2/000165-2A,2026C1,01/188-01,ENFERMERÍA,2,A,METODOLOGÍA DE LA INVESTIGACIÓN,2026-03-19 17:56:00,2026-04-22 20:31:00,13,15.38,0,4,50.0,47.4,14.44,4,106,17,Reprobado,1
5a3049d45903,3120,01/2026C1/P/04/132-02/3/000044-3B,2026C1,04/132-02,CONTABILIDAD Y AUDITORÍA,3,B,CONTABILIDAD GENERAL,2026-03-15 20:54:00,2026-07-30 21:58:00,13,100.0,3,4,100.0,86.21,85.15,0,7,20,Aprobado,0
5a3049d45903,3121,01/2026C1/P/04/132-02/3/000154-3B,2026C1,04/132-02,CONTABILIDAD Y AUDITORÍA,3,B,MATEMÁTICA FINANCIERA,2026-03-15 20:04:00,2026-07-30 20:40:00,13,100.0,2,4,100.0,90.69,87.77,0,7,20,Aprobado,0
5a3049d45903,3122,01/2026C1/P/04/132-02/3/000220-3B,2026C1,04/132-02,CONTABILIDAD Y AUDITORÍA,3,B,TRIBUTACIÓN,2026-03-26 19:50:00,2026-08-05 22:22:00,13,100.0,2,4,100.0,92.46,89.87,11,1,19,Aprobado,0
5a3049d45903,3123,01/2026C1/P/04/132-02/3/000165-3B,2026C1,04/132-02,CONTABILIDAD Y AUDITORÍA,3,B,METODOLOGÍA DE LA INVESTIGACIÓN,2026-03-26 19:48:00,2026-08-03 21:27:00,13,92.31,2,4,75.0,65.0,75.5,11,3,19,Aprobado,0
344519be51dc,3032,01/2026C1/P/01/101-01/3/000011-3A,2026C1,01/101-01,MEDICINA,3,A,ANATOMÍA HUMANA,2026-03-21 18:36:00,2026-08-07 17:15:00,13,100.0,0,4,100.0,89.3,90.34,6,0,18,Aprobado,0
344519be51dc,3033,01/2026C1/P/01/101-01/3/000033-3A,2026C1,01/101-01,MEDICINA,3,A,BIOQUÍMICA,2026-03-15 16:00:00,2026-07-29 18:25:00,13,100.0,1,4,100.0,80.39,88.45,0,8,16,Aprobado,0
344519be51dc,3034,01/2026C1/P/01/101-01/3/000132-3A,2026C1,01/101-01,MEDICINA,3,A,FISIOLOGÍA,2026-03-15 18:23:00,2026-08-04 15:42:00,13,100.0,3,4,100.0,90.32,90.74,0,2,18,Aprobado,0
344519be51dc,3035,01/2026C1/P/01/101-01/3/000165-3A,2026C1,01/101-01,MEDICINA,3,A,METODOLOGÍA DE LA INVESTIGACIÓN,2026-03-18 18:31:00,2026-08-05 17:30:00,13,100.0,1,4,100.0,89.93,91.92,3,1,18,Aprobado,0
56812654cd17,3212,01/2026C1/P/03/210-01/1/000066-1B,2026C1,03/210-01,INGENIERÍA DE SOFTWARE,1,B,CÁLCULO DIFERENCIAL,2026-03-15 17:18:00,2026-07-29 16:14:00,13,100.0,1,4,100.0,88.01,85.37,0,8,17,Aprobado,0
56812654cd17,3213,01/2026C1/P/03/210-01/1/000198-1B,2026C1,03/210-01,INGENIERÍA DE SOFTWARE,1,B,PROGRAMACIÓN I,2026-03-15 18:14:00,2026-08-01 20:09:00,13,100.0,2,4,100.0,85.6,82.8,0,5,18,Aprobado,0
56812654cd17,3214,01/2026C1/P/03/210-01/1/000022-1B,2026C1,03/210-01,INGENIERÍA DE SOFTWARE,1,B,BASE DE DATOS,2026-03-15 17:04:00,2026-08-07 18:19:00,13,100.0,1,4,100.0,79.64,83.68,0,0,17,Aprobado,0
56812654cd17,3215,01/2026C1/P/03/210-01/1/000165-1B,2026C1,03/210-01,INGENIERÍA DE SOFTWARE,1,B,METODOLOGÍA DE LA INVESTIGACIÓN,2026-03-20 17:36:00,2026-08-05 20:21:00,13,92.31,2,4,75.0,61.13,79.51,5,1,17,Aprobado,0
9d79926a5ce9,3176,01/2026C1/P/02/145-01/1/000077-1A,2026C1,02/145-01,DERECHO,1,A,DERECHO CIVIL,2026-03-15 22:00:00,2026-07-30 23:48:00,13,100.0,2,4,100.0,93.67,89.29,0,7,22,Aprobado,0
9d79926a5ce9,3177,01/2026C1/P/02/145-01/1/000099-1A,2026C1,02/145-01,DERECHO,1,A,DERECHO PENAL,2026-03-17 22:45:00,2026-07-30 23:00:00,13,92.31,1,4,100.0,87.08,81.15,2,7,22,Aprobado,0
9d79926a5ce9,3178,01/2026C1/P/02/145-01/1/000088-1A,2026C1,02/145-01,DERECHO,1,A,DERECHO CONSTITUCIONAL,2026-03-22 21:32:00,2026-07-31 23:15:00,13,100.0,2,4,100.0,88.6,92.03,7,6,21,Aprobado,0
9d79926a5ce9,3179,01/2026C1/P/02/145-01/1/000165-1A,2026C1,02/145-01,DERECHO,1,A,METODOLOGÍA DE LA INVESTIGACIÓN,2026-03-18 23:03:00,2026-08-02 22:02:00,13,100.0,2,4,100.0,87.64,84.38,3,4,23,Aprobado,0
679f410946ef,3184,01/2026C1/P/04/120-03/5/000143-5A,2026C1,04/120-03,ECONOMÍA,5,A,MACROECONOMÍA,2026-03-28 20:22:00,2026-08-04 19:02:00,13,92.31,1,4,100.0,90.96,81.93,13,2,20,Aprobado,0
679f410946ef,3185,01/2026C1/P/04/120-03/5/000176-5A,2026C1,04/120-03,ECONOMÍA,5,A,MICROECONOMÍA,2026-03-20 18:38:00,2026-08-03 18:36:00,13,100.0,2,4,100.0,93.45,88.79,5,3,18,Aprobado,0
679f410946ef,3186,01/2026C1/P/04/120-03/5/000110-5A,2026C1,04/120-03,ECONOMÍA,5,A,ESTADÍSTICA,2026-03-15 17:56:00,2026-08-02 17:54:00,13,84.62,2,4,75.0,57.64,64.47,0,4,17,Reprobado,1
679f410946ef,3187,01/2026C1/P/04/120-03/5/000165-5A,2026C1,04/120-03,ECONOMÍA,5,A,METODOLOGÍA DE LA INVESTIGACIÓN,2026-03-18 20:10:00,2026-07-31 17:53:00,13,100.0,4,4,100.0,82.81,79.51,3,6,20,Aprobado,0
e0465ebc56c8,3196,01/2026C1/P/01/101-01/4/000011-4A,2026C1,01/101-01,MEDICINA,4,A,ANATOMÍA HUMANA,2026-03-21 09:17:00,2026-05-29 07:48:00,13,38.46,0,4,100.0,100.0,39.18,6,69,9,Reprobado,1
e0465ebc56c8,3197,01/2026C1/P/01/101-01/4/000033-4A,2026C1,01/101-01,MEDICINA,4,A,BIOQUÍMICA,2026-03-15 07:57:00,2026-05-08 09:47:00,13,30.77,0,4,100.0,96.4,30.07,0,90,7,Reprobado,1
e0465ebc56c8,3198,01/2026C1/P/01/101-01/4/000132-4A,2026C1,01/101-01,MEDICINA,4,A,FISIOLOGÍA,2026-03-29 09:43:00,2026-04-24 08:38:00,13,15.38,0,4,50.0,50.0,14.93,14,104,9,Reprobado,1
e0465ebc56c8,3199,01/2026C1/P/01/101-01/4/000165-4A,2026C1,01/101-01,MEDICINA,4,A,METODOLOGÍA DE LA INVESTIGACIÓN,2026-03-17 09:49:00,2026-05-28 07:48:00,13,38.46,1,4,100.0,100.0,37.79,2,70,9,Reprobado,1
1afca1faae58,3148,01/2026C1/P/03/210-01/5/000066-5A,2026C1,03/210-01,INGENIERÍA DE SOFTWARE,5,A,CÁLCULO DIFERENCIAL,2026-03-29 18:05:00,2026-08-02 15:49:00,13,100.0,0,4,100.0,95.88,84.87,14,4,18,Aprobado,0
1afca1faae58,3149,01/2026C1/P/03/210-01/5/000198-5A,2026C1,03/210-01,INGENIERÍA DE SOFTWARE,5,A,PROGRAMACIÓN I,2026-03-15 16:27:00,2026-07-31 17:37:00,13,100.0,1,4,100.0,90.43,93.31,0,6,16,Aprobado,0
1afca1faae58,3150,01/2026C1/P/03/210-01/5/000022-5A,2026C1,03/210-01,INGENIERÍA DE SOFTWARE,5,A,BASE DE DATOS,2026-03-16 15:31:00,2026-08-01 17:00:00,13,100.0,3,4,100.0,95.48,91.7,1,5,15,Aprobado,0
1afca1faae58,3151,01/2026C1/P/03/210-01/5/000165-5A,2026C1,03/210-01,INGENIERÍA DE SOFTWARE,5,A,METODOLOGÍA DE LA INVESTIGACIÓN,2026-03-15 17:09:00,2026-08-02 15:28:00,13,92.31,0,4,100.0,89.52,86.0,0,4,17,Aprobado,0
ece50c1bc4ed,3260,01/2026C1/P/05/167-02/3/000209-3A,2026C1,05/167-02,PSICOLOGÍA,3,A,PSICOLOGÍA GENERAL,2026-03-18 15:56:00,2026-08-04 14:39:00,13,100.0,1,4,100.0,95.68,97.11,3,2,15,Aprobado,0
ece50c1bc4ed,3261,01/2026C1/P/05/167-02/3/000110-3A,2026C1,05/167-02,PSICOLOGÍA,3,A,ESTADÍSTICA,2026-03-17 15:14:00,2026-07-29 15:04:00,13,100.0,2,4,100.0,84.18,88.99,2,8,15,Aprobado,0
ece50c1bc4ed,3262,01/2026C1/P/05/167-02/3/000187-3A,2026C1,05/167-02,PSICOLOGÍA,3,A,NEUROCIENCIAS,2026-03-15 15:15:00,2026-08-06 16:10:00,13,100.0,1,4,100.0,90.1,91.53,0,0,15,Aprobado,0
ece50c1bc4ed,3263,01/2026C1/P/05/167-02/3/000165-3A,2026C1,05/167-02,PSICOLOGÍA,3,A,METODOLOGÍA DE LA INVESTIGACIÓN,2026-03-21 16:18:00,2026-08-04 14:27:00,13,100.0,2,4,100.0,94.16,95.16,6,2,16,Aprobado,0
16c45b4a437f,3220,01/2026C1/P/04/120-03/5/000143-5B,2026C1,04/120-03,ECONOMÍA,5,B,MACROECONOMÍA,2026-03-17 18:56:00,2026-08-01 19:16:00,13,100.0,3,4,100.0,73.84,79.49,2,5,18,Aprobado,0
16c45b4a437f,3221,01/2026C1/P/04/120-03/5/000176-5B,2026C1,04/120-03,ECONOMÍA,5,B,MICROECONOMÍA,2026-03-16 17:38:00,2026-07-30 18:44:00,13,100.0,1,4,100.0,91.64,89.82,1,7,17,Aprobado,0
16c45b4a437f,3222,01/2026C1/P/04/120-03/5/000110-5B,2026C1,04/120-03,ECONOMÍA,5,B,ESTADÍSTICA,2026-03-15 18:09:00,2026-08-03 18:58:00,13,100.0,1,4,100.0,80.42,88.25,0,3,18,Aprobado,0
16c45b4a437f,3223,01/2026C1/P/04/120-03/5/000165-5B,2026C1,04/120-03,ECONOMÍA,5,B,METODOLOGÍA DE LA INVESTIGACIÓN,2026-03-22 18:01:00,2026-07-31 18:44:00,13,92.31,1,4,100.0,87.81,79.54,7,6,18,Aprobado,0
321fd34842f4,3164,01/2026C1/P/01/101-01/3/000011-3B,2026C1,01/101-01,MEDICINA,3,B,ANATOMÍA HUMANA,2026-03-20 22:54:00,2026-08-05 21:00:00,13,92.31,6,4,100.0,63.34,58.25,5,1,22,Reprobado,1
321fd34842f4,3165,01/2026C1/P/01/101-01/3/000033-3B,2026C1,01/101-01,MEDICINA,3,B,BIOQUÍMICA,2026-03-18 22:50:00,2026-08-01 21:02:00,13,92.31,4,4,100.0,61.17,64.9,3,5,22,Reprobado,1
321fd34842f4,3166,01/2026C1/P/01/101-01/3/000132-3B,2026C1,01/101-01,MEDICINA,3,B,FISIOLOGÍA,2026-03-15 22:41:00,2026-08-05 20:56:00,13,84.62,3,4,100.0,78.7,61.82,0,1,22,Reprobado,1
321fd34842f4,3167,01/2026C1/P/01/101-01/3/000165-3B,2026C1,01/101-01,MEDICINA,3,B,METODOLOGÍA DE LA INVESTIGACIÓN,2026-03-25 22:27:00,2026-07-31 22:03:00,13,92.31,0,4,100.0,89.48,76.9,10,6,22,Aprobado,0
51994db91136,3276,01/2026C1/P/05/167-02/1/000209-1B,2026C1,05/167-02,PSICOLOGÍA,1,B,PSICOLOGÍA GENERAL,2026-03-19 00:57:00,2026-08-08 00:01:00,13,100.0,3,4,100.0,95.18,89.1,4,0,0,Aprobado,0
51994db91136,3277,01/2026C1/P/05/167-02/1/000110-1B,2026C1,05/167-02,PSICOLOGÍA,1,B,ESTADÍSTICA,2026-03-15 21:49:00,2026-08-08 00:15:00,13,100.0,1,4,100.0,83.49,89.25,0,0,21,Aprobado,0
51994db91136,3278,01/2026C1/P/05/167-02/1/000187-1B,2026C1,05/167-02,PSICOLOGÍA,1,B,NEUROCIENCIAS,2026-03-15 22:48:00,2026-08-03 22:46:00,13,100.0,2,4,100.0,80.44,90.69,0,3,22,Aprobado,0
51994db91136,3279,01/2026C1/P/05/167-02/1/000165-1B,2026C1,05/167-02,PSICOLOGÍA,1,B,METODOLOGÍA DE LA INVESTIGACIÓN,2026-03-23 22:51:00,2026-08-05 23:34:00,13,69.23,2,4,75.0,60.49,53.88,8,1,22,Reprobado,1
23f9fab17b03,3104,01/2026C1/P/04/132-02/4/000044-4B,2026C1,04/132-02,CONTABILIDAD Y AUDITORÍA,4,B,CONTABILIDAD GENERAL,2026-03-25 17:18:00,2026-08-01 14:55:00,13,92.31,3,4,75.0,49.93,63.36,10,5,17,Reprobado,1
23f9fab17b03,3105,01/2026C1/P/04/132-02/4/000154-4B,2026C1,04/132-02,CONTABILIDAD Y AUDITORÍA,4,B,MATEMÁTICA FINANCIERA,2026-03-15 16:56:00,2026-07-31 17:30:00,13,92.31,2,4,100.0,67.28,60.95,0,6,16,Reprobado,1
23f9fab17b03,3106,01/2026C1/P/04/132-02/4/000220-4B,2026C1,04/132-02,CONTABILIDAD Y AUDITORÍA,4,B,TRIBUTACIÓN,2026-03-22 15:52:00,2026-08-02 17:26:00,13,100.0,2,4,100.0,76.74,80.91,7,4,15,Aprobado,0
23f9fab17b03,3107,01/2026C1/P/04/132-02/4/000165-4B,2026C1,04/132-02,CONTABILIDAD Y AUDITORÍA,4,B,METODOLOGÍA DE LA INVESTIGACIÓN,2026-03-21 16:36:00,2026-07-31 16:50:00,13,100.0,3,4,100.0,73.61,70.11,6,6,16,Aprobado,0
3212f345ae81,3148,01/2026C1/P/03/210-01/5/000066-5A,2026C1,03/210-01,INGENIERÍA DE SOFTWARE,5,A,CÁLCULO DIFERENCIAL,2026-03-17 23:40:00,2026-08-03 00:44:00,13,100.0,4,4,100.0,52.42,66.34,2,3,23,Reprobado,1
3212f345ae81,3149,01/2026C1/P/03/210-01/5/000198-5A,2026C1,03/210-01,INGENIERÍA DE SOFTWARE,5,A,PROGRAMACIÓN I,2026-04-01 23:56:00,2026-08-02 01:05:00,13,69.23,1,4,75.0,57.3,47.44,17,4,23,Reprobado,1
3212f345ae81,3150,01/2026C1/P/03/210-01/5/000022-5A,2026C1,03/210-01,INGENIERÍA DE SOFTWARE,5,A,BASE DE DATOS,2026-04-10 23:11:00,2026-08-05 00:38:00,13,92.31,3,4,100.0,77.03,69.53,26,1,23,Reprobado,1
3212f345ae81,3151,01/2026C1/P/03/210-01/5/000165-5A,2026C1,03/210-01,INGENIERÍA DE SOFTWARE,5,A,METODOLOGÍA DE LA INVESTIGACIÓN,2026-03-17 00:36:00,2026-07-31 01:52:00,13,100.0,0,4,100.0,78.51,77.92,2,6,0,Aprobado,0
4b769b643423,3176,01/2026C1/P/02/145-01/1/000077-1A,2026C1,02/145-01,DERECHO,1,A,DERECHO CIVIL,2026-03-18 23:14:00,2026-07-31 22:52:00,13,100.0,4,4,100.0,81.48,77.11,3,6,23,Aprobado,0
4b769b643423,3177,01/2026C1/P/02/145-01/1/000099-1A,2026C1,02/145-01,DERECHO,1,A,DERECHO PENAL,2026-03-17 22:16:00,2026-08-02 22:52:00,13,100.0,2,4,100.0,87.42,84.48,2,4,22,Aprobado,0
4b769b643423,3178,01/2026C1/P/02/145-01/1/000088-1A,2026C1,02/145-01,DERECHO,1,A,DERECHO CONSTITUCIONAL,2026-03-22 21:32:00,2026-07-30 22:25:00,13,92.31,4,4,100.0,80.22,75.77,7,7,21,Aprobado,0
4b769b643423,3179,01/2026C1/P/02/145-01/1/000165-1A,2026C1,02/145-01,DERECHO,1,A,METODOLOGÍA DE LA INVESTIGACIÓN,2026-03-19 19:59:00,2026-08-04 22:18:00,13,92.31,2,4,100.0,83.92,75.3,4,2,19,Aprobado,0
16098da8934e,3072,01/2026C1/P/01/188-01/4/000011-4A,2026C1,01/188-01,ENFERMERÍA,4,A,ANATOMÍA HUMANA,2026-03-20 22:23:00,2026-08-03 19:53:00,13,100.0,1,4,100.0,71.56,80.18,5,3,22,Aprobado,0
16098da8934e,3073,01/2026C1/P/01/188-01/4/000055-4A,2026C1,01/188-01,ENFERMERÍA,4,A,CUIDADO BÁSICO,2026-03-18 21:09:00,2026-07-29 20:57:00,13,100.0,2,4,100.0,83.99,84.22,3,8,21,Aprobado,0
16098da8934e,3074,01/2026C1/P/01/188-01/4/000121-4A,2026C1,01/188-01,ENFERMERÍA,4,A,FARMACOLOGÍA,2026-03-18 20:27:00,2026-08-05 20:28:00,13,100.0,2,4,100.0,86.82,85.99,3,1,20,Aprobado,0
16098da8934e,3075,01/2026C1/P/01/188-01/4/000165-4A,2026C1,01/188-01,ENFERMERÍA,4,A,METODOLOGÍA DE LA INVESTIGACIÓN,2026-03-20 20:54:00,2026-07-31 20:26:00,13,100.0,1,4,100.0,79.95,83.17,5,6,20,Aprobado,0
8cbaace47f19,3112,01/2026C1/P/02/145-01/4/000077-4B,2026C1,02/145-01,DERECHO,4,B,DERECHO CIVIL,2026-04-28 22:47:00,2026-08-05 21:54:00,13,0.0,0,4,0.0,0.0,0.0,44,1,22,Reprobado,1
8cbaace47f19,3113,01/2026C1/P/02/145-01/4/000099-4B,2026C1,02/145-01,DERECHO,4,B,DERECHO PENAL,2026-04-14 21:28:00,2026-08-07 20:21:00,13,15.38,0,4,0.0,0.0,8.22,30,0,21,Reprobado,1
8cbaace47f19,3114,01/2026C1/P/02/145-01/4/000088-4B,2026C1,02/145-01,DERECHO,4,B,DERECHO CONSTITUCIONAL,2026-03-23 21:23:00,2026-08-03 23:17:00,13,69.23,3,4,50.0,33.51,49.72,8,3,21,Reprobado,1
8cbaace47f19,3115,01/2026C1/P/02/145-01/4/000165-4B,2026C1,02/145-01,DERECHO,4,B,METODOLOGÍA DE LA INVESTIGACIÓN,2026-03-25 00:47:00,2026-08-01 23:55:00,13,53.85,2,4,75.0,38.59,33.88,10,5,0,Reprobado,1
7e5369284d58,3076,01/2026C1/P/01/101-01/4/000011-4B,2026C1,01/101-01,MEDICINA,4,B,ANATOMÍA HUMANA,2026-03-27 14:55:00,2026-08-01 13:48:00,13,100.0,1,4,100.0,86.31,88.77,12,5,14,Aprobado,0
7e5369284d58,3077,01/2026C1/P/01/101-01/4/000033-4B,2026C1,01/101-01,MEDICINA,4,B,BIOQUÍMICA,2026-03-19 14:02:00,2026-08-03 15:06:00,13,100.0,2,4,100.0,82.48,87.96,4,3,14,Aprobado,0
7e5369284d58,3078,01/2026C1/P/01/101-01/4/000132-4B,2026C1,01/101-01,MEDICINA,4,B,FISIOLOGÍA,2026-03-17 16:11:00,2026-08-01 16:26:00,13,100.0,1,4,100.0,98.47,95.89,2,5,16,Aprobado,0
7e5369284d58,3079,01/2026C1/P/01/101-01/4/000165-4B,2026C1,01/101-01,MEDICINA,4,B,METODOLOGÍA DE LA INVESTIGACIÓN,2026-03-22 14:35:00,2026-07-31 14:39:00,13,100.0,0,4,100.0,93.62,95.74,7,6,14,Aprobado,0
2d75283cb6a0,3152,01/2026C1/P/03/210-01/2/000066-2B,2026C1,03/210-01,INGENIERÍA DE SOFTWARE,2,B,CÁLCULO DIFERENCIAL,2026-03-17 19:00:00,2026-08-01 16:37:00,13,100.0,3,4,100.0,88.58,87.3,2,5,19,Aprobado,0
2d75283cb6a0,3153,01/2026C1/P/03/210-01/2/000198-2B,2026C1,03/210-01,INGENIERÍA DE SOFTWARE,2,B,PROGRAMACIÓN I,2026-03-24 16:53:00,2026-08-05 17:47:00,13,100.0,0,4,100.0,94.86,94.15,9,1,16,Aprobado,0
2d75283cb6a0,3154,01/2026C1/P/03/210-01/2/000022-2B,2026C1,03/210-01,INGENIERÍA DE SOFTWARE,2,B,BASE DE DATOS,2026-03-24 17:57:00,2026-08-02 18:19:00,13,100.0,2,4,100.0,96.34,94.32,9,4,17,Aprobado,0
2d75283cb6a0,3155,01/2026C1/P/03/210-01/2/000165-2B,2026C1,03/210-01,INGENIERÍA DE SOFTWARE,2,B,METODOLOGÍA DE LA INVESTIGACIÓN,2026-03-15 18:15:00,2026-08-03 16:57:00,13,100.0,1,4,100.0,92.02,94.6,0,3,18,Aprobado,0
3b63d20c9e61,3248,01/2026C1/P/01/188-01/1/000011-1B,2026C1,01/188-01,ENFERMERÍA,1,B,ANATOMÍA HUMANA,2026-03-15 19:46:00,2026-07-30 20:34:00,13,100.0,1,4,100.0,78.13,82.29,0,7,19,Aprobado,0
3b63d20c9e61,3249,01/2026C1/P/01/188-01/1/000055-1B,2026C1,01/188-01,ENFERMERÍA,1,B,CUIDADO BÁSICO,2026-03-15 20:34:00,2026-08-03 20:07:00,13,100.0,0,4,100.0,95.4,91.74,0,3,20,Aprobado,0
3b63d20c9e61,3250,01/2026C1/P/01/188-01/1/000121-1B,2026C1,01/188-01,ENFERMERÍA,1,B,FARMACOLOGÍA,2026-03-16 18:54:00,2026-08-02 19:41:00,13,100.0,1,4,100.0,83.14,80.73,1,4,18,Aprobado,0
3b63d20c9e61,3251,01/2026C1/P/01/188-01/1/000165-1B,2026C1,01/188-01,ENFERMERÍA,1,B,METODOLOGÍA DE LA INVESTIGACIÓN,2026-03-17 19:02:00,2026-08-06 19:22:00,13,100.0,2,4,100.0,77.56,79.84,2,0,19,Aprobado,0
a0dd85fafa38,3216,01/2026C1/P/03/210-01/4/000066-4A,2026C1,03/210-01,INGENIERÍA DE SOFTWARE,4,A,CÁLCULO DIFERENCIAL,2026-03-18 14:44:00,2026-08-04 13:47:00,13,100.0,3,4,100.0,83.94,82.99,3,2,14,Aprobado,0
a0dd85fafa38,3217,01/2026C1/P/03/210-01/4/000198-4A,2026C1,03/210-01,INGENIERÍA DE SOFTWARE,4,A,PROGRAMACIÓN I,2026-03-19 14:54:00,2026-08-02 15:44:00,13,100.0,1,4,100.0,85.88,90.06,4,4,14,Aprobado,0
a0dd85fafa38,3218,01/2026C1/P/03/210-01/4/000022-4A,2026C1,03/210-01,INGENIERÍA DE SOFTWARE,4,A,BASE DE DATOS,2026-03-15 14:30:00,2026-07-30 15:22:00,13,100.0,0,4,100.0,89.57,86.12,0,7,14,Aprobado,0
a0dd85fafa38,3219,01/2026C1/P/03/210-01/4/000165-4A,2026C1,03/210-01,INGENIERÍA DE SOFTWARE,4,A,METODOLOGÍA DE LA INVESTIGACIÓN,2026-03-20 16:52:00,2026-08-01 15:05:00,13,100.0,1,4,100.0,89.98,91.24,5,5,16,Aprobado,0
ea232e4d7fed,3108,01/2026C1/P/05/167-02/3/000209-3B,2026C1,05/167-02,PSICOLOGÍA,3,B,PSICOLOGÍA GENERAL,2026-03-17 16:03:00,2026-07-30 15:34:00,13,100.0,2,4,100.0,100.0,97.19,2,7,16,Aprobado,0
ea232e4d7fed,3109,01/2026C1/P/05/167-02/3/000110-3B,2026C1,05/167-02,PSICOLOGÍA,3,B,ESTADÍSTICA,2026-03-17 15:46:00,2026-08-07 15:19:00,13,100.0,1,4,100.0,100.0,98.67,2,0,15,Aprobado,0
ea232e4d7fed,3110,01/2026C1/P/05/167-02/3/000187-3B,2026C1,05/167-02,PSICOLOGÍA,3,B,NEUROCIENCIAS,2026-03-15 14:59:00,2026-08-03 17:04:00,13,100.0,0,4,100.0,100.0,100.0,0,3,14,Aprobado,0
ea232e4d7fed,3111,01/2026C1/P/05/167-02/3/000165-3B,2026C1,05/167-02,PSICOLOGÍA,3,B,METODOLOGÍA DE LA INVESTIGACIÓN,2026-03-15 17:15:00,2026-08-06 15:23:00,13,100.0,2,4,100.0,97.5,95.47,0,0,17,Aprobado,0
ef0de1ef4e2d,3168,01/2026C1/P/04/120-03/3/000143-3A,2026C1,04/120-03,ECONOMÍA,3,A,MACROECONOMÍA,2026-03-26 17:06:00,2026-07-29 18:06:00,13,100.0,2,4,100.0,78.0,81.89,11,8,17,Aprobado,0
ef0de1ef4e2d,3169,01/2026C1/P/04/120-03/3/000176-3A,2026C1,04/120-03,ECONOMÍA,3,A,MICROECONOMÍA,2026-03-15 18:25:00,2026-08-07 18:31:00,13,92.31,0,4,100.0,85.78,81.93,0,0,18,Aprobado,0
ef0de1ef4e2d,3170,01/2026C1/P/04/120-03/3/000110-3A,2026C1,04/120-03,ECONOMÍA,3,A,ESTADÍSTICA,2026-03-20 20:07:00,2026-08-02 18:29:00,13,100.0,1,4,100.0,95.1,92.31,5,4,20,Aprobado,0
ef0de1ef4e2d,3171,01/2026C1/P/04/120-03/3/000165-3A,2026C1,04/120-03,ECONOMÍA,3,A,METODOLOGÍA DE LA INVESTIGACIÓN,2026-03-30 17:03:00,2026-08-02 17:04:00,13,92.31,2,4,100.0,84.41,79.3,15,4,17,Aprobado,0
1667efeaaeb3,3096,01/2026C1/P/02/145-01/2/000077-2B,2026C1,02/145-01,DERECHO,2,B,DERECHO CIVIL,2026-03-24 17:29:00,2026-08-07 19:08:00,13,92.31,6,4,100.0,79.66,68.95,9,0,17,Reprobado,1
1667efeaaeb3,3097,01/2026C1/P/02/145-01/2/000099-2B,2026C1,02/145-01,DERECHO,2,B,DERECHO PENAL,2026-03-20 18:20:00,2026-08-05 19:33:00,13,84.62,1,4,75.0,57.86,68.66,5,1,18,Reprobado,1
1667efeaaeb3,3098,01/2026C1/P/02/145-01/2/000088-2B,2026C1,02/145-01,DERECHO,2,B,DERECHO CONSTITUCIONAL,2026-03-19 18:22:00,2026-08-04 18:41:00,13,92.31,3,4,100.0,84.01,72.96,4,2,18,Aprobado,0
1667efeaaeb3,3099,01/2026C1/P/02/145-01/2/000165-2B,2026C1,02/145-01,DERECHO,2,B,METODOLOGÍA DE LA INVESTIGACIÓN,2026-03-30 18:35:00,2026-07-31 18:18:00,13,84.62,1,4,75.0,61.66,64.2,15,6,18,Reprobado,1
07e20025ca50,3232,01/2026C1/P/01/101-01/2/000011-2A,2026C1,01/101-01,MEDICINA,2,A,ANATOMÍA HUMANA,2026-03-28 20:12:00,2026-08-05 22:34:00,13,100.0,4,4,100.0,87.02,79.59,13,1,20,Aprobado,0
07e20025ca50,3233,01/2026C1/P/01/101-01/2/000033-2A,2026C1,01/101-01,MEDICINA,2,A,BIOQUÍMICA,2026-03-27 19:30:00,2026-07-31 20:05:00,13,92.31,1,4,100.0,80.81,69.59,12,6,19,Reprobado,1
07e20025ca50,3234,01/2026C1/P/01/101-01/2/000132-2A,2026C1,01/101-01,MEDICINA,2,A,FISIOLOGÍA,2026-03-25 20:06:00,2026-07-31 21:56:00,13,76.92,3,4,50.0,44.99,57.71,10,6,20,Reprobado,1
07e20025ca50,3235,01/2026C1/P/01/101-01/2/000165-2A,2026C1,01/101-01,MEDICINA,2,A,METODOLOGÍA DE LA INVESTIGACIÓN,2026-03-15 22:07:00,2026-08-03 20:21:00,13,100.0,0,4,100.0,77.64,84.7,0,3,22,Aprobado,0
17c1d387b370,3116,01/2026C1/P/04/120-03/2/000143-2B,2026C1,04/120-03,ECONOMÍA,2,B,MACROECONOMÍA,2026-03-16 23:49:00,2026-08-04 22:20:00,13,61.54,0,4,50.0,35.02,41.22,1,2,23,Reprobado,1
17c1d387b370,3117,01/2026C1/P/04/120-03/2/000176-2B,2026C1,04/120-03,ECONOMÍA,2,B,MICROECONOMÍA,2026-03-22 00:05:00,2026-08-03 23:53:00,13,61.54,2,4,50.0,48.12,50.43,7,3,0,Reprobado,1
17c1d387b370,3118,01/2026C1/P/04/120-03/2/000110-2B,2026C1,04/120-03,ECONOMÍA,2,B,ESTADÍSTICA,2026-03-27 23:38:00,2026-07-29 22:12:00,13,84.62,1,4,75.0,64.47,62.16,12,8,23,Reprobado,1
17c1d387b370,3119,01/2026C1/P/04/120-03/2/000165-2B,2026C1,04/120-03,ECONOMÍA,2,B,METODOLOGÍA DE LA INVESTIGACIÓN,2026-04-13 22:26:00,2026-08-01 21:58:00,13,15.38,0,4,25.0,21.61,10.68,29,5,22,Reprobado,1
1c1caa3d320a,3080,01/2026C1/P/04/132-02/4/000044-4A,2026C1,04/132-02,CONTABILIDAD Y AUDITORÍA,4,A,CONTABILIDAD GENERAL,2026-03-15 22:13:00,2026-05-29 21:47:00,13,53.85,1,4,100.0,74.99,42.82,0,69,22,Reprobado,1
1c1caa3d320a,3081,01/2026C1/P/04/132-02/4/000154-4A,2026C1,04/132-02,CONTABILIDAD Y AUDITORÍA,4,A,MATEMÁTICA FINANCIERA,2026-03-24 20:47:00,2026-05-14 21:18:00,13,30.77,1,4,75.0,58.37,22.35,9,84,20,Reprobado,1
1c1caa3d320a,3082,01/2026C1/P/04/132-02/4/000220-4A,2026C1,04/132-02,CONTABILIDAD Y AUDITORÍA,4,A,TRIBUTACIÓN,2026-03-24 21:42:00,2026-04-26 23:38:00,13,23.08,0,4,50.0,38.81,16.75,9,102,21,Reprobado,1
1c1caa3d320a,3083,01/2026C1/P/04/132-02/4/000165-4A,2026C1,04/132-02,CONTABILIDAD Y AUDITORÍA,4,A,METODOLOGÍA DE LA INVESTIGACIÓN,2026-03-17 23:56:00,2026-05-23 21:22:00,13,46.15,1,4,100.0,75.88,34.25,2,75,23,Reprobado,1
76f06829a2ca,3220,01/2026C1/P/04/120-03/5/000143-5B,2026C1,04/120-03,ECONOMÍA,5,B,MACROECONOMÍA,2026-03-15 14:57:00,2026-08-01 15:38:00,13,100.0,1,4,100.0,93.44,95.19,0,5,14,Aprobado,0
76f06829a2ca,3221,01/2026C1/P/04/120-03/5/000176-5B,2026C1,04/120-03,ECONOMÍA,5,B,MICROECONOMÍA,2026-03-16 15:47:00,2026-08-04 14:55:00,13,100.0,1,4,100.0,87.5,94.35,1,2,15,Aprobado,0
76f06829a2ca,3222,01/2026C1/P/04/120-03/5/000110-5B,2026C1,04/120-03,ECONOMÍA,5,B,ESTADÍSTICA,2026-03-15 16:17:00,2026-08-04 16:23:00,13,100.0,0,4,100.0,98.48,97.79,0,2,16,Aprobado,0
76f06829a2ca,3223,01/2026C1/P/04/120-03/5/000165-5B,2026C1,04/120-03,ECONOMÍA,5,B,METODOLOGÍA DE LA INVESTIGACIÓN,2026-03-19 14:45:00,2026-07-29 16:58:00,13,100.0,1,4,100.0,90.71,95.09,4,8,14,Aprobado,0
5150cfab9ee1,3176,01/2026C1/P/02/145-01/1/000077-1A,2026C1,02/145-01,DERECHO,1,A,DERECHO CIVIL,2026-03-18 15:29:00,2026-08-05 15:55:00,13,100.0,2,4,100.0,95.85,93.42,3,1,15,Aprobado,0
5150cfab9ee1,3177,01/2026C1/P/02/145-01/1/000099-1A,2026C1,02/145-01,DERECHO,1,A,DERECHO PENAL,2026-03-17 13:28:00,2026-08-04 15:31:00,13,100.0,0,4,100.0,96.9,91.15,2,2,13,Aprobado,0
5150cfab9ee1,3178,01/2026C1/P/02/145-01/1/000088-1A,2026C1,02/145-01,DERECHO,1,A,DERECHO CONSTITUCIONAL,2026-03-15 16:18:00,2026-08-06 14:18:00,13,100.0,2,4,100.0,97.5,96.46,0,0,16,Aprobado,0
5150cfab9ee1,3179,01/2026C1/P/02/145-01/1/000165-1A,2026C1,02/145-01,DERECHO,1,A,METODOLOGÍA DE LA INVESTIGACIÓN,2026-03-17 14:00:00,2026-08-03 15:02:00,13,100.0,1,4,100.0,94.76,92.7,2,3,14,Aprobado,0
30d91a090145,3032,01/2026C1/P/01/101-01/3/000011-3A,2026C1,01/101-01,MEDICINA,3,A,ANATOMÍA HUMANA,2026-03-18 00:20:00,2026-08-05 23:58:00,13,100.0,3,4,100.0,78.61,73.35,3,1,0,Aprobado,0
30d91a090145,3033,01/2026C1/P/01/101-01/3/000033-3A,2026C1,01/101-01,MEDICINA,3,A,BIOQUÍMICA,2026-03-16 00:03:00,2026-07-30 23:49:00,13,100.0,0,4,100.0,86.14,81.08,1,7,0,Aprobado,0
30d91a090145,3034,01/2026C1/P/01/101-01/3/000132-3A,2026C1,01/101-01,MEDICINA,3,A,FISIOLOGÍA,2026-03-21 23:12:00,2026-07-31 22:23:00,13,100.0,4,4,100.0,80.06,79.33,6,6,23,Aprobado,0
30d91a090145,3035,01/2026C1/P/01/101-01/3/000165-3A,2026C1,01/101-01,MEDICINA,3,A,METODOLOGÍA DE LA INVESTIGACIÓN,2026-03-20 00:15:00,2026-08-01 00:02:00,13,92.31,0,4,100.0,75.05,69.5,5,5,0,Reprobado,1
0b2fbc5e7004,3088,01/2026C1/P/04/132-02/1/000044-1B,2026C1,04/132-02,CONTABILIDAD Y AUDITORÍA,1,B,CONTABILIDAD GENERAL,2026-03-19 18:33:00,2026-08-05 20:32:00,13,84.62,1,4,75.0,54.03,68.82,4,1,18,Reprobado,1
0b2fbc5e7004,3089,01/2026C1/P/04/132-02/1/000154-1B,2026C1,04/132-02,CONTABILIDAD Y AUDITORÍA,1,B,MATEMÁTICA FINANCIERA,2026-03-27 18:42:00,2026-08-02 19:20:00,13,100.0,1,4,100.0,80.23,83.28,12,4,18,Aprobado,0
0b2fbc5e7004,3090,01/2026C1/P/04/132-02/1/000220-1B,2026C1,04/132-02,CONTABILIDAD Y AUDITORÍA,1,B,TRIBUTACIÓN,2026-03-31 18:35:00,2026-08-01 20:46:00,13,92.31,0,4,75.0,69.04,80.77,16,5,18,Aprobado,0
0b2fbc5e7004,3091,01/2026C1/P/04/132-02/1/000165-1B,2026C1,04/132-02,CONTABILIDAD Y AUDITORÍA,1,B,METODOLOGÍA DE LA INVESTIGACIÓN,2026-03-16 18:16:00,2026-07-31 19:58:00,13,84.62,4,4,75.0,60.42,66.92,1,6,18,Reprobado,1
d5adf0b6192c,3020,01/2026C1/P/03/210-01/3/000066-3A,2026C1,03/210-01,INGENIERÍA DE SOFTWARE,3,A,CÁLCULO DIFERENCIAL,2026-03-18 17:50:00,2026-07-31 18:23:00,13,100.0,2,4,100.0,78.78,77.21,3,6,17,Aprobado,0
d5adf0b6192c,3021,01/2026C1/P/03/210-01/3/000198-3A,2026C1,03/210-01,INGENIERÍA DE SOFTWARE,3,A,PROGRAMACIÓN I,2026-03-19 17:24:00,2026-08-04 17:36:00,13,92.31,1,4,100.0,72.32,71.53,4,2,17,Aprobado,0
d5adf0b6192c,3022,01/2026C1/P/03/210-01/3/000022-3A,2026C1,03/210-01,INGENIERÍA DE SOFTWARE,3,A,BASE DE DATOS,2026-03-18 18:29:00,2026-08-02 16:21:00,13,100.0,0,4,100.0,90.98,88.7,3,4,18,Aprobado,0
d5adf0b6192c,3023,01/2026C1/P/03/210-01/3/000165-3A,2026C1,03/210-01,INGENIERÍA DE SOFTWARE,3,A,METODOLOGÍA DE LA INVESTIGACIÓN,2026-03-15 18:29:00,2026-07-30 17:37:00,13,100.0,0,4,100.0,91.38,88.72,0,7,18,Aprobado,0
b9e914ef0f8e,3164,01/2026C1/P/01/101-01/3/000011-3B,2026C1,01/101-01,MEDICINA,3,B,ANATOMÍA HUMANA,2026-03-17 19:23:00,2026-08-07 19:25:00,13,100.0,1,4,100.0,89.66,86.93,2,0,19,Aprobado,0
b9e914ef0f8e,3165,01/2026C1/P/01/101-01/3/000033-3B,2026C1,01/101-01,MEDICINA,3,B,BIOQUÍMICA,2026-03-16 17:48:00,2026-08-02 17:29:00,13,100.0,1,4,100.0,84.42,89.11,1,4,17,Aprobado,0
b9e914ef0f8e,3166,01/2026C1/P/01/101-01/3/000132-3B,2026C1,01/101-01,MEDICINA,3,B,FISIOLOGÍA,2026-03-21 19:20:00,2026-07-31 17:57:00,13,100.0,3,4,100.0,92.58,91.68,6,6,19,Aprobado,0
b9e914ef0f8e,3167,01/2026C1/P/01/101-01/3/000165-3B,2026C1,01/101-01,MEDICINA,3,B,METODOLOGÍA DE LA INVESTIGACIÓN,2026-03-16 20:16:00,2026-07-29 18:56:00,13,100.0,1,4,100.0,78.42,89.35,1,8,20,Aprobado,0
3d1bf46ea1c8,3212,01/2026C1/P/03/210-01/1/000066-1B,2026C1,03/210-01,INGENIERÍA DE SOFTWARE,1,B,CÁLCULO DIFERENCIAL,2026-03-16 20:36:00,2026-07-29 22:35:00,13,100.0,2,4,100.0,87.66,88.57,1,8,20,Aprobado,0
3d1bf46ea1c8,3213,01/2026C1/P/03/210-01/1/000198-1B,2026C1,03/210-01,INGENIERÍA DE SOFTWARE,1,B,PROGRAMACIÓN I,2026-03-21 19:03:00,2026-08-06 20:13:00,13,100.0,1,4,100.0,84.39,85.5,6,0,19,Aprobado,0
3d1bf46ea1c8,3214,01/2026C1/P/03/210-01/1/000022-1B,2026C1,03/210-01,INGENIERÍA DE SOFTWARE,1,B,BASE DE DATOS,2026-03-15 18:55:00,2026-08-01 20:35:00,13,100.0,1,4,100.0,76.58,80.5,0,5,18,Aprobado,0
3d1bf46ea1c8,3215,01/2026C1/P/03/210-01/1/000165-1B,2026C1,03/210-01,INGENIERÍA DE SOFTWARE,1,B,METODOLOGÍA DE LA INVESTIGACIÓN,2026-03-15 20:38:00,2026-08-04 19:29:00,13,100.0,1,4,100.0,91.16,85.75,0,2,20,Aprobado,0
9c804a982a31,3028,01/2026C1/P/04/132-02/2/000044-2B,2026C1,04/132-02,CONTABILIDAD Y AUDITORÍA,2,B,CONTABILIDAD GENERAL,2026-03-15 20:03:00,2026-08-06 19:20:00,13,100.0,2,4,100.0,83.54,82.85,0,0,20,Aprobado,0
9c804a982a31,3029,01/2026C1/P/04/132-02/2/000154-2B,2026C1,04/132-02,CONTABILIDAD Y AUDITORÍA,2,B,MATEMÁTICA FINANCIERA,2026-03-22 19:51:00,2026-08-07 22:08:00,13,84.62,0,4,100.0,69.9,61.18,7,0,19,Reprobado,1
9c804a982a31,3030,01/2026C1/P/04/132-02/2/000220-2B,2026C1,04/132-02,CONTABILIDAD Y AUDITORÍA,2,B,TRIBUTACIÓN,2026-03-15 22:00:00,2026-08-06 19:18:00,13,100.0,4,4,100.0,77.02,83.33,0,0,22,Aprobado,0
9c804a982a31,3031,01/2026C1/P/04/132-02/2/000165-2B,2026C1,04/132-02,CONTABILIDAD Y AUDITORÍA,2,B,METODOLOGÍA DE LA INVESTIGACIÓN,2026-03-16 21:53:00,2026-08-04 18:41:00,13,100.0,3,4,100.0,82.69,79.06,1,2,21,Aprobado,0
31f11de86adb,3232,01/2026C1/P/01/101-01/2/000011-2A,2026C1,01/101-01,MEDICINA,2,A,ANATOMÍA HUMANA,2026-03-15 14:34:00,2026-08-05 15:46:00,13,100.0,3,4,100.0,78.68,80.2,0,1,14,Aprobado,0
31f11de86adb,3233,01/2026C1/P/01/101-01/2/000033-2A,2026C1,01/101-01,MEDICINA,2,A,BIOQUÍMICA,2026-03-16 17:56:00,2026-08-04 17:32:00,13,100.0,3,4,100.0,81.56,79.95,1,2,17,Aprobado,0
31f11de86adb,3234,01/2026C1/P/01/101-01/2/000132-2A,2026C1,01/101-01,MEDICINA,2,A,FISIOLOGÍA,2026-03-19 17:10:00,2026-08-02 16:27:00,13,100.0,2,4,100.0,88.82,87.35,4,4,17,Aprobado,0
31f11de86adb,3235,01/2026C1/P/01/101-01/2/000165-2A,2026C1,01/101-01,MEDICINA,2,A,METODOLOGÍA DE LA INVESTIGACIÓN,2026-03-26 18:07:00,2026-08-07 19:08:00,13,100.0,4,4,100.0,86.97,78.8,11,0,18,Aprobado,0
a44bf6fe07ea,3016,01/2026C1/P/01/188-01/2/000011-2A,2026C1,01/188-01,ENFERMERÍA,2,A,ANATOMÍA HUMANA,2026-03-24 18:56:00,2026-08-02 20:03:00,13,100.0,4,4,100.0,63.49,70.7,9,4,18,Aprobado,0
a44bf6fe07ea,3017,01/2026C1/P/01/188-01/2/000055-2A,2026C1,01/188-01,ENFERMERÍA,2,A,CUIDADO BÁSICO,2026-03-16 20:25:00,2026-08-02 19:48:00,13,100.0,1,4,100.0,81.93,85.78,1,4,20,Aprobado,0
a44bf6fe07ea,3018,01/2026C1/P/01/188-01/2/000121-2A,2026C1,01/188-01,ENFERMERÍA,2,A,FARMACOLOGÍA,2026-03-17 21:05:00,2026-08-04 20:08:00,13,92.31,2,4,100.0,76.08,77.14,2,2,21,Aprobado,0
a44bf6fe07ea,3019,01/2026C1/P/01/188-01/2/000165-2A,2026C1,01/188-01,ENFERMERÍA,2,A,METODOLOGÍA DE LA INVESTIGACIÓN,2026-03-23 20:36:00,2026-08-05 19:44:00,13,100.0,1,4,100.0,82.59,77.18,8,1,20,Aprobado,0
71953c33919b,3028,01/2026C1/P/04/132-02/2/000044-2B,2026C1,04/132-02,CONTABILIDAD Y AUDITORÍA,2,B,CONTABILIDAD GENERAL,2026-03-17 12:10:00,2026-08-06 15:21:00,13,92.31,0,4,100.0,89.15,82.43,2,0,12,Aprobado,0
71953c33919b,3029,01/2026C1/P/04/132-02/2/000154-2B,2026C1,04/132-02,CONTABILIDAD Y AUDITORÍA,2,B,MATEMÁTICA FINANCIERA,2026-03-18 15:19:00,2026-07-31 13:16:00,13,100.0,0,4,100.0,92.94,94.01,3,6,15,Aprobado,0
71953c33919b,3030,01/2026C1/P/04/132-02/2/000220-2B,2026C1,04/132-02,CONTABILIDAD Y AUDITORÍA,2,B,TRIBUTACIÓN,2026-03-18 16:03:00,2026-08-07 14:15:00,13,100.0,2,4,100.0,95.44,96.13,3,0,16,Aprobado,0
71953c33919b,3031,01/2026C1/P/04/132-02/2/000165-2B,2026C1,04/132-02,CONTABILIDAD Y AUDITORÍA,2,B,METODOLOGÍA DE LA INVESTIGACIÓN,2026-03-16 14:04:00,2026-07-29 14:30:00,13,100.0,3,4,100.0,100.0,93.85,1,8,14,Aprobado,0
94c0f3688c7f,3040,01/2026C1/P/04/132-02/1/000044-1A,2026C1,04/132-02,CONTABILIDAD Y AUDITORÍA,1,A,CONTABILIDAD GENERAL,2026-03-21 20:10:00,2026-07-31 18:57:00,13,100.0,2,4,100.0,84.23,86.46,6,6,20,Aprobado,0
94c0f3688c7f,3041,01/2026C1/P/04/132-02/1/000154-1A,2026C1,04/132-02,CONTABILIDAD Y AUDITORÍA,1,A,MATEMÁTICA FINANCIERA,2026-03-17 21:39:00,2026-08-03 19:07:00,13,100.0,0,4,100.0,65.85,77.87,2,3,21,Aprobado,0
94c0f3688c7f,3042,01/2026C1/P/04/132-02/1/000220-1A,2026C1,04/132-02,CONTABILIDAD Y AUDITORÍA,1,A,TRIBUTACIÓN,2026-03-16 18:31:00,2026-08-07 20:23:00,13,100.0,4,4,100.0,76.41,77.47,1,0,18,Aprobado,0
94c0f3688c7f,3043,01/2026C1/P/04/132-02/1/000165-1A,2026C1,04/132-02,CONTABILIDAD Y AUDITORÍA,1,A,METODOLOGÍA DE LA INVESTIGACIÓN,2026-03-16 20:09:00,2026-07-31 21:05:00,13,100.0,1,4,100.0,79.41,80.05,1,6,20,Aprobado,0
74aa8bee0c63,3164,01/2026C1/P/01/101-01/3/000011-3B,2026C1,01/101-01,MEDICINA,3,B,ANATOMÍA HUMANA,2026-03-17 21:33:00,2026-07-31 21:52:00,13,92.31,3,4,100.0,71.09,66.59,2,6,21,Reprobado,1
74aa8bee0c63,3165,01/2026C1/P/01/101-01/3/000033-3B,2026C1,01/101-01,MEDICINA,3,B,BIOQUÍMICA,2026-03-19 21:24:00,2026-08-03 21:42:00,13,100.0,2,4,100.0,86.52,81.95,4,3,21,Aprobado,0
74aa8bee0c63,3166,01/2026C1/P/01/101-01/3/000132-3B,2026C1,01/101-01,MEDICINA,3,B,FISIOLOGÍA,2026-03-18 00:57:00,2026-08-06 21:17:00,13,100.0,1,4,100.0,85.13,83.14,3,0,0,Aprobado,0
74aa8bee0c63,3167,01/2026C1/P/01/101-01/3/000165-3B,2026C1,01/101-01,MEDICINA,3,B,METODOLOGÍA DE LA INVESTIGACIÓN,2026-03-18 23:43:00,2026-08-01 21:48:00,13,100.0,3,4,100.0,75.83,81.44,3,5,23,Aprobado,0
eb2ee2734fad,3260,01/2026C1/P/05/167-02/3/000209-3A,2026C1,05/167-02,PSICOLOGÍA,3,A,PSICOLOGÍA GENERAL,2026-04-02 21:49:00,2026-08-02 22:46:00,13,92.31,3,4,75.0,56.78,73.95,18,4,21,Aprobado,0
eb2ee2734fad,3261,01/2026C1/P/05/167-02/3/000110-3A,2026C1,05/167-02,PSICOLOGÍA,3,A,ESTADÍSTICA,2026-03-17 20:47:00,2026-08-03 20:15:00,13,100.0,2,4,100.0,74.89,76.76,2,3,20,Aprobado,0
eb2ee2734fad,3262,01/2026C1/P/05/167-02/3/000187-3A,2026C1,05/167-02,PSICOLOGÍA,3,A,NEUROCIENCIAS,2026-03-18 19:58:00,2026-08-03 21:07:00,13,84.62,3,4,75.0,68.19,69.93,3,3,19,Reprobado,1
eb2ee2734fad,3263,01/2026C1/P/05/167-02/3/000165-3A,2026C1,05/167-02,PSICOLOGÍA,3,A,METODOLOGÍA DE LA INVESTIGACIÓN,2026-03-17 20:34:00,2026-08-02 21:07:00,13,100.0,1,4,100.0,89.99,86.32,2,4,20,Aprobado,0
7924b566f20f,3108,01/2026C1/P/05/167-02/3/000209-3B,2026C1,05/167-02,PSICOLOGÍA,3,B,PSICOLOGÍA GENERAL,2026-03-16 21:08:00,2026-08-02 19:49:00,13,92.31,0,4,100.0,79.17,76.36,1,4,21,Aprobado,0
7924b566f20f,3109,01/2026C1/P/05/167-02/3/000110-3B,2026C1,05/167-02,PSICOLOGÍA,3,B,ESTADÍSTICA,2026-03-15 20:34:00,2026-08-04 18:31:00,13,100.0,2,4,100.0,79.6,88.1,0,2,20,Aprobado,0
7924b566f20f,3110,01/2026C1/P/05/167-02/3/000187-3B,2026C1,05/167-02,PSICOLOGÍA,3,B,NEUROCIENCIAS,2026-03-18 20:13:00,2026-07-29 20:01:00,13,92.31,2,4,100.0,91.07,78.8,3,8,20,Aprobado,0
7924b566f20f,3111,01/2026C1/P/05/167-02/3/000165-3B,2026C1,05/167-02,PSICOLOGÍA,3,B,METODOLOGÍA DE LA INVESTIGACIÓN,2026-03-16 20:12:00,2026-08-06 20:12:00,13,100.0,1,4,100.0,86.64,85.45,1,0,20,Aprobado,0
7480c0c46e6c,3148,01/2026C1/P/03/210-01/5/000066-5A,2026C1,03/210-01,INGENIERÍA DE SOFTWARE,5,A,CÁLCULO DIFERENCIAL,2026-03-15 19:50:00,2026-08-01 20:10:00,13,92.31,3,4,75.0,55.42,65.61,0,5,19,Reprobado,1
7480c0c46e6c,3149,01/2026C1/P/03/210-01/5/000198-5A,2026C1,03/210-01,INGENIERÍA DE SOFTWARE,5,A,PROGRAMACIÓN I,2026-03-15 19:37:00,2026-08-03 19:38:00,13,100.0,2,4,100.0,64.2,70.22,0,3,19,Aprobado,0
7480c0c46e6c,3150,01/2026C1/P/03/210-01/5/000022-5A,2026C1,03/210-01,INGENIERÍA DE SOFTWARE,5,A,BASE DE DATOS,2026-03-21 20:16:00,2026-08-02 20:13:00,13,76.92,2,4,75.0,49.51,58.04,6,4,20,Reprobado,1
7480c0c46e6c,3151,01/2026C1/P/03/210-01/5/000165-5A,2026C1,03/210-01,INGENIERÍA DE SOFTWARE,5,A,METODOLOGÍA DE LA INVESTIGACIÓN,2026-03-18 20:05:00,2026-08-05 19:43:00,13,92.31,1,4,100.0,74.09,65.56,3,1,20,Reprobado,1
57117411205c,3116,01/2026C1/P/04/120-03/2/000143-2B,2026C1,04/120-03,ECONOMÍA,2,B,MACROECONOMÍA,2026-03-19 21:52:00,2026-07-29 23:04:00,13,100.0,1,4,100.0,96.27,98.51,4,8,21,Aprobado,0
57117411205c,3117,01/2026C1/P/04/120-03/2/000176-2B,2026C1,04/120-03,ECONOMÍA,2,B,MICROECONOMÍA,2026-03-16 00:07:00,2026-08-07 23:47:00,13,100.0,2,4,100.0,87.3,87.82,1,0,0,Aprobado,0
57117411205c,3118,01/2026C1/P/04/120-03/2/000110-2B,2026C1,04/120-03,ECONOMÍA,2,B,ESTADÍSTICA,2026-03-21 01:12:00,2026-08-02 23:26:00,13,92.31,2,4,100.0,88.52,84.48,6,4,1,Aprobado,0
57117411205c,3119,01/2026C1/P/04/120-03/2/000165-2B,2026C1,04/120-03,ECONOMÍA,2,B,METODOLOGÍA DE LA INVESTIGACIÓN,2026-03-15 23:07:00,2026-08-06 00:40:00,13,100.0,1,4,100.0,86.8,87.48,0,0,23,Aprobado,0
43530d2b7bb2,3276,01/2026C1/P/05/167-02/1/000209-1B,2026C1,05/167-02,PSICOLOGÍA,1,B,PSICOLOGÍA GENERAL,2026-03-17 15:51:00,2026-08-02 16:29:00,13,100.0,3,4,100.0,91.93,93.36,2,4,15,Aprobado,0
43530d2b7bb2,3277,01/2026C1/P/05/167-02/1/000110-1B,2026C1,05/167-02,PSICOLOGÍA,1,B,ESTADÍSTICA,2026-03-19 17:31:00,2026-08-04 17:22:00,13,100.0,1,4,100.0,91.47,89.5,4,2,17,Aprobado,0
43530d2b7bb2,3278,01/2026C1/P/05/167-02/1/000187-1B,2026C1,05/167-02,PSICOLOGÍA,1,B,NEUROCIENCIAS,2026-03-17 15:36:00,2026-08-01 15:58:00,13,100.0,2,4,100.0,95.42,97.84,2,5,15,Aprobado,0
43530d2b7bb2,3279,01/2026C1/P/05/167-02/1/000165-1B,2026C1,05/167-02,PSICOLOGÍA,1,B,METODOLOGÍA DE LA INVESTIGACIÓN,2026-03-20 17:24:00,2026-08-03 16:41:00,13,100.0,0,4,100.0,98.83,96.92,5,3,17,Aprobado,0
b1a4c0604863,3072,01/2026C1/P/01/188-01/4/000011-4A,2026C1,01/188-01,ENFERMERÍA,4,A,ANATOMÍA HUMANA,2026-03-23 17:12:00,2026-08-03 15:05:00,13,100.0,1,4,100.0,90.89,88.53,8,3,17,Aprobado,0
b1a4c0604863,3073,01/2026C1/P/01/188-01/4/000055-4A,2026C1,01/188-01,ENFERMERÍA,4,A,CUIDADO BÁSICO,2026-04-11 14:37:00,2026-07-30 16:12:00,13,84.62,3,4,75.0,67.59,71.64,27,7,14,Aprobado,0
b1a4c0604863,3074,01/2026C1/P/01/188-01/4/000121-4A,2026C1,01/188-01,ENFERMERÍA,4,A,FARMACOLOGÍA,2026-03-21 14:22:00,2026-07-31 14:45:00,13,84.62,3,4,100.0,73.7,57.55,6,6,14,Reprobado,1
b1a4c0604863,3075,01/2026C1/P/01/188-01/4/000165-4A,2026C1,01/188-01,ENFERMERÍA,4,A,METODOLOGÍA DE LA INVESTIGACIÓN,2026-03-21 15:58:00,2026-08-04 17:25:00,13,69.23,4,4,75.0,53.37,49.56,6,2,15,Reprobado,1
69324cdb504a,3084,01/2026C1/P/04/120-03/2/000143-2A,2026C1,04/120-03,ECONOMÍA,2,A,MACROECONOMÍA,2026-03-26 17:45:00,2026-08-02 18:49:00,13,100.0,1,4,100.0,100.0,97.33,11,4,17,Aprobado,0
69324cdb504a,3085,01/2026C1/P/04/120-03/2/000176-2A,2026C1,04/120-03,ECONOMÍA,2,A,MICROECONOMÍA,2026-04-06 19:34:00,2026-08-07 18:02:00,13,100.0,1,4,100.0,100.0,99.31,22,0,19,Aprobado,0
69324cdb504a,3086,01/2026C1/P/04/120-03/2/000110-2A,2026C1,04/120-03,ECONOMÍA,2,A,ESTADÍSTICA,2026-03-20 17:56:00,2026-08-04 18:43:00,13,100.0,0,4,100.0,100.0,98.15,5,2,17,Aprobado,0
69324cdb504a,3087,01/2026C1/P/04/120-03/2/000165-2A,2026C1,04/120-03,ECONOMÍA,2,A,METODOLOGÍA DE LA INVESTIGACIÓN,2026-03-17 18:36:00,2026-07-30 19:21:00,13,100.0,2,4,100.0,97.5,98.62,2,7,18,Aprobado,0
f27a2b7924a2,3024,01/2026C1/P/05/167-02/4/000209-4A,2026C1,05/167-02,PSICOLOGÍA,4,A,PSICOLOGÍA GENERAL,2026-03-26 23:40:00,2026-06-14 23:51:00,13,53.85,1,4,100.0,77.04,40.51,11,53,23,Reprobado,1
f27a2b7924a2,3025,01/2026C1/P/05/167-02/4/000110-4A,2026C1,05/167-02,PSICOLOGÍA,4,A,ESTADÍSTICA,2026-04-02 00:23:00,2026-04-26 22:57:00,13,15.38,0,4,25.0,12.63,7.79,18,102,0,Reprobado,1
f27a2b7924a2,3026,01/2026C1/P/05/167-02/4/000187-4A,2026C1,05/167-02,PSICOLOGÍA,4,A,NEUROCIENCIAS,2026-04-02 23:37:00,2026-05-26 23:19:00,13,23.08,0,4,75.0,59.26,18.84,18,72,23,Reprobado,1
f27a2b7924a2,3027,01/2026C1/P/05/167-02/4/000165-4A,2026C1,05/167-02,PSICOLOGÍA,4,A,METODOLOGÍA DE LA INVESTIGACIÓN,2026-03-27 23:46:00,2026-06-13 00:21:00,13,46.15,0,4,75.0,59.36,37.88,12,54,23,Reprobado,1
e303d4a06d38,3072,01/2026C1/P/01/188-01/4/000011-4A,2026C1,01/188-01,ENFERMERÍA,4,A,ANATOMÍA HUMANA,2026-03-20 18:40:00,2026-08-03 18:55:00,13,100.0,2,4,100.0,97.56,92.75,5,3,18,Aprobado,0
e303d4a06d38,3073,01/2026C1/P/01/188-01/4/000055-4A,2026C1,01/188-01,ENFERMERÍA,4,A,CUIDADO BÁSICO,2026-03-28 17:20:00,2026-07-31 18:21:00,13,100.0,1,4,100.0,70.59,79.61,13,6,17,Aprobado,0
e303d4a06d38,3074,01/2026C1/P/01/188-01/4/000121-4A,2026C1,01/188-01,ENFERMERÍA,4,A,FARMACOLOGÍA,2026-03-17 19:40:00,2026-08-05 17:00:00,13,100.0,1,4,100.0,86.95,85.02,2,1,19,Aprobado,0
e303d4a06d38,3075,01/2026C1/P/01/188-01/4/000165-4A,2026C1,01/188-01,ENFERMERÍA,4,A,METODOLOGÍA DE LA INVESTIGACIÓN,2026-03-25 17:16:00,2026-08-06 18:22:00,13,92.31,4,4,100.0,75.95,70.32,10,0,17,Aprobado,0
56045f9f91de,3076,01/2026C1/P/01/101-01/4/000011-4B,2026C1,01/101-01,MEDICINA,4,B,ANATOMÍA HUMANA,2026-03-15 22:58:00,2026-07-29 22:47:00,13,100.0,1,4,100.0,84.21,81.31,0,8,22,Aprobado,0
56045f9f91de,3077,01/2026C1/P/01/101-01/4/000033-4B,2026C1,01/101-01,MEDICINA,4,B,BIOQUÍMICA,2026-03-24 00:02:00,2026-08-05 23:25:00,13,100.0,2,4,100.0,79.96,77.3,9,1,0,Aprobado,0
56045f9f91de,3078,01/2026C1/P/01/101-01/4/000132-4B,2026C1,01/101-01,MEDICINA,4,B,FISIOLOGÍA,2026-03-24 00:06:00,2026-08-04 22:10:00,13,92.31,3,4,100.0,83.02,76.51,9,2,0,Aprobado,0
56045f9f91de,3079,01/2026C1/P/01/101-01/4/000165-4B,2026C1,01/101-01,MEDICINA,4,B,METODOLOGÍA DE LA INVESTIGACIÓN,2026-03-19 00:16:00,2026-08-02 23:20:00,13,92.31,0,4,100.0,73.62,76.81,4,4,0,Aprobado,0
dd72b58c1dab,3220,01/2026C1/P/04/120-03/5/000143-5B,2026C1,04/120-03,ECONOMÍA,5,B,MACROECONOMÍA,2026-03-25 17:10:00,2026-07-31 17:19:00,13,100.0,2,4,100.0,75.46,81.09,10,6,17,Aprobado,0
dd72b58c1dab,3221,01/2026C1/P/04/120-03/5/000176-5B,2026C1,04/120-03,ECONOMÍA,5,B,MICROECONOMÍA,2026-03-15 17:04:00,2026-08-02 17:58:00,13,100.0,2,4,100.0,83.55,82.31,0,4,17,Aprobado,0
dd72b58c1dab,3222,01/2026C1/P/04/120-03/5/000110-5B,2026C1,04/120-03,ECONOMÍA,5,B,ESTADÍSTICA,2026-03-17 18:07:00,2026-07-30 17:56:00,13,100.0,2,4,100.0,89.03,91.32,2,7,18,Aprobado,0
dd72b58c1dab,3223,01/2026C1/P/04/120-03/5/000165-5B,2026C1,04/120-03,ECONOMÍA,5,B,METODOLOGÍA DE LA INVESTIGACIÓN,2026-03-17 20:09:00,2026-08-04 19:26:00,13,92.31,1,4,100.0,88.04,83.25,2,2,20,Aprobado,0
8973a11889a1,3248,01/2026C1/P/01/188-01/1/000011-1B,2026C1,01/188-01,ENFERMERÍA,1,B,ANATOMÍA HUMANA,2026-04-05 22:21:00,2026-07-30 23:14:00,13,61.54,1,4,50.0,42.39,49.95,21,7,22,Reprobado,1
8973a11889a1,3249,01/2026C1/P/01/188-01/1/000055-1B,2026C1,01/188-01,ENFERMERÍA,1,B,CUIDADO BÁSICO,2026-03-20 00:20:00,2026-08-06 00:54:00,13,100.0,3,4,100.0,86.3,85.9,5,0,0,Aprobado,0
8973a11889a1,3250,01/2026C1/P/01/188-01/1/000121-1B,2026C1,01/188-01,ENFERMERÍA,1,B,FARMACOLOGÍA,2026-03-24 23:53:00,2026-08-01 23:11:00,13,100.0,1,4,100.0,67.8,81.78,9,5,23,Aprobado,0
8973a11889a1,3251,01/2026C1/P/01/188-01/1/000165-1B,2026C1,01/188-01,ENFERMERÍA,1,B,METODOLOGÍA DE LA INVESTIGACIÓN,2026-03-16 23:14:00,2026-08-07 01:48:00,13,100.0,3,4,100.0,87.33,84.54,1,0,23,Aprobado,0
54e946470520,3256,01/2026C1/P/02/145-01/3/000077-3A,2026C1,02/145-01,DERECHO,3,A,DERECHO CIVIL,2026-03-16 22:00:00,2026-08-01 23:12:00,13,100.0,2,4,100.0,80.12,79.01,1,5,22,Aprobado,0
54e946470520,3257,01/2026C1/P/02/145-01/3/000099-3A,2026C1,02/145-01,DERECHO,3,A,DERECHO PENAL,2026-03-16 00:44:00,2026-07-30 22:41:00,13,92.31,1,4,100.0,69.06,66.56,1,7,0,Reprobado,1
54e946470520,3258,01/2026C1/P/02/145-01/3/000088-3A,2026C1,02/145-01,DERECHO,3,A,DERECHO CONSTITUCIONAL,2026-03-18 23:39:00,2026-08-01 22:52:00,13,92.31,1,4,100.0,73.48,74.85,3,5,23,Aprobado,0
54e946470520,3259,01/2026C1/P/02/145-01/3/000165-3A,2026C1,02/145-01,DERECHO,3,A,METODOLOGÍA DE LA INVESTIGACIÓN,2026-03-15 22:24:00,2026-08-07 22:54:00,13,92.31,0,4,100.0,77.89,80.89,0,0,22,Aprobado,0
d933dfda0734,3136,01/2026C1/P/01/188-01/1/000011-1A,2026C1,01/188-01,ENFERMERÍA,1,A,ANATOMÍA HUMANA,2026-03-20 22:52:00,2026-08-05 00:04:00,13,100.0,5,4,100.0,64.25,64.24,5,1,22,Reprobado,1
d933dfda0734,3137,01/2026C1/P/01/188-01/1/000055-1A,2026C1,01/188-01,ENFERMERÍA,1,A,CUIDADO BÁSICO,2026-03-17 22:47:00,2026-08-01 22:15:00,13,100.0,5,4,100.0,66.83,76.53,2,5,22,Aprobado,0
d933dfda0734,3138,01/2026C1/P/01/188-01/1/000121-1A,2026C1,01/188-01,ENFERMERÍA,1,A,FARMACOLOGÍA,2026-03-19 01:27:00,2026-08-06 00:04:00,13,92.31,2,4,100.0,74.57,74.03,4,0,1,Aprobado,0
d933dfda0734,3139,01/2026C1/P/01/188-01/1/000165-1A,2026C1,01/188-01,ENFERMERÍA,1,A,METODOLOGÍA DE LA INVESTIGACIÓN,2026-03-18 22:46:00,2026-08-04 01:08:00,13,100.0,1,4,100.0,86.18,82.5,3,2,22,Aprobado,0
ed27a6d9e220,3056,01/2026C1/P/04/132-02/5/000044-5B,2026C1,04/132-02,CONTABILIDAD Y AUDITORÍA,5,B,CONTABILIDAD GENERAL,2026-03-29 00:34:00,2026-08-05 01:07:00,13,76.92,4,4,100.0,70.08,52.82,14,1,0,Reprobado,1
ed27a6d9e220,3057,01/2026C1/P/04/132-02/5/000154-5B,2026C1,04/132-02,CONTABILIDAD Y AUDITORÍA,5,B,MATEMÁTICA FINANCIERA,2026-03-20 21:58:00,2026-08-07 01:35:00,13,69.23,0,4,75.0,40.25,43.01,5,0,21,Reprobado,1
ed27a6d9e220,3058,01/2026C1/P/04/132-02/5/000220-5B,2026C1,04/132-02,CONTABILIDAD Y AUDITORÍA,5,B,TRIBUTACIÓN,2026-03-22 00:02:00,2026-08-08 00:59:00,13,92.31,0,4,75.0,49.47,69.5,7,0,0,Reprobado,1
ed27a6d9e220,3059,01/2026C1/P/04/132-02/5/000165-5B,2026C1,04/132-02,CONTABILIDAD Y AUDITORÍA,5,B,METODOLOGÍA DE LA INVESTIGACIÓN,2026-04-10 22:51:00,2026-08-04 23:05:00,13,69.23,4,4,25.0,18.23,47.91,26,2,22,Reprobado,1
96df11e43d71,3180,01/2026C1/P/02/145-01/3/000077-3B,2026C1,02/145-01,DERECHO,3,B,DERECHO CIVIL,2026-03-17 18:12:00,2026-08-02 15:59:00,13,100.0,3,4,100.0,87.02,86.32,2,4,18,Aprobado,0
96df11e43d71,3181,01/2026C1/P/02/145-01/3/000099-3B,2026C1,02/145-01,DERECHO,3,B,DERECHO PENAL,2026-03-15 16:05:00,2026-08-01 16:15:00,13,100.0,4,4,100.0,77.73,79.3,0,5,16,Aprobado,0
96df11e43d71,3182,01/2026C1/P/02/145-01/3/000088-3B,2026C1,02/145-01,DERECHO,3,B,DERECHO CONSTITUCIONAL,2026-03-20 17:25:00,2026-07-30 16:05:00,13,100.0,2,4,100.0,95.27,92.61,5,7,17,Aprobado,0
96df11e43d71,3183,01/2026C1/P/02/145-01/3/000165-3B,2026C1,02/145-01,DERECHO,3,B,METODOLOGÍA DE LA INVESTIGACIÓN,2026-03-20 16:05:00,2026-07-30 16:00:00,13,92.31,1,4,75.0,68.52,76.3,5,7,16,Aprobado,0
60ccfcee74ca,3108,01/2026C1/P/05/167-02/3/000209-3B,2026C1,05/167-02,PSICOLOGÍA,3,B,PSICOLOGÍA GENERAL,2026-03-18 20:03:00,2026-08-01 19:25:00,13,100.0,4,4,100.0,94.7,94.67,3,5,20,Aprobado,0
60ccfcee74ca,3109,01/2026C1/P/05/167-02/3/000110-3B,2026C1,05/167-02,PSICOLOGÍA,3,B,ESTADÍSTICA,2026-03-18 18:27:00,2026-07-31 21:08:00,13,100.0,1,4,100.0,83.92,92.01,3,6,18,Aprobado,0
60ccfcee74ca,3110,01/2026C1/P/05/167-02/3/000187-3B,2026C1,05/167-02,PSICOLOGÍA,3,B,NEUROCIENCIAS,2026-03-15 20:42:00,2026-07-30 20:16:00,13,100.0,1,4,100.0,99.91,96.94,0,7,20,Aprobado,0
60ccfcee74ca,3111,01/2026C1/P/05/167-02/3/000165-3B,2026C1,05/167-02,PSICOLOGÍA,3,B,METODOLOGÍA DE LA INVESTIGACIÓN,2026-03-18 18:13:00,2026-08-06 20:09:00,13,100.0,0,4,100.0,89.78,90.57,3,0,18,Aprobado,0
c911660a94f8,3184,01/2026C1/P/04/120-03/5/000143-5A,2026C1,04/120-03,ECONOMÍA,5,A,MACROECONOMÍA,2026-03-15 19:18:00,2026-07-29 20:39:00,13,100.0,3,4,100.0,99.38,93.61,0,8,19,Aprobado,0
c911660a94f8,3185,01/2026C1/P/04/120-03/5/000176-5A,2026C1,04/120-03,ECONOMÍA,5,A,MICROECONOMÍA,2026-03-16 20:56:00,2026-07-30 19:07:00,13,100.0,3,4,100.0,96.5,96.15,1,7,20,Aprobado,0
c911660a94f8,3186,01/2026C1/P/04/120-03/5/000110-5A,2026C1,04/120-03,ECONOMÍA,5,A,ESTADÍSTICA,2026-03-16 19:42:00,2026-08-02 20:38:00,13,100.0,2,4,100.0,98.14,94.07,1,4,19,Aprobado,0
c911660a94f8,3187,01/2026C1/P/04/120-03/5/000165-5A,2026C1,04/120-03,ECONOMÍA,5,A,METODOLOGÍA DE LA INVESTIGACIÓN,2026-03-21 18:56:00,2026-08-06 19:25:00,13,100.0,1,4,100.0,91.08,95.86,6,0,18,Aprobado,0
fb5bffdeec2d,3232,01/2026C1/P/01/101-01/2/000011-2A,2026C1,01/101-01,MEDICINA,2,A,ANATOMÍA HUMANA,2026-04-05 20:19:00,2026-07-31 20:51:00,13,84.62,0,4,100.0,72.41,64.05,21,6,20,Reprobado,1
fb5bffdeec2d,3233,01/2026C1/P/01/101-01/2/000033-2A,2026C1,01/101-01,MEDICINA,2,A,BIOQUÍMICA,2026-03-15 20:09:00,2026-08-04 17:45:00,13,92.31,2,4,75.0,41.68,63.39,0,2,20,Reprobado,1
fb5bffdeec2d,3234,01/2026C1/P/01/101-01/2/000132-2A,2026C1,01/101-01,MEDICINA,2,A,FISIOLOGÍA,2026-03-21 16:27:00,2026-08-04 18:38:00,13,84.62,2,4,100.0,76.51,63.17,6,2,16,Reprobado,1
fb5bffdeec2d,3235,01/2026C1/P/01/101-01/2/000165-2A,2026C1,01/101-01,MEDICINA,2,A,METODOLOGÍA DE LA INVESTIGACIÓN,2026-03-17 19:19:00,2026-08-06 18:08:00,13,100.0,3,4,100.0,72.5,75.51,2,0,19,Aprobado,0
8527fb16ea59,3068,01/2026C1/P/05/167-02/2/000209-2A,2026C1,05/167-02,PSICOLOGÍA,2,A,PSICOLOGÍA GENERAL,2026-03-21 13:21:00,2026-07-30 13:22:00,13,100.0,1,4,100.0,90.52,85.54,6,7,13,Aprobado,0
8527fb16ea59,3069,01/2026C1/P/05/167-02/2/000110-2A,2026C1,05/167-02,PSICOLOGÍA,2,A,ESTADÍSTICA,2026-03-16 14:08:00,2026-08-01 14:47:00,13,100.0,1,4,100.0,79.64,80.09,1,5,14,Aprobado,0
8527fb16ea59,3070,01/2026C1/P/05/167-02/2/000187-2A,2026C1,05/167-02,PSICOLOGÍA,2,A,NEUROCIENCIAS,2026-03-15 11:40:00,2026-08-04 12:17:00,13,92.31,1,4,75.0,70.44,79.44,0,2,11,Aprobado,0
8527fb16ea59,3071,01/2026C1/P/05/167-02/2/000165-2A,2026C1,05/167-02,PSICOLOGÍA,2,A,METODOLOGÍA DE LA INVESTIGACIÓN,2026-03-16 11:56:00,2026-08-07 11:35:00,13,100.0,2,4,100.0,76.66,83.83,1,0,11,Aprobado,0
4a25d001a600,3076,01/2026C1/P/01/101-01/4/000011-4B,2026C1,01/101-01,MEDICINA,4,B,ANATOMÍA HUMANA,2026-03-23 16:01:00,2026-07-29 16:11:00,13,100.0,1,4,100.0,82.97,87.93,8,8,16,Aprobado,0
4a25d001a600,3077,01/2026C1/P/01/101-01/4/000033-4B,2026C1,01/101-01,MEDICINA,4,B,BIOQUÍMICA,2026-03-16 15:08:00,2026-07-29 16:54:00,13,100.0,0,4,100.0,91.44,88.54,1,8,15,Aprobado,0
4a25d001a600,3078,01/2026C1/P/01/101-01/4/000132-4B,2026C1,01/101-01,MEDICINA,4,B,FISIOLOGÍA,2026-04-02 15:27:00,2026-07-30 15:36:00,13,100.0,1,4,100.0,97.1,97.31,18,7,15,Aprobado,0
4a25d001a600,3079,01/2026C1/P/01/101-01/4/000165-4B,2026C1,01/101-01,MEDICINA,4,B,METODOLOGÍA DE LA INVESTIGACIÓN,2026-03-17 17:25:00,2026-08-06 15:35:00,13,100.0,0,4,100.0,91.08,92.2,2,0,17,Aprobado,0
114192ffdd87,3064,01/2026C1/P/03/210-01/2/000066-2A,2026C1,03/210-01,INGENIERÍA DE SOFTWARE,2,A,CÁLCULO DIFERENCIAL,2026-05-03 20:30:00,2026-08-01 21:44:00,13,23.08,0,4,0.0,0.0,13.68,49,5,20,Reprobado,1
114192ffdd87,3065,01/2026C1/P/03/210-01/2/000198-2A,2026C1,03/210-01,INGENIERÍA DE SOFTWARE,2,A,PROGRAMACIÓN I,2026-03-15 20:57:00,2026-08-04 21:35:00,13,84.62,1,4,100.0,63.67,57.4,0,2,20,Reprobado,1
114192ffdd87,3066,01/2026C1/P/03/210-01/2/000022-2A,2026C1,03/210-01,INGENIERÍA DE SOFTWARE,2,A,BASE DE DATOS,2026-03-21 22:00:00,2026-08-07 23:27:00,13,100.0,2,4,100.0,88.09,72.21,6,0,22,Aprobado,0
114192ffdd87,3067,01/2026C1/P/03/210-01/2/000165-2A,2026C1,03/210-01,INGENIERÍA DE SOFTWARE,2,A,METODOLOGÍA DE LA INVESTIGACIÓN,2026-03-21 21:50:00,2026-07-29 20:59:00,13,69.23,2,4,50.0,33.02,47.7,6,8,21,Reprobado,1
97e3c5e9a502,3100,01/2026C1/P/01/101-01/5/000011-5B,2026C1,01/101-01,MEDICINA,5,B,ANATOMÍA HUMANA,2026-03-20 14:27:00,2026-08-01 12:40:00,13,100.0,1,4,100.0,93.68,91.33,5,5,14,Aprobado,0
97e3c5e9a502,3101,01/2026C1/P/01/101-01/5/000033-5B,2026C1,01/101-01,MEDICINA,5,B,BIOQUÍMICA,2026-03-15 14:02:00,2026-08-02 14:09:00,13,100.0,0,4,100.0,92.2,88.04,0,4,14,Aprobado,0
97e3c5e9a502,3102,01/2026C1/P/01/101-01/5/000132-5B,2026C1,01/101-01,MEDICINA,5,B,FISIOLOGÍA,2026-03-18 14:01:00,2026-07-31 12:09:00,13,100.0,3,4,100.0,92.97,93.66,3,6,14,Aprobado,0
97e3c5e9a502,3103,01/2026C1/P/01/101-01/5/000165-5B,2026C1,01/101-01,MEDICINA,5,B,METODOLOGÍA DE LA INVESTIGACIÓN,2026-03-20 14:29:00,2026-08-03 13:57:00,13,100.0,0,4,100.0,93.8,93.92,5,3,14,Aprobado,0
53a4f3d431d2,3120,01/2026C1/P/04/132-02/3/000044-3B,2026C1,04/132-02,CONTABILIDAD Y AUDITORÍA,3,B,CONTABILIDAD GENERAL,2026-03-23 20:14:00,2026-08-06 20:06:00,13,100.0,3,4,100.0,85.82,88.04,8,0,20,Aprobado,0
53a4f3d431d2,3121,01/2026C1/P/04/132-02/3/000154-3B,2026C1,04/132-02,CONTABILIDAD Y AUDITORÍA,3,B,MATEMÁTICA FINANCIERA,2026-03-16 23:18:00,2026-08-02 22:39:00,13,100.0,2,4,100.0,83.27,79.18,1,4,23,Aprobado,0
53a4f3d431d2,3122,01/2026C1/P/04/132-02/3/000220-3B,2026C1,04/132-02,CONTABILIDAD Y AUDITORÍA,3,B,TRIBUTACIÓN,2026-03-17 21:28:00,2026-07-31 22:09:00,13,100.0,0,4,100.0,92.21,91.24,2,6,21,Aprobado,0
53a4f3d431d2,3123,01/2026C1/P/04/132-02/3/000165-3B,2026C1,04/132-02,CONTABILIDAD Y AUDITORÍA,3,B,METODOLOGÍA DE LA INVESTIGACIÓN,2026-03-20 23:48:00,2026-08-05 21:32:00,13,84.62,2,4,75.0,58.96,64.78,5,1,23,Reprobado,1
9b3d354e5802,3224,01/2026C1/P/02/145-01/4/000077-4A,2026C1,02/145-01,DERECHO,4,A,DERECHO CIVIL,2026-03-16 17:43:00,2026-07-30 18:38:00,13,100.0,1,4,100.0,91.13,91.17,1,7,17,Aprobado,0
9b3d354e5802,3225,01/2026C1/P/02/145-01/4/000099-4A,2026C1,02/145-01,DERECHO,4,A,DERECHO PENAL,2026-03-17 18:16:00,2026-08-04 19:29:00,13,100.0,0,4,100.0,87.84,94.69,2,2,18,Aprobado,0
9b3d354e5802,3226,01/2026C1/P/02/145-01/4/000088-4A,2026C1,02/145-01,DERECHO,4,A,DERECHO CONSTITUCIONAL,2026-03-15 19:10:00,2026-08-07 18:01:00,13,100.0,1,4,100.0,87.8,93.47,0,0,19,Aprobado,0
9b3d354e5802,3227,01/2026C1/P/02/145-01/4/000165-4A,2026C1,02/145-01,DERECHO,4,A,METODOLOGÍA DE LA INVESTIGACIÓN,2026-03-25 18:11:00,2026-08-06 18:36:00,13,100.0,1,4,100.0,97.31,94.81,10,0,18,Aprobado,0
72bc682b538a,3076,01/2026C1/P/01/101-01/4/000011-4B,2026C1,01/101-01,MEDICINA,4,B,ANATOMÍA HUMANA,2026-04-03 21:38:00,2026-04-25 22:32:00,13,30.77,1,4,75.0,49.82,19.58,19,103,21,Reprobado,1
72bc682b538a,3077,01/2026C1/P/01/101-01/4/000033-4B,2026C1,01/101-01,MEDICINA,4,B,BIOQUÍMICA,2026-03-18 22:28:00,2026-04-22 20:47:00,13,23.08,0,4,75.0,65.53,20.59,3,106,22,Reprobado,1
72bc682b538a,3078,01/2026C1/P/01/101-01/4/000132-4B,2026C1,01/101-01,MEDICINA,4,B,FISIOLOGÍA,2026-03-24 20:12:00,2026-05-23 20:49:00,13,38.46,0,4,100.0,84.22,30.5,9,75,20,Reprobado,1
72bc682b538a,3079,01/2026C1/P/01/101-01/4/000165-4B,2026C1,01/101-01,MEDICINA,4,B,METODOLOGÍA DE LA INVESTIGACIÓN,2026-03-18 20:02:00,2026-05-08 21:40:00,13,30.77,0,4,100.0,91.96,29.59,3,90,20,Reprobado,1
ad2378d8fff6,3220,01/2026C1/P/04/120-03/5/000143-5B,2026C1,04/120-03,ECONOMÍA,5,B,MACROECONOMÍA,2026-03-19 20:00:00,2026-08-01 19:04:00,13,100.0,2,4,100.0,83.04,81.72,4,5,20,Aprobado,0
ad2378d8fff6,3221,01/2026C1/P/04/120-03/5/000176-5B,2026C1,04/120-03,ECONOMÍA,5,B,MICROECONOMÍA,2026-03-23 18:35:00,2026-07-29 18:58:00,13,100.0,3,4,100.0,78.31,79.15,8,8,18,Aprobado,0
ad2378d8fff6,3222,01/2026C1/P/04/120-03/5/000110-5B,2026C1,04/120-03,ECONOMÍA,5,B,ESTADÍSTICA,2026-03-26 19:59:00,2026-07-30 20:04:00,13,92.31,3,4,100.0,70.43,65.45,11,7,19,Reprobado,1
ad2378d8fff6,3223,01/2026C1/P/04/120-03/5/000165-5B,2026C1,04/120-03,ECONOMÍA,5,B,METODOLOGÍA DE LA INVESTIGACIÓN,2026-03-15 20:00:00,2026-08-03 19:40:00,13,100.0,5,4,100.0,84.36,81.59,0,3,20,Aprobado,0
43267da90011,3160,01/2026C1/P/05/167-02/5/000209-5A,2026C1,05/167-02,PSICOLOGÍA,5,A,PSICOLOGÍA GENERAL,2026-03-20 17:22:00,2026-07-29 18:20:00,13,100.0,2,4,100.0,89.26,87.52,5,8,17,Aprobado,0
43267da90011,3161,01/2026C1/P/05/167-02/5/000110-5A,2026C1,05/167-02,PSICOLOGÍA,5,A,ESTADÍSTICA,2026-03-16 16:16:00,2026-08-03 15:07:00,13,100.0,1,4,100.0,95.33,89.26,1,3,16,Aprobado,0
43267da90011,3162,01/2026C1/P/05/167-02/5/000187-5A,2026C1,05/167-02,PSICOLOGÍA,5,A,NEUROCIENCIAS,2026-03-19 15:19:00,2026-08-01 16:00:00,13,92.31,2,4,100.0,89.72,79.91,4,5,15,Aprobado,0
43267da90011,3163,01/2026C1/P/05/167-02/5/000165-5A,2026C1,05/167-02,PSICOLOGÍA,5,A,METODOLOGÍA DE LA INVESTIGACIÓN,2026-03-19 16:54:00,2026-08-05 16:01:00,13,100.0,3,4,100.0,94.32,87.59,4,1,16,Aprobado,0
dda35d1d4c46,3172,01/2026C1/P/01/188-01/5/000011-5A,2026C1,01/188-01,ENFERMERÍA,5,A,ANATOMÍA HUMANA,2026-03-20 00:15:00,2026-07-30 22:16:00,13,100.0,1,4,100.0,84.89,82.29,5,7,0,Aprobado,0
dda35d1d4c46,3173,01/2026C1/P/01/188-01/5/000055-5A,2026C1,01/188-01,ENFERMERÍA,5,A,CUIDADO BÁSICO,2026-03-25 22:54:00,2026-08-05 23:27:00,13,92.31,2,4,75.0,63.74,76.28,10,1,22,Aprobado,0
dda35d1d4c46,3174,01/2026C1/P/01/188-01/5/000121-5A,2026C1,01/188-01,ENFERMERÍA,5,A,FARMACOLOGÍA,2026-03-16 23:25:00,2026-08-05 23:50:00,13,100.0,4,4,100.0,83.71,77.9,1,1,23,Aprobado,0
dda35d1d4c46,3175,01/2026C1/P/01/188-01/5/000165-5A,2026C1,01/188-01,ENFERMERÍA,5,A,METODOLOGÍA DE LA INVESTIGACIÓN,2026-03-15 22:35:00,2026-08-01 22:09:00,13,100.0,2,4,100.0,81.59,83.69,0,5,22,Aprobado,0
eb9937dbc3e1,3096,01/2026C1/P/02/145-01/2/000077-2B,2026C1,02/145-01,DERECHO,2,B,DERECHO CIVIL,2026-04-06 21:15:00,2026-08-06 21:50:00,13,84.62,3,4,50.0,43.24,67.33,22,0,21,Reprobado,1
eb9937dbc3e1,3097,01/2026C1/P/02/145-01/2/000099-2B,2026C1,02/145-01,DERECHO,2,B,DERECHO PENAL,2026-04-13 22:22:00,2026-08-07 21:37:00,13,84.62,2,4,100.0,78.13,63.65,29,0,22,Reprobado,1
eb9937dbc3e1,3098,01/2026C1/P/02/145-01/2/000088-2B,2026C1,02/145-01,DERECHO,2,B,DERECHO CONSTITUCIONAL,2026-03-18 21:51:00,2026-07-29 20:50:00,13,100.0,1,4,100.0,90.15,76.95,3,8,21,Aprobado,0
eb9937dbc3e1,3099,01/2026C1/P/02/145-01/2/000165-2B,2026C1,02/145-01,DERECHO,2,B,METODOLOGÍA DE LA INVESTIGACIÓN,2026-04-02 21:50:00,2026-08-04 22:23:00,13,92.31,1,4,75.0,64.17,75.18,18,2,21,Aprobado,0
6bb0d1a96b85,3020,01/2026C1/P/03/210-01/3/000066-3A,2026C1,03/210-01,INGENIERÍA DE SOFTWARE,3,A,CÁLCULO DIFERENCIAL,2026-03-16 19:13:00,2026-08-07 20:11:00,13,100.0,2,4,100.0,74.95,82.12,1,0,19,Aprobado,0
6bb0d1a96b85,3021,01/2026C1/P/03/210-01/3/000198-3A,2026C1,03/210-01,INGENIERÍA DE SOFTWARE,3,A,PROGRAMACIÓN I,2026-03-25 20:01:00,2026-07-29 19:25:00,13,61.54,4,4,75.0,54.4,39.71,10,8,20,Reprobado,1
6bb0d1a96b85,3022,01/2026C1/P/03/210-01/3/000022-3A,2026C1,03/210-01,INGENIERÍA DE SOFTWARE,3,A,BASE DE DATOS,2026-04-04 19:31:00,2026-08-01 19:37:00,13,76.92,2,4,100.0,78.61,53.82,20,5,19,Reprobado,1
6bb0d1a96b85,3023,01/2026C1/P/03/210-01/3/000165-3A,2026C1,03/210-01,INGENIERÍA DE SOFTWARE,3,A,METODOLOGÍA DE LA INVESTIGACIÓN,2026-03-16 18:44:00,2026-07-31 20:45:00,13,100.0,2,4,100.0,86.66,81.95,1,6,18,Aprobado,0
e0c3a859feba,3188,01/2026C1/P/02/145-01/5/000077-5A,2026C1,02/145-01,DERECHO,5,A,DERECHO CIVIL,2026-03-17 23:43:00,2026-08-02 23:54:00,13,100.0,1,4,100.0,89.68,89.27,2,4,23,Aprobado,0
e0c3a859feba,3189,01/2026C1/P/02/145-01/5/000099-5A,2026C1,02/145-01,DERECHO,5,A,DERECHO PENAL,2026-03-18 00:16:00,2026-08-02 22:18:00,13,100.0,0,4,100.0,96.85,93.67,3,4,0,Aprobado,0
e0c3a859feba,3190,01/2026C1/P/02/145-01/5/000088-5A,2026C1,02/145-01,DERECHO,5,A,DERECHO CONSTITUCIONAL,2026-03-17 22:57:00,2026-08-05 22:58:00,13,100.0,1,4,100.0,83.25,93.2,2,1,22,Aprobado,0
e0c3a859feba,3191,01/2026C1/P/02/145-01/5/000165-5A,2026C1,02/145-01,DERECHO,5,A,METODOLOGÍA DE LA INVESTIGACIÓN,2026-03-17 21:37:00,2026-08-08 01:09:00,13,92.31,0,4,100.0,92.04,83.54,2,0,21,Aprobado,0
8134e7cee6c4,3128,01/2026C1/P/01/188-01/2/000011-2B,2026C1,01/188-01,ENFERMERÍA,2,B,ANATOMÍA HUMANA,2026-03-17 21:03:00,2026-08-05 20:21:00,13,100.0,5,4,100.0,88.13,77.52,2,1,21,Aprobado,0
8134e7cee6c4,3129,01/2026C1/P/01/188-01/2/000055-2B,2026C1,01/188-01,ENFERMERÍA,2,B,CUIDADO BÁSICO,2026-03-28 20:25:00,2026-08-03 22:08:00,13,100.0,1,4,100.0,85.85,82.24,13,3,20,Aprobado,0
8134e7cee6c4,3130,01/2026C1/P/01/188-01/2/000121-2B,2026C1,01/188-01,ENFERMERÍA,2,B,FARMACOLOGÍA,2026-03-23 21:07:00,2026-07-31 20:41:00,13,92.31,1,4,100.0,68.92,61.98,8,6,21,Reprobado,1
8134e7cee6c4,3131,01/2026C1/P/01/188-01/2/000165-2B,2026C1,01/188-01,ENFERMERÍA,2,B,METODOLOGÍA DE LA INVESTIGACIÓN,2026-03-30 20:19:00,2026-07-31 19:06:00,13,69.23,4,4,75.0,58.84,50.76,15,6,20,Reprobado,1
297c8aa72675,3164,01/2026C1/P/01/101-01/3/000011-3B,2026C1,01/101-01,MEDICINA,3,B,ANATOMÍA HUMANA,2026-03-28 18:09:00,2026-08-01 19:00:00,13,100.0,3,4,100.0,74.86,77.39,13,5,18,Aprobado,0
297c8aa72675,3165,01/2026C1/P/01/101-01/3/000033-3B,2026C1,01/101-01,MEDICINA,3,B,BIOQUÍMICA,2026-03-16 21:16:00,2026-08-01 17:18:00,13,100.0,2,4,100.0,79.26,68.07,1,5,21,Reprobado,1
297c8aa72675,3166,01/2026C1/P/01/101-01/3/000132-3B,2026C1,01/101-01,MEDICINA,3,B,FISIOLOGÍA,2026-03-24 20:13:00,2026-08-05 19:33:00,13,84.62,0,4,75.0,58.73,68.07,9,1,20,Reprobado,1
297c8aa72675,3167,01/2026C1/P/01/101-01/3/000165-3B,2026C1,01/101-01,MEDICINA,3,B,METODOLOGÍA DE LA INVESTIGACIÓN,2026-03-19 20:06:00,2026-08-07 22:11:00,13,84.62,6,4,100.0,78.35,64.74,4,0,20,Reprobado,1
21bbbc9dabb8,3172,01/2026C1/P/01/188-01/5/000011-5A,2026C1,01/188-01,ENFERMERÍA,5,A,ANATOMÍA HUMANA,2026-03-15 22:05:00,2026-08-04 21:51:00,13,92.31,2,4,75.0,57.24,74.67,0,2,22,Aprobado,0
21bbbc9dabb8,3173,01/2026C1/P/01/188-01/5/000055-5A,2026C1,01/188-01,ENFERMERÍA,5,A,CUIDADO BÁSICO,2026-03-24 21:27:00,2026-08-01 22:01:00,13,100.0,4,4,100.0,77.14,77.26,9,5,21,Aprobado,0
21bbbc9dabb8,3174,01/2026C1/P/01/188-01/5/000121-5A,2026C1,01/188-01,ENFERMERÍA,5,A,FARMACOLOGÍA,2026-03-22 23:05:00,2026-08-06 22:41:00,13,84.62,1,4,75.0,48.92,57.24,7,0,23,Reprobado,1
21bbbc9dabb8,3175,01/2026C1/P/01/188-01/5/000165-5A,2026C1,01/188-01,ENFERMERÍA,5,A,METODOLOGÍA DE LA INVESTIGACIÓN,2026-03-19 22:02:00,2026-08-01 21:19:00,13,76.92,3,4,75.0,57.85,61.01,4,5,22,Reprobado,1
eeb2f62b0be7,3064,01/2026C1/P/03/210-01/2/000066-2A,2026C1,03/210-01,INGENIERÍA DE SOFTWARE,2,A,CÁLCULO DIFERENCIAL,2026-03-15 21:04:00,2026-08-07 20:08:00,13,100.0,0,4,100.0,90.75,90.67,0,0,21,Aprobado,0
eeb2f62b0be7,3065,01/2026C1/P/03/210-01/2/000198-2A,2026C1,03/210-01,INGENIERÍA DE SOFTWARE,2,A,PROGRAMACIÓN I,2026-03-16 20:20:00,2026-08-06 20:42:00,13,100.0,2,4,100.0,91.26,92.01,1,0,20,Aprobado,0
eeb2f62b0be7,3066,01/2026C1/P/03/210-01/2/000022-2A,2026C1,03/210-01,INGENIERÍA DE SOFTWARE,2,A,BASE DE DATOS,2026-03-18 20:11:00,2026-08-06 21:00:00,13,100.0,0,4,100.0,93.66,94.95,3,0,20,Aprobado,0
eeb2f62b0be7,3067,01/2026C1/P/03/210-01/2/000165-2A,2026C1,03/210-01,INGENIERÍA DE SOFTWARE,2,A,METODOLOGÍA DE LA INVESTIGACIÓN,2026-03-20 19:24:00,2026-08-07 18:39:00,13,100.0,0,4,100.0,85.07,90.88,5,0,19,Aprobado,0
b136fe16770d,3168,01/2026C1/P/04/120-03/3/000143-3A,2026C1,04/120-03,ECONOMÍA,3,A,MACROECONOMÍA,2026-03-19 17:45:00,2026-08-05 17:30:00,13,100.0,3,4,100.0,92.4,92.55,4,1,17,Aprobado,0
b136fe16770d,3169,01/2026C1/P/04/120-03/3/000176-3A,2026C1,04/120-03,ECONOMÍA,3,A,MICROECONOMÍA,2026-03-22 16:23:00,2026-08-01 18:21:00,13,100.0,3,4,100.0,93.21,90.39,7,5,16,Aprobado,0
b136fe16770d,3170,01/2026C1/P/04/120-03/3/000110-3A,2026C1,04/120-03,ECONOMÍA,3,A,ESTADÍSTICA,2026-03-15 17:58:00,2026-08-05 17:42:00,13,100.0,0,4,100.0,87.62,88.23,0,1,17,Aprobado,0
b136fe16770d,3171,01/2026C1/P/04/120-03/3/000165-3A,2026C1,04/120-03,ECONOMÍA,3,A,METODOLOGÍA DE LA INVESTIGACIÓN,2026-03-26 17:34:00,2026-08-07 18:08:00,13,100.0,1,4,100.0,92.22,90.31,11,0,17,Aprobado,0
50e920d6ba17,3164,01/2026C1/P/01/101-01/3/000011-3B,2026C1,01/101-01,MEDICINA,3,B,ANATOMÍA HUMANA,2026-03-18 21:51:00,2026-08-07 21:59:00,13,69.23,0,4,75.0,43.42,45.15,3,0,21,Reprobado,1
50e920d6ba17,3165,01/2026C1/P/01/101-01/3/000033-3B,2026C1,01/101-01,MEDICINA,3,B,BIOQUÍMICA,2026-04-19 23:29:00,2026-08-05 22:33:00,13,76.92,1,4,25.0,16.61,58.15,35,1,23,Reprobado,1
50e920d6ba17,3166,01/2026C1/P/01/101-01/3/000132-3B,2026C1,01/101-01,MEDICINA,3,B,FISIOLOGÍA,2026-03-20 00:46:00,2026-08-05 01:16:00,13,69.23,0,4,75.0,46.76,43.17,5,1,0,Reprobado,1
50e920d6ba17,3167,01/2026C1/P/01/101-01/3/000165-3B,2026C1,01/101-01,MEDICINA,3,B,METODOLOGÍA DE LA INVESTIGACIÓN,2026-03-15 22:50:00,2026-08-03 22:32:00,13,100.0,1,4,100.0,79.84,76.05,0,3,22,Aprobado,0
a84ffbbfaf9f,3064,01/2026C1/P/03/210-01/2/000066-2A,2026C1,03/210-01,INGENIERÍA DE SOFTWARE,2,A,CÁLCULO DIFERENCIAL,2026-03-17 00:25:00,2026-07-29 23:11:00,13,92.31,1,4,100.0,64.27,63.01,2,8,0,Reprobado,1
a84ffbbfaf9f,3065,01/2026C1/P/03/210-01/2/000198-2A,2026C1,03/210-01,INGENIERÍA DE SOFTWARE,2,A,PROGRAMACIÓN I,2026-03-17 23:07:00,2026-07-30 23:34:00,13,92.31,3,4,100.0,72.06,69.16,2,7,23,Reprobado,1
a84ffbbfaf9f,3066,01/2026C1/P/03/210-01/2/000022-2A,2026C1,03/210-01,INGENIERÍA DE SOFTWARE,2,A,BASE DE DATOS,2026-03-31 01:54:00,2026-08-02 00:05:00,13,92.31,1,4,100.0,77.37,72.67,16,4,1,Aprobado,0
a84ffbbfaf9f,3067,01/2026C1/P/03/210-01/2/000165-2A,2026C1,03/210-01,INGENIERÍA DE SOFTWARE,2,A,METODOLOGÍA DE LA INVESTIGACIÓN,2026-03-23 00:31:00,2026-08-05 00:59:00,13,100.0,2,4,100.0,79.56,80.18,8,1,0,Aprobado,0
4a9cb865a8ae,3068,01/2026C1/P/05/167-02/2/000209-2A,2026C1,05/167-02,PSICOLOGÍA,2,A,PSICOLOGÍA GENERAL,2026-03-17 20:57:00,2026-08-05 18:32:00,13,100.0,1,4,100.0,98.08,94.72,2,1,20,Aprobado,0
4a9cb865a8ae,3069,01/2026C1/P/05/167-02/2/000110-2A,2026C1,05/167-02,PSICOLOGÍA,2,A,ESTADÍSTICA,2026-03-18 18:27:00,2026-07-31 18:12:00,13,100.0,3,4,100.0,84.22,86.33,3,6,18,Aprobado,0
4a9cb865a8ae,3070,01/2026C1/P/05/167-02/2/000187-2A,2026C1,05/167-02,PSICOLOGÍA,2,A,NEUROCIENCIAS,2026-04-14 18:20:00,2026-07-30 18:46:00,13,100.0,2,4,100.0,96.91,94.92,30,7,18,Aprobado,0
4a9cb865a8ae,3071,01/2026C1/P/05/167-02/2/000165-2A,2026C1,05/167-02,PSICOLOGÍA,2,A,METODOLOGÍA DE LA INVESTIGACIÓN,2026-03-18 19:23:00,2026-08-04 18:30:00,13,92.31,2,4,100.0,96.82,89.15,3,2,19,Aprobado,0
ed1dc3e13734,3124,01/2026C1/P/01/101-01/1/000011-1A,2026C1,01/101-01,MEDICINA,1,A,ANATOMÍA HUMANA,2026-03-20 14:38:00,2026-07-31 15:42:00,13,100.0,3,4,100.0,87.98,87.1,5,6,14,Aprobado,0
ed1dc3e13734,3125,01/2026C1/P/01/101-01/1/000033-1A,2026C1,01/101-01,MEDICINA,1,A,BIOQUÍMICA,2026-03-22 17:27:00,2026-08-06 17:34:00,13,100.0,0,4,100.0,78.14,87.21,7,0,17,Aprobado,0
ed1dc3e13734,3126,01/2026C1/P/01/101-01/1/000132-1A,2026C1,01/101-01,MEDICINA,1,A,FISIOLOGÍA,2026-03-18 18:31:00,2026-08-05 16:01:00,13,100.0,3,4,100.0,94.18,94.4,3,1,18,Aprobado,0
ed1dc3e13734,3127,01/2026C1/P/01/101-01/1/000165-1A,2026C1,01/101-01,MEDICINA,1,A,METODOLOGÍA DE LA INVESTIGACIÓN,2026-03-15 15:24:00,2026-08-05 15:40:00,13,100.0,1,4,100.0,88.47,88.65,0,1,15,Aprobado,0
965f7a37b93d,3276,01/2026C1/P/05/167-02/1/000209-1B,2026C1,05/167-02,PSICOLOGÍA,1,B,PSICOLOGÍA GENERAL,2026-03-15 20:01:00,2026-08-03 22:20:00,13,100.0,1,4,100.0,96.72,91.42,0,3,20,Aprobado,0
965f7a37b93d,3277,01/2026C1/P/05/167-02/1/000110-1B,2026C1,05/167-02,PSICOLOGÍA,1,B,ESTADÍSTICA,2026-03-19 20:20:00,2026-07-31 19:52:00,13,100.0,5,4,100.0,78.89,77.44,4,6,20,Aprobado,0
965f7a37b93d,3278,01/2026C1/P/05/167-02/1/000187-1B,2026C1,05/167-02,PSICOLOGÍA,1,B,NEUROCIENCIAS,2026-03-15 20:25:00,2026-08-05 19:45:00,13,92.31,3,4,75.0,47.25,64.83,0,1,20,Reprobado,1
965f7a37b93d,3279,01/2026C1/P/05/167-02/1/000165-1B,2026C1,05/167-02,PSICOLOGÍA,1,B,METODOLOGÍA DE LA INVESTIGACIÓN,2026-03-15 19:47:00,2026-07-31 19:41:00,13,92.31,3,4,100.0,78.51,70.52,0,6,19,Aprobado,0
66e7e43888b7,3032,01/2026C1/P/01/101-01/3/000011-3A,2026C1,01/101-01,MEDICINA,3,A,ANATOMÍA HUMANA,2026-03-18 23:42:00,2026-08-03 22:41:00,13,100.0,4,4,100.0,61.62,57.95,3,3,23,Reprobado,1
66e7e43888b7,3033,01/2026C1/P/01/101-01/3/000033-3A,2026C1,01/101-01,MEDICINA,3,A,BIOQUÍMICA,2026-03-18 21:49:00,2026-08-06 00:44:00,13,100.0,2,4,100.0,65.61,61.58,3,0,21,Reprobado,1
66e7e43888b7,3034,01/2026C1/P/01/101-01/3/000132-3A,2026C1,01/101-01,MEDICINA,3,A,FISIOLOGÍA,2026-03-16 01:26:00,2026-07-30 23:43:00,13,100.0,0,4,100.0,80.25,75.82,1,7,1,Aprobado,0
66e7e43888b7,3035,01/2026C1/P/01/101-01/3/000165-3A,2026C1,01/101-01,MEDICINA,3,A,METODOLOGÍA DE LA INVESTIGACIÓN,2026-03-16 00:19:00,2026-08-03 00:34:00,13,92.31,1,4,100.0,79.74,72.81,1,3,0,Aprobado,0
c63bc8f4121d,3072,01/2026C1/P/01/188-01/4/000011-4A,2026C1,01/188-01,ENFERMERÍA,4,A,ANATOMÍA HUMANA,2026-03-23 19:06:00,2026-08-06 22:15:00,13,100.0,3,4,100.0,66.83,78.78,8,0,19,Aprobado,0
c63bc8f4121d,3073,01/2026C1/P/01/188-01/4/000055-4A,2026C1,01/188-01,ENFERMERÍA,4,A,CUIDADO BÁSICO,2026-03-28 21:51:00,2026-07-30 23:09:00,13,92.31,5,4,100.0,84.57,69.46,13,7,21,Reprobado,1
c63bc8f4121d,3074,01/2026C1/P/01/188-01/4/000121-4A,2026C1,01/188-01,ENFERMERÍA,4,A,FARMACOLOGÍA,2026-03-31 20:21:00,2026-08-03 20:34:00,13,76.92,1,4,100.0,80.34,58.88,16,3,20,Reprobado,1
c63bc8f4121d,3075,01/2026C1/P/01/188-01/4/000165-4A,2026C1,01/188-01,ENFERMERÍA,4,A,METODOLOGÍA DE LA INVESTIGACIÓN,2026-03-16 20:09:00,2026-08-07 22:29:00,13,100.0,5,4,100.0,78.88,78.69,1,0,20,Aprobado,0
fd1b0ee30a91,3124,01/2026C1/P/01/101-01/1/000011-1A,2026C1,01/101-01,MEDICINA,1,A,ANATOMÍA HUMANA,2026-03-15 20:21:00,2026-08-02 20:07:00,13,76.92,5,4,75.0,45.27,46.84,0,4,20,Reprobado,1
fd1b0ee30a91,3125,01/2026C1/P/01/101-01/1/000033-1A,2026C1,01/101-01,MEDICINA,1,A,BIOQUÍMICA,2026-03-19 20:45:00,2026-08-07 20:42:00,13,84.62,4,4,100.0,73.83,60.36,4,0,20,Reprobado,1
fd1b0ee30a91,3126,01/2026C1/P/01/101-01/1/000132-1A,2026C1,01/101-01,MEDICINA,1,A,FISIOLOGÍA,2026-03-17 20:55:00,2026-07-30 19:47:00,13,69.23,2,4,100.0,68.43,50.37,2,7,20,Reprobado,1
fd1b0ee30a91,3127,01/2026C1/P/01/101-01/1/000165-1A,2026C1,01/101-01,MEDICINA,1,A,METODOLOGÍA DE LA INVESTIGACIÓN,2026-04-01 20:37:00,2026-08-03 19:32:00,13,69.23,1,4,100.0,67.7,45.61,17,3,20,Reprobado,1
831a6b0aa5b0,3116,01/2026C1/P/04/120-03/2/000143-2B,2026C1,04/120-03,ECONOMÍA,2,B,MACROECONOMÍA,2026-03-16 21:43:00,2026-08-05 20:01:00,13,100.0,0,4,100.0,93.6,93.45,1,1,21,Aprobado,0
831a6b0aa5b0,3117,01/2026C1/P/04/120-03/2/000176-2B,2026C1,04/120-03,ECONOMÍA,2,B,MICROECONOMÍA,2026-03-16 20:49:00,2026-07-31 18:50:00,13,100.0,2,4,100.0,92.77,90.09,1,6,20,Aprobado,0
831a6b0aa5b0,3118,01/2026C1/P/04/120-03/2/000110-2B,2026C1,04/120-03,ECONOMÍA,2,B,ESTADÍSTICA,2026-03-24 20:01:00,2026-07-30 20:34:00,13,100.0,1,4,100.0,99.0,91.68,9,7,20,Aprobado,0
831a6b0aa5b0,3119,01/2026C1/P/04/120-03/2/000165-2B,2026C1,04/120-03,ECONOMÍA,2,B,METODOLOGÍA DE LA INVESTIGACIÓN,2026-03-19 19:54:00,2026-07-30 18:48:00,13,100.0,2,4,100.0,88.6,89.93,4,7,19,Aprobado,0
450c5ef71631,3216,01/2026C1/P/03/210-01/4/000066-4A,2026C1,03/210-01,INGENIERÍA DE SOFTWARE,4,A,CÁLCULO DIFERENCIAL,2026-03-21 22:42:00,2026-08-06 23:56:00,13,92.31,1,4,100.0,66.84,68.64,6,0,22,Reprobado,1
450c5ef71631,3217,01/2026C1/P/03/210-01/4/000198-4A,2026C1,03/210-01,INGENIERÍA DE SOFTWARE,4,A,PROGRAMACIÓN I,2026-03-17 22:20:00,2026-08-06 23:19:00,13,100.0,3,4,100.0,76.3,71.0,2,0,22,Aprobado,0
450c5ef71631,3218,01/2026C1/P/03/210-01/4/000022-4A,2026C1,03/210-01,INGENIERÍA DE SOFTWARE,4,A,BASE DE DATOS,2026-03-17 23:08:00,2026-08-06 22:52:00,13,100.0,2,4,100.0,91.53,76.65,2,0,23,Aprobado,0
450c5ef71631,3219,01/2026C1/P/03/210-01/4/000165-4A,2026C1,03/210-01,INGENIERÍA DE SOFTWARE,4,A,METODOLOGÍA DE LA INVESTIGACIÓN,2026-03-17 20:10:00,2026-07-31 23:09:00,13,100.0,3,4,100.0,77.98,76.47,2,6,20,Aprobado,0
e0c6dbb9bd02,3052,01/2026C1/P/04/132-02/2/000044-2A,2026C1,04/132-02,CONTABILIDAD Y AUDITORÍA,2,A,CONTABILIDAD GENERAL,2026-03-20 20:29:00,2026-08-04 19:27:00,13,100.0,3,4,100.0,72.74,74.04,5,2,20,Aprobado,0
e0c6dbb9bd02,3053,01/2026C1/P/04/132-02/2/000154-2A,2026C1,04/132-02,CONTABILIDAD Y AUDITORÍA,2,A,MATEMÁTICA FINANCIERA,2026-03-15 22:19:00,2026-08-01 19:42:00,13,92.31,1,4,100.0,83.2,78.09,0,5,22,Aprobado,0
e0c6dbb9bd02,3054,01/2026C1/P/04/132-02/2/000220-2A,2026C1,04/132-02,CONTABILIDAD Y AUDITORÍA,2,A,TRIBUTACIÓN,2026-03-15 20:56:00,2026-07-30 20:22:00,13,100.0,2,4,100.0,84.22,84.79,0,7,20,Aprobado,0
e0c6dbb9bd02,3055,01/2026C1/P/04/132-02/2/000165-2A,2026C1,04/132-02,CONTABILIDAD Y AUDITORÍA,2,A,METODOLOGÍA DE LA INVESTIGACIÓN,2026-03-17 21:37:00,2026-08-03 20:59:00,13,100.0,0,4,100.0,82.36,88.81,2,3,21,Aprobado,0
7fb25c38dca4,3084,01/2026C1/P/04/120-03/2/000143-2A,2026C1,04/120-03,ECONOMÍA,2,A,MACROECONOMÍA,2026-03-26 19:26:00,2026-08-02 18:36:00,13,84.62,5,4,75.0,49.1,63.05,11,4,19,Reprobado,1
7fb25c38dca4,3085,01/2026C1/P/04/120-03/2/000176-2A,2026C1,04/120-03,ECONOMÍA,2,A,MICROECONOMÍA,2026-04-09 19:43:00,2026-08-05 17:42:00,13,69.23,2,4,50.0,45.26,57.85,25,1,19,Reprobado,1
7fb25c38dca4,3086,01/2026C1/P/04/120-03/2/000110-2A,2026C1,04/120-03,ECONOMÍA,2,A,ESTADÍSTICA,2026-03-23 19:38:00,2026-08-05 17:41:00,13,92.31,1,4,100.0,71.49,66.11,8,1,19,Reprobado,1
7fb25c38dca4,3087,01/2026C1/P/04/120-03/2/000165-2A,2026C1,04/120-03,ECONOMÍA,2,A,METODOLOGÍA DE LA INVESTIGACIÓN,2026-03-19 18:54:00,2026-07-29 20:36:00,13,100.0,3,4,100.0,84.54,90.33,4,8,18,Aprobado,0
307b722d924a,3176,01/2026C1/P/02/145-01/1/000077-1A,2026C1,02/145-01,DERECHO,1,A,DERECHO CIVIL,2026-03-18 18:04:00,2026-07-31 17:47:00,13,100.0,4,4,100.0,90.62,89.98,3,6,18,Aprobado,0
307b722d924a,3177,01/2026C1/P/02/145-01/1/000099-1A,2026C1,02/145-01,DERECHO,1,A,DERECHO PENAL,2026-03-17 17:47:00,2026-08-01 16:24:00,13,100.0,0,4,100.0,96.96,87.46,2,5,17,Aprobado,0
307b722d924a,3178,01/2026C1/P/02/145-01/1/000088-1A,2026C1,02/145-01,DERECHO,1,A,DERECHO CONSTITUCIONAL,2026-03-23 16:52:00,2026-08-03 16:39:00,13,84.62,1,4,100.0,84.24,71.6,8,3,16,Aprobado,0
307b722d924a,3179,01/2026C1/P/02/145-01/1/000165-1A,2026C1,02/145-01,DERECHO,1,A,METODOLOGÍA DE LA INVESTIGACIÓN,2026-03-15 17:02:00,2026-08-02 16:24:00,13,100.0,0,4,100.0,83.29,85.73,0,4,17,Aprobado,0
4af33de4926c,3048,01/2026C1/P/03/210-01/5/000066-5B,2026C1,03/210-01,INGENIERÍA DE SOFTWARE,5,B,CÁLCULO DIFERENCIAL,2026-03-19 18:51:00,2026-08-04 18:15:00,13,92.31,2,4,100.0,64.68,62.57,4,2,18,Reprobado,1
4af33de4926c,3049,01/2026C1/P/03/210-01/5/000198-5B,2026C1,03/210-01,INGENIERÍA DE SOFTWARE,5,B,PROGRAMACIÓN I,2026-03-24 19:56:00,2026-07-31 19:17:00,13,84.62,2,4,75.0,61.5,68.27,9,6,19,Reprobado,1
4af33de4926c,3050,01/2026C1/P/03/210-01/5/000022-5B,2026C1,03/210-01,INGENIERÍA DE SOFTWARE,5,B,BASE DE DATOS,2026-03-17 19:05:00,2026-07-29 19:08:00,13,100.0,2,4,100.0,88.34,89.43,2,8,19,Aprobado,0
4af33de4926c,3051,01/2026C1/P/03/210-01/5/000165-5B,2026C1,03/210-01,INGENIERÍA DE SOFTWARE,5,B,METODOLOGÍA DE LA INVESTIGACIÓN,2026-03-16 19:23:00,2026-07-30 20:52:00,13,92.31,3,4,75.0,54.44,71.18,1,7,19,Aprobado,0
7a7e8259929e,3276,01/2026C1/P/05/167-02/1/000209-1B,2026C1,05/167-02,PSICOLOGÍA,1,B,PSICOLOGÍA GENERAL,2026-03-17 21:40:00,2026-07-31 21:38:00,13,100.0,2,4,100.0,91.67,86.03,2,6,21,Aprobado,0
7a7e8259929e,3277,01/2026C1/P/05/167-02/1/000110-1B,2026C1,05/167-02,PSICOLOGÍA,1,B,ESTADÍSTICA,2026-03-20 21:39:00,2026-08-06 00:33:00,13,100.0,6,4,100.0,80.82,83.08,5,0,21,Aprobado,0
7a7e8259929e,3278,01/2026C1/P/05/167-02/1/000187-1B,2026C1,05/167-02,PSICOLOGÍA,1,B,NEUROCIENCIAS,2026-03-17 22:31:00,2026-07-30 22:24:00,13,100.0,0,4,100.0,87.41,89.68,2,7,22,Aprobado,0
7a7e8259929e,3279,01/2026C1/P/05/167-02/1/000165-1B,2026C1,05/167-02,PSICOLOGÍA,1,B,METODOLOGÍA DE LA INVESTIGACIÓN,2026-03-18 22:02:00,2026-08-07 21:48:00,13,92.31,1,4,75.0,65.46,76.47,3,0,22,Aprobado,0
60c19fde7819,3228,01/2026C1/P/05/167-02/4/000209-4B,2026C1,05/167-02,PSICOLOGÍA,4,B,PSICOLOGÍA GENERAL,2026-03-15 18:47:00,2026-08-03 18:31:00,13,100.0,1,4,100.0,90.3,90.99,0,3,18,Aprobado,0
60c19fde7819,3229,01/2026C1/P/05/167-02/4/000110-4B,2026C1,05/167-02,PSICOLOGÍA,4,B,ESTADÍSTICA,2026-03-16 19:24:00,2026-07-30 19:21:00,13,100.0,3,4,100.0,90.21,90.95,1,7,19,Aprobado,0
60c19fde7819,3230,01/2026C1/P/05/167-02/4/000187-4B,2026C1,05/167-02,PSICOLOGÍA,4,B,NEUROCIENCIAS,2026-03-16 19:12:00,2026-07-29 19:55:00,13,100.0,1,4,100.0,86.35,90.18,1,8,19,Aprobado,0
60c19fde7819,3231,01/2026C1/P/05/167-02/4/000165-4B,2026C1,05/167-02,PSICOLOGÍA,4,B,METODOLOGÍA DE LA INVESTIGACIÓN,2026-03-17 18:32:00,2026-07-29 20:15:00,13,100.0,2,4,100.0,86.95,88.4,2,8,18,Aprobado,0
eefdc9bdc745,3000,01/2026C1/P/03/210-01/1/000066-1A,2026C1,03/210-01,INGENIERÍA DE SOFTWARE,1,A,CÁLCULO DIFERENCIAL,2026-03-19 22:45:00,2026-08-05 21:03:00,13,84.62,1,4,50.0,26.44,48.49,4,1,22,Reprobado,1
eefdc9bdc745,3001,01/2026C1/P/03/210-01/1/000198-1A,2026C1,03/210-01,INGENIERÍA DE SOFTWARE,1,A,PROGRAMACIÓN I,2026-03-24 20:40:00,2026-07-29 21:41:00,13,69.23,2,4,50.0,29.91,43.54,9,8,20,Reprobado,1
eefdc9bdc745,3002,01/2026C1/P/03/210-01/1/000022-1A,2026C1,03/210-01,INGENIERÍA DE SOFTWARE,1,A,BASE DE DATOS,2026-03-21 21:49:00,2026-08-05 20:48:00,13,76.92,3,4,75.0,36.95,47.19,6,1,21,Reprobado,1
eefdc9bdc745,3003,01/2026C1/P/03/210-01/1/000165-1A,2026C1,03/210-01,INGENIERÍA DE SOFTWARE,1,A,METODOLOGÍA DE LA INVESTIGACIÓN,2026-03-17 19:48:00,2026-08-03 21:54:00,13,76.92,3,4,75.0,45.36,47.08,2,3,19,Reprobado,1
6aff5984ce38,3008,01/2026C1/P/01/101-01/2/000011-2B,2026C1,01/101-01,MEDICINA,2,B,ANATOMÍA HUMANA,2026-03-21 21:47:00,2026-07-30 00:08:00,13,92.31,5,4,100.0,72.7,62.87,6,7,21,Reprobado,1
6aff5984ce38,3009,01/2026C1/P/01/101-01/2/000033-2B,2026C1,01/101-01,MEDICINA,2,B,BIOQUÍMICA,2026-03-19 21:14:00,2026-07-30 21:46:00,13,76.92,3,4,75.0,42.89,44.63,4,7,21,Reprobado,1
6aff5984ce38,3010,01/2026C1/P/01/101-01/2/000132-2B,2026C1,01/101-01,MEDICINA,2,B,FISIOLOGÍA,2026-04-15 23:15:00,2026-08-08 01:03:00,13,92.31,1,4,100.0,72.74,69.68,31,0,23,Reprobado,1
6aff5984ce38,3011,01/2026C1/P/01/101-01/2/000165-2B,2026C1,01/101-01,MEDICINA,2,B,METODOLOGÍA DE LA INVESTIGACIÓN,2026-03-18 23:23:00,2026-08-06 23:01:00,13,100.0,2,4,100.0,79.72,81.98,3,0,23,Aprobado,0
5c424a60ca94,3032,01/2026C1/P/01/101-01/3/000011-3A,2026C1,01/101-01,MEDICINA,3,A,ANATOMÍA HUMANA,2026-03-23 17:25:00,2026-08-04 17:26:00,13,100.0,1,4,100.0,95.54,89.16,8,2,17,Aprobado,0
5c424a60ca94,3033,01/2026C1/P/01/101-01/3/000033-3A,2026C1,01/101-01,MEDICINA,3,A,BIOQUÍMICA,2026-03-17 14:59:00,2026-08-05 18:14:00,13,100.0,0,4,100.0,91.93,89.24,2,1,14,Aprobado,0
5c424a60ca94,3034,01/2026C1/P/01/101-01/3/000132-3A,2026C1,01/101-01,MEDICINA,3,A,FISIOLOGÍA,2026-03-20 17:09:00,2026-08-01 18:48:00,13,100.0,1,4,100.0,82.97,88.54,5,5,17,Aprobado,0
5c424a60ca94,3035,01/2026C1/P/01/101-01/3/000165-3A,2026C1,01/101-01,MEDICINA,3,A,METODOLOGÍA DE LA INVESTIGACIÓN,2026-03-17 18:27:00,2026-08-06 18:17:00,13,100.0,0,4,100.0,91.3,93.99,2,0,18,Aprobado,0
057c943153a0,3200,01/2026C1/P/04/120-03/4/000143-4A,2026C1,04/120-03,ECONOMÍA,4,A,MACROECONOMÍA,2026-03-18 18:53:00,2026-06-06 16:55:00,13,53.85,3,4,100.0,74.85,41.12,3,61,18,Reprobado,1
057c943153a0,3201,01/2026C1/P/04/120-03/4/000176-4A,2026C1,04/120-03,ECONOMÍA,4,A,MICROECONOMÍA,2026-03-16 18:36:00,2026-05-03 20:15:00,13,38.46,2,4,100.0,83.55,32.7,1,95,18,Reprobado,1
057c943153a0,3202,01/2026C1/P/04/120-03/4/000110-4A,2026C1,04/120-03,ECONOMÍA,4,A,ESTADÍSTICA,2026-04-01 18:11:00,2026-04-29 19:06:00,13,30.77,2,4,75.0,56.98,22.13,17,99,18,Reprobado,1
057c943153a0,3203,01/2026C1/P/04/120-03/4/000165-4A,2026C1,04/120-03,ECONOMÍA,4,A,METODOLOGÍA DE LA INVESTIGACIÓN,2026-03-17 20:08:00,2026-05-26 16:39:00,13,30.77,1,4,75.0,64.1,28.62,2,72,20,Reprobado,1
ad8e583c82e1,3268,01/2026C1/P/01/188-01/4/000011-4B,2026C1,01/188-01,ENFERMERÍA,4,B,ANATOMÍA HUMANA,2026-03-15 20:14:00,2026-08-07 20:00:00,13,100.0,2,4,100.0,70.27,67.46,0,0,20,Reprobado,1
ad8e583c82e1,3269,01/2026C1/P/01/188-01/4/000055-4B,2026C1,01/188-01,ENFERMERÍA,4,B,CUIDADO BÁSICO,2026-03-16 18:23:00,2026-08-02 19:58:00,13,92.31,0,4,100.0,87.67,79.01,1,4,18,Aprobado,0
ad8e583c82e1,3270,01/2026C1/P/01/188-01/4/000121-4B,2026C1,01/188-01,ENFERMERÍA,4,B,FARMACOLOGÍA,2026-04-12 19:33:00,2026-07-30 20:52:00,13,15.38,1,4,25.0,18.3,8.23,28,7,19,Reprobado,1
ad8e583c82e1,3271,01/2026C1/P/01/188-01/4/000165-4B,2026C1,01/188-01,ENFERMERÍA,4,B,METODOLOGÍA DE LA INVESTIGACIÓN,2026-03-31 17:41:00,2026-07-31 17:13:00,13,38.46,0,4,25.0,17.53,26.7,16,6,17,Reprobado,1
d741d4651514,3188,01/2026C1/P/02/145-01/5/000077-5A,2026C1,02/145-01,DERECHO,5,A,DERECHO CIVIL,2026-03-15 17:20:00,2026-08-02 17:34:00,13,100.0,3,4,100.0,95.95,91.37,0,4,17,Aprobado,0
d741d4651514,3189,01/2026C1/P/02/145-01/5/000099-5A,2026C1,02/145-01,DERECHO,5,A,DERECHO PENAL,2026-03-25 20:43:00,2026-08-03 17:35:00,13,100.0,3,4,100.0,92.11,89.82,10,3,20,Aprobado,0
d741d4651514,3190,01/2026C1/P/02/145-01/5/000088-5A,2026C1,02/145-01,DERECHO,5,A,DERECHO CONSTITUCIONAL,2026-03-17 20:23:00,2026-07-29 17:54:00,13,100.0,3,4,100.0,91.32,90.24,2,8,20,Aprobado,0
d741d4651514,3191,01/2026C1/P/02/145-01/5/000165-5A,2026C1,02/145-01,DERECHO,5,A,METODOLOGÍA DE LA INVESTIGACIÓN,2026-03-30 18:50:00,2026-08-03 19:25:00,13,100.0,0,4,100.0,99.12,95.26,15,3,18,Aprobado,0
0c6ca9880943,3128,01/2026C1/P/01/188-01/2/000011-2B,2026C1,01/188-01,ENFERMERÍA,2,B,ANATOMÍA HUMANA,2026-04-02 22:26:00,2026-08-06 22:51:00,13,46.15,2,4,0.0,0.0,33.07,18,0,22,Reprobado,1
0c6ca9880943,3129,01/2026C1/P/01/188-01/2/000055-2B,2026C1,01/188-01,ENFERMERÍA,2,B,CUIDADO BÁSICO,2026-03-24 21:29:00,2026-08-02 22:34:00,13,92.31,1,4,100.0,66.77,62.25,9,4,21,Reprobado,1
0c6ca9880943,3130,01/2026C1/P/01/188-01/2/000121-2B,2026C1,01/188-01,ENFERMERÍA,2,B,FARMACOLOGÍA,2026-03-22 20:44:00,2026-08-05 22:24:00,13,92.31,3,4,75.0,48.21,60.17,7,1,20,Reprobado,1
0c6ca9880943,3131,01/2026C1/P/01/188-01/2/000165-2B,2026C1,01/188-01,ENFERMERÍA,2,B,METODOLOGÍA DE LA INVESTIGACIÓN,2026-03-16 20:56:00,2026-08-06 22:12:00,13,100.0,2,4,100.0,75.64,70.62,1,0,20,Aprobado,0
d6c27e5179ec,3088,01/2026C1/P/04/132-02/1/000044-1B,2026C1,04/132-02,CONTABILIDAD Y AUDITORÍA,1,B,CONTABILIDAD GENERAL,2026-03-16 14:14:00,2026-08-03 16:19:00,13,92.31,1,4,75.0,62.13,82.24,1,3,14,Aprobado,0
d6c27e5179ec,3089,01/2026C1/P/04/132-02/1/000154-1B,2026C1,04/132-02,CONTABILIDAD Y AUDITORÍA,1,B,MATEMÁTICA FINANCIERA,2026-03-17 15:35:00,2026-08-01 17:24:00,13,100.0,2,4,100.0,86.73,91.56,2,5,15,Aprobado,0
d6c27e5179ec,3090,01/2026C1/P/04/132-02/1/000220-1B,2026C1,04/132-02,CONTABILIDAD Y AUDITORÍA,1,B,TRIBUTACIÓN,2026-03-16 17:16:00,2026-07-31 15:21:00,13,100.0,2,4,100.0,91.73,92.2,1,6,17,Aprobado,0
d6c27e5179ec,3091,01/2026C1/P/04/132-02/1/000165-1B,2026C1,04/132-02,CONTABILIDAD Y AUDITORÍA,1,B,METODOLOGÍA DE LA INVESTIGACIÓN,2026-03-20 17:07:00,2026-08-04 14:51:00,13,100.0,1,4,100.0,90.06,87.93,5,2,17,Aprobado,0
0c464847144a,3224,01/2026C1/P/02/145-01/4/000077-4A,2026C1,02/145-01,DERECHO,4,A,DERECHO CIVIL,2026-03-23 19:07:00,2026-08-04 18:44:00,13,100.0,2,4,100.0,76.44,78.33,8,2,19,Aprobado,0
0c464847144a,3225,01/2026C1/P/02/145-01/4/000099-4A,2026C1,02/145-01,DERECHO,4,A,DERECHO PENAL,2026-03-20 19:10:00,2026-08-05 21:20:00,13,100.0,1,4,100.0,82.98,90.3,5,1,19,Aprobado,0
0c464847144a,3226,01/2026C1/P/02/145-01/4/000088-4A,2026C1,02/145-01,DERECHO,4,A,DERECHO CONSTITUCIONAL,2026-03-17 20:10:00,2026-08-06 18:11:00,13,92.31,1,4,75.0,53.85,74.06,2,0,20,Aprobado,0
0c464847144a,3227,01/2026C1/P/02/145-01/4/000165-4A,2026C1,02/145-01,DERECHO,4,A,METODOLOGÍA DE LA INVESTIGACIÓN,2026-03-18 18:11:00,2026-08-02 21:14:00,13,92.31,1,4,100.0,81.84,81.0,3,4,18,Aprobado,0
8acf6ffc396f,3116,01/2026C1/P/04/120-03/2/000143-2B,2026C1,04/120-03,ECONOMÍA,2,B,MACROECONOMÍA,2026-03-21 18:07:00,2026-07-29 20:09:00,13,100.0,0,4,100.0,93.2,92.48,6,8,18,Aprobado,0
8acf6ffc396f,3117,01/2026C1/P/04/120-03/2/000176-2B,2026C1,04/120-03,ECONOMÍA,2,B,MICROECONOMÍA,2026-03-15 15:37:00,2026-08-03 18:12:00,13,100.0,1,4,100.0,81.99,88.39,0,3,15,Aprobado,0
8acf6ffc396f,3118,01/2026C1/P/04/120-03/2/000110-2B,2026C1,04/120-03,ECONOMÍA,2,B,ESTADÍSTICA,2026-03-15 16:46:00,2026-08-05 18:36:00,13,100.0,2,4,100.0,89.48,84.77,0,1,16,Aprobado,0
8acf6ffc396f,3119,01/2026C1/P/04/120-03/2/000165-2B,2026C1,04/120-03,ECONOMÍA,2,B,METODOLOGÍA DE LA INVESTIGACIÓN,2026-03-15 17:40:00,2026-08-04 17:22:00,13,92.31,6,4,75.0,53.5,68.18,0,2,17,Reprobado,1
85b62f51d105,3256,01/2026C1/P/02/145-01/3/000077-3A,2026C1,02/145-01,DERECHO,3,A,DERECHO CIVIL,2026-03-18 17:29:00,2026-08-07 17:03:00,13,100.0,3,4,100.0,99.43,91.66,3,0,17,Aprobado,0
85b62f51d105,3257,01/2026C1/P/02/145-01/3/000099-3A,2026C1,02/145-01,DERECHO,3,A,DERECHO PENAL,2026-03-21 17:52:00,2026-07-30 16:28:00,13,100.0,3,4,100.0,90.32,93.78,6,7,17,Aprobado,0
85b62f51d105,3258,01/2026C1/P/02/145-01/3/000088-3A,2026C1,02/145-01,DERECHO,3,A,DERECHO CONSTITUCIONAL,2026-03-16 18:47:00,2026-07-31 17:28:00,13,100.0,0,4,100.0,91.88,91.71,1,6,18,Aprobado,0
85b62f51d105,3259,01/2026C1/P/02/145-01/3/000165-3A,2026C1,02/145-01,DERECHO,3,A,METODOLOGÍA DE LA INVESTIGACIÓN,2026-03-18 17:38:00,2026-08-03 19:14:00,13,100.0,0,4,100.0,95.18,91.7,3,3,17,Aprobado,0
efae2d495202,3232,01/2026C1/P/01/101-01/2/000011-2A,2026C1,01/101-01,MEDICINA,2,A,ANATOMÍA HUMANA,2026-03-19 00:29:00,2026-08-01 23:07:00,13,100.0,0,4,100.0,72.72,80.24,4,5,0,Aprobado,0
efae2d495202,3233,01/2026C1/P/01/101-01/2/000033-2A,2026C1,01/101-01,MEDICINA,2,A,BIOQUÍMICA,2026-04-22 00:18:00,2026-08-05 00:54:00,13,76.92,2,4,100.0,67.45,55.41,38,1,0,Reprobado,1
efae2d495202,3234,01/2026C1/P/01/101-01/2/000132-2A,2026C1,01/101-01,MEDICINA,2,A,FISIOLOGÍA,2026-03-21 01:08:00,2026-08-05 23:50:00,13,100.0,1,4,100.0,84.21,84.31,6,1,1,Aprobado,0
efae2d495202,3235,01/2026C1/P/01/101-01/2/000165-2A,2026C1,01/101-01,MEDICINA,2,A,METODOLOGÍA DE LA INVESTIGACIÓN,2026-03-23 22:35:00,2026-08-03 00:10:00,13,92.31,2,4,100.0,91.99,79.43,8,3,22,Aprobado,0
d66e8034650b,3012,01/2026C1/P/01/188-01/3/000011-3B,2026C1,01/188-01,ENFERMERÍA,3,B,ANATOMÍA HUMANA,2026-03-17 18:26:00,2026-08-02 16:29:00,13,100.0,1,4,100.0,94.1,93.51,2,4,18,Aprobado,0
d66e8034650b,3013,01/2026C1/P/01/188-01/3/000055-3B,2026C1,01/188-01,ENFERMERÍA,3,B,CUIDADO BÁSICO,2026-03-29 18:41:00,2026-07-29 18:56:00,13,100.0,0,4,100.0,97.76,95.75,14,8,18,Aprobado,0
d66e8034650b,3014,01/2026C1/P/01/188-01/3/000121-3B,2026C1,01/188-01,ENFERMERÍA,3,B,FARMACOLOGÍA,2026-03-18 19:02:00,2026-08-06 17:00:00,13,100.0,2,4,100.0,95.14,92.8,3,0,19,Aprobado,0
d66e8034650b,3015,01/2026C1/P/01/188-01/3/000165-3B,2026C1,01/188-01,ENFERMERÍA,3,B,METODOLOGÍA DE LA INVESTIGACIÓN,2026-03-19 18:51:00,2026-07-29 16:41:00,13,100.0,1,4,100.0,99.06,98.27,4,8,18,Aprobado,0
918a92073011,3264,01/2026C1/P/04/132-02/5/000044-5A,2026C1,04/132-02,CONTABILIDAD Y AUDITORÍA,5,A,CONTABILIDAD GENERAL,2026-04-01 15:57:00,2026-08-02 14:55:00,13,100.0,0,4,100.0,90.75,94.52,17,4,15,Aprobado,0
918a92073011,3265,01/2026C1/P/04/132-02/5/000154-5A,2026C1,04/132-02,CONTABILIDAD Y AUDITORÍA,5,A,MATEMÁTICA FINANCIERA,2026-03-19 15:37:00,2026-08-02 16:18:00,13,100.0,1,4,100.0,89.08,91.51,4,4,15,Aprobado,0
918a92073011,3266,01/2026C1/P/04/132-02/5/000220-5A,2026C1,04/132-02,CONTABILIDAD Y AUDITORÍA,5,A,TRIBUTACIÓN,2026-03-17 15:34:00,2026-08-03 17:21:00,13,100.0,1,4,100.0,93.15,95.1,2,3,15,Aprobado,0
918a92073011,3267,01/2026C1/P/04/132-02/5/000165-5A,2026C1,04/132-02,CONTABILIDAD Y AUDITORÍA,5,A,METODOLOGÍA DE LA INVESTIGACIÓN,2026-03-19 15:26:00,2026-08-06 15:32:00,13,100.0,0,4,100.0,98.46,97.24,4,0,15,Aprobado,0
ef4d7a77f1cf,3212,01/2026C1/P/03/210-01/1/000066-1B,2026C1,03/210-01,INGENIERÍA DE SOFTWARE,1,B,CÁLCULO DIFERENCIAL,2026-03-23 17:36:00,2026-07-31 19:46:00,13,100.0,0,4,100.0,95.33,93.02,8,6,17,Aprobado,0
ef4d7a77f1cf,3213,01/2026C1/P/03/210-01/1/000198-1B,2026C1,03/210-01,INGENIERÍA DE SOFTWARE,1,B,PROGRAMACIÓN I,2026-03-17 16:25:00,2026-08-05 19:08:00,13,100.0,1,4,100.0,90.78,85.6,2,1,16,Aprobado,0
ef4d7a77f1cf,3214,01/2026C1/P/03/210-01/1/000022-1B,2026C1,03/210-01,INGENIERÍA DE SOFTWARE,1,B,BASE DE DATOS,2026-03-21 20:23:00,2026-07-31 18:48:00,13,100.0,1,4,100.0,94.8,92.63,6,6,20,Aprobado,0
ef4d7a77f1cf,3215,01/2026C1/P/03/210-01/1/000165-1B,2026C1,03/210-01,INGENIERÍA DE SOFTWARE,1,B,METODOLOGÍA DE LA INVESTIGACIÓN,2026-03-18 18:53:00,2026-08-07 19:03:00,13,100.0,2,4,100.0,92.97,86.6,3,0,18,Aprobado,0
bd5e733f24cc,3260,01/2026C1/P/05/167-02/3/000209-3A,2026C1,05/167-02,PSICOLOGÍA,3,A,PSICOLOGÍA GENERAL,2026-03-25 18:36:00,2026-08-03 16:50:00,13,92.31,5,4,100.0,78.58,73.04,10,3,18,Aprobado,0
bd5e733f24cc,3261,01/2026C1/P/05/167-02/3/000110-3A,2026C1,05/167-02,PSICOLOGÍA,3,A,ESTADÍSTICA,2026-03-16 17:41:00,2026-07-29 19:11:00,13,100.0,1,4,100.0,93.47,88.02,1,8,17,Aprobado,0
bd5e733f24cc,3262,01/2026C1/P/05/167-02/3/000187-3A,2026C1,05/167-02,PSICOLOGÍA,3,A,NEUROCIENCIAS,2026-03-17 18:59:00,2026-08-07 17:18:00,13,100.0,5,4,100.0,89.87,81.54,2,0,18,Aprobado,0
bd5e733f24cc,3263,01/2026C1/P/05/167-02/3/000165-3A,2026C1,05/167-02,PSICOLOGÍA,3,A,METODOLOGÍA DE LA INVESTIGACIÓN,2026-03-16 17:43:00,2026-07-31 18:28:00,13,100.0,1,4,100.0,87.05,79.14,1,6,17,Aprobado,0
e615ee8d1e33,3228,01/2026C1/P/05/167-02/4/000209-4B,2026C1,05/167-02,PSICOLOGÍA,4,B,PSICOLOGÍA GENERAL,2026-03-26 20:20:00,2026-07-29 21:30:00,13,84.62,4,4,100.0,81.88,61.59,11,8,20,Reprobado,1
e615ee8d1e33,3229,01/2026C1/P/05/167-02/4/000110-4B,2026C1,05/167-02,PSICOLOGÍA,4,B,ESTADÍSTICA,2026-03-15 21:53:00,2026-07-29 19:27:00,13,92.31,3,4,100.0,73.05,68.42,0,8,21,Reprobado,1
e615ee8d1e33,3230,01/2026C1/P/05/167-02/4/000187-4B,2026C1,05/167-02,PSICOLOGÍA,4,B,NEUROCIENCIAS,2026-04-04 21:42:00,2026-08-02 19:42:00,13,84.62,4,4,100.0,75.14,67.2,20,4,21,Reprobado,1
e615ee8d1e33,3231,01/2026C1/P/05/167-02/4/000165-4B,2026C1,05/167-02,PSICOLOGÍA,4,B,METODOLOGÍA DE LA INVESTIGACIÓN,2026-03-21 21:02:00,2026-08-03 21:02:00,13,92.31,4,4,100.0,84.16,77.84,6,3,21,Aprobado,0
d9defc77bfdb,3072,01/2026C1/P/01/188-01/4/000011-4A,2026C1,01/188-01,ENFERMERÍA,4,A,ANATOMÍA HUMANA,2026-03-15 19:37:00,2026-08-01 20:33:00,13,100.0,2,4,100.0,94.42,92.01,0,5,19,Aprobado,0
d9defc77bfdb,3073,01/2026C1/P/01/188-01/4/000055-4A,2026C1,01/188-01,ENFERMERÍA,4,A,CUIDADO BÁSICO,2026-03-31 17:51:00,2026-07-30 20:43:00,13,100.0,0,4,100.0,92.74,88.24,16,7,17,Aprobado,0
d9defc77bfdb,3074,01/2026C1/P/01/188-01/4/000121-4A,2026C1,01/188-01,ENFERMERÍA,4,A,FARMACOLOGÍA,2026-03-16 21:50:00,2026-07-29 20:37:00,13,100.0,0,4,100.0,86.46,92.77,1,8,21,Aprobado,0
d9defc77bfdb,3075,01/2026C1/P/01/188-01/4/000165-4A,2026C1,01/188-01,ENFERMERÍA,4,A,METODOLOGÍA DE LA INVESTIGACIÓN,2026-03-23 20:07:00,2026-08-05 21:06:00,13,100.0,4,4,100.0,94.64,87.21,8,1,20,Aprobado,0
9219a038069f,3244,01/2026C1/P/02/145-01/2/000077-2A,2026C1,02/145-01,DERECHO,2,A,DERECHO CIVIL,2026-03-15 22:08:00,2026-08-01 01:22:00,13,100.0,1,4,100.0,90.94,85.39,0,5,22,Aprobado,0
9219a038069f,3245,01/2026C1/P/02/145-01/2/000099-2A,2026C1,02/145-01,DERECHO,2,A,DERECHO PENAL,2026-03-18 23:52:00,2026-08-03 22:20:00,13,100.0,1,4,100.0,82.83,88.8,3,3,23,Aprobado,0
9219a038069f,3246,01/2026C1/P/02/145-01/2/000088-2A,2026C1,02/145-01,DERECHO,2,A,DERECHO CONSTITUCIONAL,2026-04-10 21:48:00,2026-08-02 22:12:00,13,100.0,6,4,100.0,81.12,77.04,26,4,21,Aprobado,0
9219a038069f,3247,01/2026C1/P/02/145-01/2/000165-2A,2026C1,02/145-01,DERECHO,2,A,METODOLOGÍA DE LA INVESTIGACIÓN,2026-03-15 23:45:00,2026-08-05 23:44:00,13,92.31,3,4,100.0,86.64,72.69,0,1,23,Aprobado,0
4150cbdaf469,3192,01/2026C1/P/01/188-01/3/000011-3A,2026C1,01/188-01,ENFERMERÍA,3,A,ANATOMÍA HUMANA,2026-03-24 18:43:00,2026-08-01 19:03:00,13,100.0,2,4,100.0,84.5,82.54,9,5,18,Aprobado,0
4150cbdaf469,3193,01/2026C1/P/01/188-01/3/000055-3A,2026C1,01/188-01,ENFERMERÍA,3,A,CUIDADO BÁSICO,2026-03-18 18:52:00,2026-08-03 19:13:00,13,100.0,3,4,100.0,77.56,80.03,3,3,18,Aprobado,0
4150cbdaf469,3194,01/2026C1/P/01/188-01/3/000121-3A,2026C1,01/188-01,ENFERMERÍA,3,A,FARMACOLOGÍA,2026-03-17 19:50:00,2026-07-31 20:30:00,13,100.0,0,4,100.0,87.51,86.28,2,6,19,Aprobado,0
4150cbdaf469,3195,01/2026C1/P/01/188-01/3/000165-3A,2026C1,01/188-01,ENFERMERÍA,3,A,METODOLOGÍA DE LA INVESTIGACIÓN,2026-03-19 20:01:00,2026-07-31 18:32:00,13,100.0,1,4,100.0,97.84,90.35,4,6,20,Aprobado,0
d394dd5d0271,3276,01/2026C1/P/05/167-02/1/000209-1B,2026C1,05/167-02,PSICOLOGÍA,1,B,PSICOLOGÍA GENERAL,2026-03-26 23:17:00,2026-05-28 23:01:00,13,15.38,1,4,50.0,29.83,9.79,11,70,23,Reprobado,1
d394dd5d0271,3277,01/2026C1/P/05/167-02/1/000110-1B,2026C1,05/167-02,PSICOLOGÍA,1,B,ESTADÍSTICA,2026-03-16 22:35:00,2026-05-16 23:29:00,13,38.46,1,4,100.0,75.49,30.81,1,82,22,Reprobado,1
d394dd5d0271,3278,01/2026C1/P/05/167-02/1/000187-1B,2026C1,05/167-02,PSICOLOGÍA,1,B,NEUROCIENCIAS,2026-04-11 22:51:00,2026-06-13 21:22:00,13,38.46,0,4,75.0,65.2,36.75,27,54,22,Reprobado,1
d394dd5d0271,3279,01/2026C1/P/05/167-02/1/000165-1B,2026C1,05/167-02,PSICOLOGÍA,1,B,METODOLOGÍA DE LA INVESTIGACIÓN,2026-03-15 21:29:00,2026-05-17 22:37:00,13,46.15,3,4,100.0,80.78,37.47,0,81,21,Reprobado,1
dea904a0c45b,3032,01/2026C1/P/01/101-01/3/000011-3A,2026C1,01/101-01,MEDICINA,3,A,ANATOMÍA HUMANA,2026-03-20 13:28:00,2026-07-31 11:15:00,13,100.0,1,4,100.0,91.08,87.0,5,6,13,Aprobado,0
dea904a0c45b,3033,01/2026C1/P/01/101-01/3/000033-3A,2026C1,01/101-01,MEDICINA,3,A,BIOQUÍMICA,2026-03-22 13:23:00,2026-08-07 13:53:00,13,100.0,3,4,100.0,91.55,83.22,7,0,13,Aprobado,0
dea904a0c45b,3034,01/2026C1/P/01/101-01/3/000132-3A,2026C1,01/101-01,MEDICINA,3,A,FISIOLOGÍA,2026-03-15 13:55:00,2026-07-29 14:28:00,13,100.0,0,4,100.0,90.4,79.85,0,8,13,Aprobado,0
dea904a0c45b,3035,01/2026C1/P/01/101-01/3/000165-3A,2026C1,01/101-01,MEDICINA,3,A,METODOLOGÍA DE LA INVESTIGACIÓN,2026-03-15 13:00:00,2026-08-01 13:02:00,13,100.0,1,4,100.0,92.9,95.94,0,5,13,Aprobado,0
8c136ca8a648,3016,01/2026C1/P/01/188-01/2/000011-2A,2026C1,01/188-01,ENFERMERÍA,2,A,ANATOMÍA HUMANA,2026-03-18 21:55:00,2026-07-29 21:31:00,13,100.0,1,4,100.0,90.49,89.75,3,8,21,Aprobado,0
8c136ca8a648,3017,01/2026C1/P/01/188-01/2/000055-2A,2026C1,01/188-01,ENFERMERÍA,2,A,CUIDADO BÁSICO,2026-03-20 21:17:00,2026-08-04 22:08:00,13,92.31,2,4,100.0,81.78,80.14,5,2,21,Aprobado,0
8c136ca8a648,3018,01/2026C1/P/01/188-01/2/000121-2A,2026C1,01/188-01,ENFERMERÍA,2,A,FARMACOLOGÍA,2026-03-19 22:19:00,2026-08-03 19:22:00,13,92.31,2,4,100.0,88.54,76.18,4,3,22,Aprobado,0
8c136ca8a648,3019,01/2026C1/P/01/188-01/2/000165-2A,2026C1,01/188-01,ENFERMERÍA,2,A,METODOLOGÍA DE LA INVESTIGACIÓN,2026-03-15 22:54:00,2026-07-31 21:39:00,13,100.0,0,4,100.0,86.33,89.07,0,6,22,Aprobado,0
944f51524bd4,3192,01/2026C1/P/01/188-01/3/000011-3A,2026C1,01/188-01,ENFERMERÍA,3,A,ANATOMÍA HUMANA,2026-04-21 21:29:00,2026-08-02 21:59:00,13,69.23,2,4,100.0,80.63,57.89,37,4,21,Reprobado,1
944f51524bd4,3193,01/2026C1/P/01/188-01/3/000055-3A,2026C1,01/188-01,ENFERMERÍA,3,A,CUIDADO BÁSICO,2026-03-17 19:13:00,2026-07-29 20:33:00,13,100.0,3,4,100.0,80.87,84.88,2,8,19,Aprobado,0
944f51524bd4,3194,01/2026C1/P/01/188-01/3/000121-3A,2026C1,01/188-01,ENFERMERÍA,3,A,FARMACOLOGÍA,2026-03-20 21:11:00,2026-08-04 21:13:00,13,92.31,0,4,75.0,67.54,75.94,5,2,21,Aprobado,0
944f51524bd4,3195,01/2026C1/P/01/188-01/3/000165-3A,2026C1,01/188-01,ENFERMERÍA,3,A,METODOLOGÍA DE LA INVESTIGACIÓN,2026-03-17 20:08:00,2026-08-01 22:41:00,13,92.31,0,4,100.0,97.68,84.56,2,5,20,Aprobado,0
e61c32656c06,3084,01/2026C1/P/04/120-03/2/000143-2A,2026C1,04/120-03,ECONOMÍA,2,A,MACROECONOMÍA,2026-03-18 22:42:00,2026-08-02 22:38:00,13,61.54,2,4,25.0,12.36,40.87,3,4,22,Reprobado,1
e61c32656c06,3085,01/2026C1/P/04/120-03/2/000176-2A,2026C1,04/120-03,ECONOMÍA,2,A,MICROECONOMÍA,2026-03-26 23:33:00,2026-08-04 21:19:00,13,92.31,2,4,100.0,84.72,76.53,11,2,23,Aprobado,0
e61c32656c06,3086,01/2026C1/P/04/120-03/2/000110-2A,2026C1,04/120-03,ECONOMÍA,2,A,ESTADÍSTICA,2026-04-07 21:14:00,2026-07-31 22:55:00,13,84.62,2,4,100.0,64.63,56.13,23,6,21,Reprobado,1
e61c32656c06,3087,01/2026C1/P/04/120-03/2/000165-2A,2026C1,04/120-03,ECONOMÍA,2,A,METODOLOGÍA DE LA INVESTIGACIÓN,2026-03-17 23:41:00,2026-08-03 23:44:00,13,92.31,4,4,75.0,51.24,71.13,2,3,23,Aprobado,0
9db7115a6158,3136,01/2026C1/P/01/188-01/1/000011-1A,2026C1,01/188-01,ENFERMERÍA,1,A,ANATOMÍA HUMANA,2026-03-20 20:11:00,2026-07-29 16:40:00,13,100.0,1,4,100.0,90.9,88.6,5,8,20,Aprobado,0
9db7115a6158,3137,01/2026C1/P/01/188-01/1/000055-1A,2026C1,01/188-01,ENFERMERÍA,1,A,CUIDADO BÁSICO,2026-03-16 18:22:00,2026-08-03 17:54:00,13,100.0,2,4,100.0,89.28,93.3,1,3,18,Aprobado,0
9db7115a6158,3138,01/2026C1/P/01/188-01/1/000121-1A,2026C1,01/188-01,ENFERMERÍA,1,A,FARMACOLOGÍA,2026-03-15 18:58:00,2026-08-04 18:57:00,13,92.31,5,4,100.0,82.64,72.87,0,2,18,Aprobado,0
9db7115a6158,3139,01/2026C1/P/01/188-01/1/000165-1A,2026C1,01/188-01,ENFERMERÍA,1,A,METODOLOGÍA DE LA INVESTIGACIÓN,2026-03-30 18:40:00,2026-07-30 19:40:00,13,84.62,1,4,100.0,84.4,65.67,15,7,18,Reprobado,1
5243defcf638,3260,01/2026C1/P/05/167-02/3/000209-3A,2026C1,05/167-02,PSICOLOGÍA,3,A,PSICOLOGÍA GENERAL,2026-03-16 21:54:00,2026-08-01 22:30:00,13,92.31,3,4,75.0,51.75,74.4,1,5,21,Aprobado,0
5243defcf638,3261,01/2026C1/P/05/167-02/3/000110-3A,2026C1,05/167-02,PSICOLOGÍA,3,A,ESTADÍSTICA,2026-03-17 23:31:00,2026-08-05 23:15:00,13,100.0,1,4,100.0,67.07,78.14,2,1,23,Aprobado,0
5243defcf638,3262,01/2026C1/P/05/167-02/3/000187-3A,2026C1,05/167-02,PSICOLOGÍA,3,A,NEUROCIENCIAS,2026-03-29 21:57:00,2026-07-31 00:27:00,13,69.23,3,4,75.0,62.76,53.64,14,6,21,Reprobado,1
5243defcf638,3263,01/2026C1/P/05/167-02/3/000165-3A,2026C1,05/167-02,PSICOLOGÍA,3,A,METODOLOGÍA DE LA INVESTIGACIÓN,2026-03-24 00:33:00,2026-08-04 21:16:00,13,76.92,3,4,75.0,48.99,53.32,9,2,0,Reprobado,1
319b1ee27316,3200,01/2026C1/P/04/120-03/4/000143-4A,2026C1,04/120-03,ECONOMÍA,4,A,MACROECONOMÍA,2026-03-24 00:01:00,2026-07-30 01:21:00,13,92.31,1,4,100.0,76.4,72.22,9,7,0,Aprobado,0
319b1ee27316,3201,01/2026C1/P/04/120-03/4/000176-4A,2026C1,04/120-03,ECONOMÍA,4,A,MICROECONOMÍA,2026-03-24 22:01:00,2026-08-04 00:03:00,13,100.0,3,4,100.0,78.27,83.61,9,2,22,Aprobado,0
319b1ee27316,3202,01/2026C1/P/04/120-03/4/000110-4A,2026C1,04/120-03,ECONOMÍA,4,A,ESTADÍSTICA,2026-03-18 00:07:00,2026-08-04 23:38:00,13,92.31,0,4,100.0,92.08,70.01,3,2,0,Aprobado,0
319b1ee27316,3203,01/2026C1/P/04/120-03/4/000165-4A,2026C1,04/120-03,ECONOMÍA,4,A,METODOLOGÍA DE LA INVESTIGACIÓN,2026-03-19 21:23:00,2026-08-03 00:59:00,13,92.31,5,4,100.0,77.6,68.54,4,3,21,Reprobado,1
b8ec297f6824,3060,01/2026C1/P/05/167-02/5/000209-5B,2026C1,05/167-02,PSICOLOGÍA,5,B,PSICOLOGÍA GENERAL,2026-04-09 21:07:00,2026-07-29 19:02:00,13,53.85,2,4,25.0,21.68,41.62,25,8,21,Reprobado,1
b8ec297f6824,3061,01/2026C1/P/05/167-02/5/000110-5B,2026C1,05/167-02,PSICOLOGÍA,5,B,ESTADÍSTICA,2026-03-18 20:48:00,2026-08-02 22:50:00,13,92.31,2,4,100.0,92.03,69.52,3,4,20,Reprobado,1
b8ec297f6824,3062,01/2026C1/P/05/167-02/5/000187-5B,2026C1,05/167-02,PSICOLOGÍA,5,B,NEUROCIENCIAS,2026-03-19 21:24:00,2026-07-29 21:59:00,13,92.31,1,4,75.0,62.06,79.26,4,8,21,Aprobado,0
b8ec297f6824,3063,01/2026C1/P/05/167-02/5/000165-5B,2026C1,05/167-02,PSICOLOGÍA,5,B,METODOLOGÍA DE LA INVESTIGACIÓN,2026-03-19 20:57:00,2026-08-06 21:21:00,13,92.31,4,4,100.0,72.24,66.97,4,0,20,Reprobado,1
bc4f3110e73a,3172,01/2026C1/P/01/188-01/5/000011-5A,2026C1,01/188-01,ENFERMERÍA,5,A,ANATOMÍA HUMANA,2026-04-12 23:49:00,2026-08-03 00:01:00,13,84.62,2,4,100.0,79.28,62.85,28,3,23,Reprobado,1
bc4f3110e73a,3173,01/2026C1/P/01/188-01/5/000055-5A,2026C1,01/188-01,ENFERMERÍA,5,A,CUIDADO BÁSICO,2026-03-17 00:52:00,2026-07-29 23:31:00,13,100.0,2,4,100.0,82.56,80.74,2,8,0,Aprobado,0
bc4f3110e73a,3174,01/2026C1/P/01/188-01/5/000121-5A,2026C1,01/188-01,ENFERMERÍA,5,A,FARMACOLOGÍA,2026-03-23 23:40:00,2026-08-05 00:37:00,13,92.31,2,4,100.0,70.08,74.07,8,1,23,Aprobado,0
bc4f3110e73a,3175,01/2026C1/P/01/188-01/5/000165-5A,2026C1,01/188-01,ENFERMERÍA,5,A,METODOLOGÍA DE LA INVESTIGACIÓN,2026-04-23 00:37:00,2026-08-07 02:05:00,13,30.77,1,4,0.0,0.0,20.5,39,0,0,Reprobado,1
b99faf9221a9,3160,01/2026C1/P/05/167-02/5/000209-5A,2026C1,05/167-02,PSICOLOGÍA,5,A,PSICOLOGÍA GENERAL,2026-04-03 23:50:00,2026-08-05 23:12:00,13,30.77,0,4,25.0,18.71,17.37,19,1,23,Reprobado,1
b99faf9221a9,3161,01/2026C1/P/05/167-02/5/000110-5A,2026C1,05/167-02,PSICOLOGÍA,5,A,ESTADÍSTICA,2026-03-15 23:36:00,2026-08-07 00:18:00,13,53.85,1,4,50.0,32.29,33.69,0,0,23,Reprobado,1
b99faf9221a9,3162,01/2026C1/P/05/167-02/5/000187-5A,2026C1,05/167-02,PSICOLOGÍA,5,A,NEUROCIENCIAS,2026-04-01 01:27:00,2026-07-30 23:29:00,13,46.15,0,4,50.0,32.72,29.02,17,7,1,Reprobado,1
b99faf9221a9,3163,01/2026C1/P/05/167-02/5/000165-5A,2026C1,05/167-02,PSICOLOGÍA,5,A,METODOLOGÍA DE LA INVESTIGACIÓN,2026-03-23 00:22:00,2026-07-31 00:05:00,13,30.77,0,4,0.0,0.0,19.8,8,6,0,Reprobado,1
d79315a85e70,3208,01/2026C1/P/04/120-03/1/000143-1A,2026C1,04/120-03,ECONOMÍA,1,A,MACROECONOMÍA,2026-03-22 13:40:00,2026-07-31 15:02:00,13,100.0,1,4,100.0,96.72,98.06,7,6,13,Aprobado,0
d79315a85e70,3209,01/2026C1/P/04/120-03/1/000176-1A,2026C1,04/120-03,ECONOMÍA,1,A,MICROECONOMÍA,2026-03-29 14:46:00,2026-08-07 16:07:00,13,100.0,2,4,100.0,94.59,96.16,14,0,14,Aprobado,0
d79315a85e70,3210,01/2026C1/P/04/120-03/1/000110-1A,2026C1,04/120-03,ECONOMÍA,1,A,ESTADÍSTICA,2026-03-15 13:48:00,2026-08-04 15:11:00,13,100.0,1,4,100.0,89.56,95.86,0,2,13,Aprobado,0
d79315a85e70,3211,01/2026C1/P/04/120-03/1/000165-1A,2026C1,04/120-03,ECONOMÍA,1,A,METODOLOGÍA DE LA INVESTIGACIÓN,2026-03-15 16:49:00,2026-08-07 16:52:00,13,100.0,2,4,100.0,96.62,96.02,0,0,16,Aprobado,0
de1af38a463d,3004,01/2026C1/P/04/132-02/3/000044-3A,2026C1,04/132-02,CONTABILIDAD Y AUDITORÍA,3,A,CONTABILIDAD GENERAL,2026-03-21 17:11:00,2026-08-02 17:15:00,13,100.0,3,4,100.0,89.5,93.07,6,4,17,Aprobado,0
de1af38a463d,3005,01/2026C1/P/04/132-02/3/000154-3A,2026C1,04/132-02,CONTABILIDAD Y AUDITORÍA,3,A,MATEMÁTICA FINANCIERA,2026-03-15 15:43:00,2026-07-29 18:21:00,13,100.0,0,4,100.0,100.0,99.03,0,8,15,Aprobado,0
de1af38a463d,3006,01/2026C1/P/04/132-02/3/000220-3A,2026C1,04/132-02,CONTABILIDAD Y AUDITORÍA,3,A,TRIBUTACIÓN,2026-03-20 17:52:00,2026-08-01 18:47:00,13,100.0,3,4,100.0,95.24,94.7,5,5,17,Aprobado,0
de1af38a463d,3007,01/2026C1/P/04/132-02/3/000165-3A,2026C1,04/132-02,CONTABILIDAD Y AUDITORÍA,3,A,METODOLOGÍA DE LA INVESTIGACIÓN,2026-03-23 19:00:00,2026-08-06 17:31:00,13,100.0,2,4,100.0,99.55,94.69,8,0,19,Aprobado,0
0ee688dc9642,3196,01/2026C1/P/01/101-01/4/000011-4A,2026C1,01/101-01,MEDICINA,4,A,ANATOMÍA HUMANA,2026-03-19 14:23:00,2026-08-02 13:14:00,13,92.31,2,4,75.0,44.6,57.49,4,4,14,Reprobado,1
0ee688dc9642,3197,01/2026C1/P/01/101-01/4/000033-4A,2026C1,01/101-01,MEDICINA,4,A,BIOQUÍMICA,2026-03-15 12:57:00,2026-07-31 13:58:00,13,100.0,7,4,100.0,69.24,71.6,0,6,12,Aprobado,0
0ee688dc9642,3198,01/2026C1/P/01/101-01/4/000132-4A,2026C1,01/101-01,MEDICINA,4,A,FISIOLOGÍA,2026-03-16 13:02:00,2026-08-01 13:40:00,13,76.92,1,4,50.0,27.48,49.95,1,5,13,Reprobado,1
0ee688dc9642,3199,01/2026C1/P/01/101-01/4/000165-4A,2026C1,01/101-01,MEDICINA,4,A,METODOLOGÍA DE LA INVESTIGACIÓN,2026-03-23 13:22:00,2026-08-04 15:13:00,13,100.0,1,4,100.0,84.22,79.3,8,2,13,Aprobado,0
272e962edbdb,3052,01/2026C1/P/04/132-02/2/000044-2A,2026C1,04/132-02,CONTABILIDAD Y AUDITORÍA,2,A,CONTABILIDAD GENERAL,2026-03-18 00:06:00,2026-08-06 21:29:00,13,100.0,3,4,100.0,78.91,78.55,3,0,0,Aprobado,0
272e962edbdb,3053,01/2026C1/P/04/132-02/2/000154-2A,2026C1,04/132-02,CONTABILIDAD Y AUDITORÍA,2,A,MATEMÁTICA FINANCIERA,2026-03-24 22:04:00,2026-08-06 00:17:00,13,100.0,3,4,100.0,80.48,83.15,9,0,22,Aprobado,0
272e962edbdb,3054,01/2026C1/P/04/132-02/2/000220-2A,2026C1,04/132-02,CONTABILIDAD Y AUDITORÍA,2,A,TRIBUTACIÓN,2026-03-16 22:24:00,2026-08-03 22:18:00,13,100.0,0,4,100.0,81.07,78.53,1,3,22,Aprobado,0
272e962edbdb,3055,01/2026C1/P/04/132-02/2/000165-2A,2026C1,04/132-02,CONTABILIDAD Y AUDITORÍA,2,A,METODOLOGÍA DE LA INVESTIGACIÓN,2026-03-24 20:37:00,2026-07-30 21:49:00,13,92.31,2,4,100.0,80.94,70.0,9,7,20,Aprobado,0
c14e150bc4e6,3072,01/2026C1/P/01/188-01/4/000011-4A,2026C1,01/188-01,ENFERMERÍA,4,A,ANATOMÍA HUMANA,2026-03-15 17:20:00,2026-08-05 18:04:00,13,100.0,1,4,100.0,91.84,90.39,0,1,17,Aprobado,0
c14e150bc4e6,3073,01/2026C1/P/01/188-01/4/000055-4A,2026C1,01/188-01,ENFERMERÍA,4,A,CUIDADO BÁSICO,2026-03-20 18:09:00,2026-08-07 17:34:00,13,100.0,2,4,100.0,91.4,94.32,5,0,18,Aprobado,0
c14e150bc4e6,3074,01/2026C1/P/01/188-01/4/000121-4A,2026C1,01/188-01,ENFERMERÍA,4,A,FARMACOLOGÍA,2026-03-15 15:24:00,2026-08-03 17:29:00,13,100.0,0,4,100.0,89.78,95.62,0,3,15,Aprobado,0
c14e150bc4e6,3075,01/2026C1/P/01/188-01/4/000165-4A,2026C1,01/188-01,ENFERMERÍA,4,A,METODOLOGÍA DE LA INVESTIGACIÓN,2026-03-16 17:10:00,2026-08-03 16:04:00,13,100.0,2,4,100.0,91.93,85.59,1,3,17,Aprobado,0
6b3f3eb3abec,3024,01/2026C1/P/05/167-02/4/000209-4A,2026C1,05/167-02,PSICOLOGÍA,4,A,PSICOLOGÍA GENERAL,2026-03-15 21:31:00,2026-08-06 21:34:00,13,100.0,2,4,100.0,93.69,89.9,0,0,21,Aprobado,0
6b3f3eb3abec,3025,01/2026C1/P/05/167-02/4/000110-4A,2026C1,05/167-02,PSICOLOGÍA,4,A,ESTADÍSTICA,2026-03-24 20:32:00,2026-08-03 19:38:00,13,100.0,2,4,100.0,77.29,82.35,9,3,20,Aprobado,0
6b3f3eb3abec,3026,01/2026C1/P/05/167-02/4/000187-4A,2026C1,05/167-02,PSICOLOGÍA,4,A,NEUROCIENCIAS,2026-03-25 19:25:00,2026-07-31 19:18:00,13,100.0,3,4,100.0,85.36,78.97,10,6,19,Aprobado,0
6b3f3eb3abec,3027,01/2026C1/P/05/167-02/4/000165-4A,2026C1,05/167-02,PSICOLOGÍA,4,A,METODOLOGÍA DE LA INVESTIGACIÓN,2026-03-18 20:25:00,2026-07-29 21:46:00,13,100.0,1,4,100.0,76.86,90.09,3,8,20,Aprobado,0
8ac7ec743910,3216,01/2026C1/P/03/210-01/4/000066-4A,2026C1,03/210-01,INGENIERÍA DE SOFTWARE,4,A,CÁLCULO DIFERENCIAL,2026-03-19 20:38:00,2026-04-23 20:56:00,13,30.77,1,4,75.0,48.75,21.45,4,105,20,Reprobado,1
8ac7ec743910,3217,01/2026C1/P/03/210-01/4/000198-4A,2026C1,03/210-01,INGENIERÍA DE SOFTWARE,4,A,PROGRAMACIÓN I,2026-03-30 19:43:00,2026-05-07 20:39:00,13,30.77,1,4,100.0,75.78,22.63,15,91,19,Reprobado,1
8ac7ec743910,3218,01/2026C1/P/03/210-01/4/000022-4A,2026C1,03/210-01,INGENIERÍA DE SOFTWARE,4,A,BASE DE DATOS,2026-03-16 19:05:00,2026-05-05 21:06:00,13,38.46,0,4,100.0,83.33,30.63,1,93,19,Reprobado,1
8ac7ec743910,3219,01/2026C1/P/03/210-01/4/000165-4A,2026C1,03/210-01,INGENIERÍA DE SOFTWARE,4,A,METODOLOGÍA DE LA INVESTIGACIÓN,2026-03-16 20:20:00,2026-05-15 19:47:00,13,38.46,0,4,100.0,76.16,27.87,1,83,20,Reprobado,1
810865b84c9a,3268,01/2026C1/P/01/188-01/4/000011-4B,2026C1,01/188-01,ENFERMERÍA,4,B,ANATOMÍA HUMANA,2026-03-17 20:59:00,2026-08-05 20:07:00,13,92.31,2,4,75.0,57.77,65.55,2,1,20,Reprobado,1
810865b84c9a,3269,01/2026C1/P/01/188-01/4/000055-4B,2026C1,01/188-01,ENFERMERÍA,4,B,CUIDADO BÁSICO,2026-04-01 21:18:00,2026-08-07 19:45:00,13,100.0,1,4,100.0,85.28,80.6,17,0,21,Aprobado,0
810865b84c9a,3270,01/2026C1/P/01/188-01/4/000121-4B,2026C1,01/188-01,ENFERMERÍA,4,B,FARMACOLOGÍA,2026-04-09 19:37:00,2026-08-04 20:05:00,13,30.77,1,4,0.0,0.0,21.16,25,2,19,Reprobado,1
810865b84c9a,3271,01/2026C1/P/01/188-01/4/000165-4B,2026C1,01/188-01,ENFERMERÍA,4,B,METODOLOGÍA DE LA INVESTIGACIÓN,2026-03-27 20:26:00,2026-08-07 20:02:00,13,84.62,4,4,75.0,52.58,60.61,12,0,20,Reprobado,1
87e84fa5fabc,3164,01/2026C1/P/01/101-01/3/000011-3B,2026C1,01/101-01,MEDICINA,3,B,ANATOMÍA HUMANA,2026-04-17 22:46:00,2026-04-21 22:50:00,13,7.69,0,4,25.0,13.95,5.32,33,107,22,Reprobado,1
87e84fa5fabc,3165,01/2026C1/P/01/101-01/3/000033-3B,2026C1,01/101-01,MEDICINA,3,B,BIOQUÍMICA,2026-03-27 01:14:00,2026-05-08 00:13:00,13,15.38,1,4,50.0,27.06,8.26,12,90,1,Reprobado,1
87e84fa5fabc,3166,01/2026C1/P/01/101-01/3/000132-3B,2026C1,01/101-01,MEDICINA,3,B,FISIOLOGÍA,2026-03-20 00:53:00,2026-06-06 00:49:00,13,46.15,2,4,100.0,69.32,29.62,5,61,0,Reprobado,1
87e84fa5fabc,3167,01/2026C1/P/01/101-01/3/000165-3B,2026C1,01/101-01,MEDICINA,3,B,METODOLOGÍA DE LA INVESTIGACIÓN,2026-03-25 22:36:00,2026-06-12 01:09:00,13,61.54,2,4,100.0,89.48,53.22,10,55,22,Reprobado,1
3fc4911b3f9c,3240,01/2026C1/P/05/167-02/2/000209-2B,2026C1,05/167-02,PSICOLOGÍA,2,B,PSICOLOGÍA GENERAL,2026-03-15 17:02:00,2026-08-02 16:10:00,13,100.0,3,4,100.0,93.37,93.71,0,4,17,Aprobado,0
3fc4911b3f9c,3241,01/2026C1/P/05/167-02/2/000110-2B,2026C1,05/167-02,PSICOLOGÍA,2,B,ESTADÍSTICA,2026-03-16 14:56:00,2026-07-31 15:04:00,13,100.0,0,4,100.0,89.58,94.44,1,6,14,Aprobado,0
3fc4911b3f9c,3242,01/2026C1/P/05/167-02/2/000187-2B,2026C1,05/167-02,PSICOLOGÍA,2,B,NEUROCIENCIAS,2026-03-16 15:27:00,2026-07-29 15:13:00,13,100.0,3,4,100.0,80.86,88.3,1,8,15,Aprobado,0
3fc4911b3f9c,3243,01/2026C1/P/05/167-02/2/000165-2B,2026C1,05/167-02,PSICOLOGÍA,2,B,METODOLOGÍA DE LA INVESTIGACIÓN,2026-03-16 15:40:00,2026-08-04 15:03:00,13,100.0,0,4,100.0,91.4,88.78,1,2,15,Aprobado,0
014e9356201e,3032,01/2026C1/P/01/101-01/3/000011-3A,2026C1,01/101-01,MEDICINA,3,A,ANATOMÍA HUMANA,2026-03-18 18:19:00,2026-07-29 18:27:00,13,100.0,1,4,100.0,96.77,89.65,3,8,18,Aprobado,0
014e9356201e,3033,01/2026C1/P/01/101-01/3/000033-3A,2026C1,01/101-01,MEDICINA,3,A,BIOQUÍMICA,2026-03-16 20:00:00,2026-07-31 17:39:00,13,100.0,0,4,100.0,84.31,87.6,1,6,20,Aprobado,0
014e9356201e,3034,01/2026C1/P/01/101-01/3/000132-3A,2026C1,01/101-01,MEDICINA,3,A,FISIOLOGÍA,2026-03-18 16:47:00,2026-07-31 16:32:00,13,100.0,3,4,100.0,87.44,89.39,3,6,16,Aprobado,0
014e9356201e,3035,01/2026C1/P/01/101-01/3/000165-3A,2026C1,01/101-01,MEDICINA,3,A,METODOLOGÍA DE LA INVESTIGACIÓN,2026-03-18 19:53:00,2026-07-31 17:31:00,13,100.0,1,4,100.0,88.83,91.94,3,6,19,Aprobado,0
ef9b01771a8f,3008,01/2026C1/P/01/101-01/2/000011-2B,2026C1,01/101-01,MEDICINA,2,B,ANATOMÍA HUMANA,2026-03-20 13:05:00,2026-07-31 12:48:00,13,100.0,1,4,100.0,95.44,97.42,5,6,13,Aprobado,0
ef9b01771a8f,3009,01/2026C1/P/01/101-01/2/000033-2B,2026C1,01/101-01,MEDICINA,2,B,BIOQUÍMICA,2026-03-17 16:19:00,2026-08-06 14:29:00,13,100.0,0,4,100.0,86.76,85.05,2,0,16,Aprobado,0
ef9b01771a8f,3010,01/2026C1/P/01/101-01/2/000132-2B,2026C1,01/101-01,MEDICINA,2,B,FISIOLOGÍA,2026-03-17 14:25:00,2026-07-31 16:05:00,13,100.0,2,4,100.0,97.44,96.85,2,6,14,Aprobado,0
ef9b01771a8f,3011,01/2026C1/P/01/101-01/2/000165-2B,2026C1,01/101-01,MEDICINA,2,B,METODOLOGÍA DE LA INVESTIGACIÓN,2026-03-24 12:58:00,2026-08-03 13:46:00,13,92.31,0,4,100.0,81.02,82.31,9,3,12,Aprobado,0
339ec19e47cf,3076,01/2026C1/P/01/101-01/4/000011-4B,2026C1,01/101-01,MEDICINA,4,B,ANATOMÍA HUMANA,2026-03-19 23:34:00,2026-08-06 22:03:00,13,100.0,1,4,100.0,86.93,86.05,4,0,23,Aprobado,0
339ec19e47cf,3077,01/2026C1/P/01/101-01/4/000033-4B,2026C1,01/101-01,MEDICINA,4,B,BIOQUÍMICA,2026-03-18 19:42:00,2026-07-30 20:53:00,13,100.0,0,4,100.0,94.26,89.41,3,7,19,Aprobado,0
339ec19e47cf,3078,01/2026C1/P/01/101-01/4/000132-4B,2026C1,01/101-01,MEDICINA,4,B,FISIOLOGÍA,2026-03-17 23:59:00,2026-08-07 22:31:00,13,100.0,2,4,100.0,95.81,96.14,2,0,23,Aprobado,0
339ec19e47cf,3079,01/2026C1/P/01/101-01/4/000165-4B,2026C1,01/101-01,MEDICINA,4,B,METODOLOGÍA DE LA INVESTIGACIÓN,2026-03-23 20:33:00,2026-08-07 22:40:00,13,100.0,0,4,100.0,93.72,91.92,8,0,20,Aprobado,0
37bf357a6996,3252,01/2026C1/P/01/101-01/5/000011-5A,2026C1,01/101-01,MEDICINA,5,A,ANATOMÍA HUMANA,2026-03-18 20:29:00,2026-07-29 21:51:00,13,100.0,1,4,100.0,77.78,80.59,3,8,20,Aprobado,0
37bf357a6996,3253,01/2026C1/P/01/101-01/5/000033-5A,2026C1,01/101-01,MEDICINA,5,A,BIOQUÍMICA,2026-04-05 20:04:00,2026-07-30 21:28:00,13,46.15,0,4,50.0,35.16,30.78,21,7,20,Reprobado,1
37bf357a6996,3254,01/2026C1/P/01/101-01/5/000132-5A,2026C1,01/101-01,MEDICINA,5,A,FISIOLOGÍA,2026-03-24 21:16:00,2026-08-03 00:15:00,13,100.0,1,4,100.0,85.84,84.74,9,3,21,Aprobado,0
37bf357a6996,3255,01/2026C1/P/01/101-01/5/000165-5A,2026C1,01/101-01,MEDICINA,5,A,METODOLOGÍA DE LA INVESTIGACIÓN,2026-03-26 21:08:00,2026-08-03 21:55:00,13,92.31,5,4,100.0,80.33,74.57,11,3,21,Aprobado,0
916601f72bf0,3048,01/2026C1/P/03/210-01/5/000066-5B,2026C1,03/210-01,INGENIERÍA DE SOFTWARE,5,B,CÁLCULO DIFERENCIAL,2026-03-17 00:12:00,2026-08-02 21:53:00,13,100.0,3,4,100.0,64.39,65.22,2,4,0,Reprobado,1
916601f72bf0,3049,01/2026C1/P/03/210-01/5/000198-5B,2026C1,03/210-01,INGENIERÍA DE SOFTWARE,5,B,PROGRAMACIÓN I,2026-04-04 23:13:00,2026-07-30 00:50:00,13,92.31,4,4,75.0,50.43,66.05,20,7,23,Reprobado,1
916601f72bf0,3050,01/2026C1/P/03/210-01/5/000022-5B,2026C1,03/210-01,INGENIERÍA DE SOFTWARE,5,B,BASE DE DATOS,2026-03-18 00:31:00,2026-08-03 00:32:00,13,92.31,4,4,100.0,74.61,70.72,3,3,0,Aprobado,0
916601f72bf0,3051,01/2026C1/P/03/210-01/5/000165-5B,2026C1,03/210-01,INGENIERÍA DE SOFTWARE,5,B,METODOLOGÍA DE LA INVESTIGACIÓN,2026-03-22 00:22:00,2026-08-07 23:03:00,13,100.0,1,4,100.0,79.54,77.54,7,0,0,Aprobado,0
d2c56bb578f3,3252,01/2026C1/P/01/101-01/5/000011-5A,2026C1,01/101-01,MEDICINA,5,A,ANATOMÍA HUMANA,2026-03-18 14:09:00,2026-07-30 12:03:00,13,100.0,1,4,100.0,93.08,89.49,3,7,14,Aprobado,0
d2c56bb578f3,3253,01/2026C1/P/01/101-01/5/000033-5A,2026C1,01/101-01,MEDICINA,5,A,BIOQUÍMICA,2026-03-16 13:54:00,2026-07-31 11:54:00,13,100.0,0,4,100.0,98.6,95.14,1,6,13,Aprobado,0
d2c56bb578f3,3254,01/2026C1/P/01/101-01/5/000132-5A,2026C1,01/101-01,MEDICINA,5,A,FISIOLOGÍA,2026-03-16 11:44:00,2026-08-06 11:31:00,13,100.0,1,4,100.0,94.87,89.53,1,0,11,Aprobado,0
d2c56bb578f3,3255,01/2026C1/P/01/101-01/5/000165-5A,2026C1,01/101-01,MEDICINA,5,A,METODOLOGÍA DE LA INVESTIGACIÓN,2026-03-16 13:18:00,2026-08-06 13:11:00,13,100.0,0,4,100.0,98.12,93.54,1,0,13,Aprobado,0
51e3fa74cca6,3144,01/2026C1/P/04/120-03/1/000143-1B,2026C1,04/120-03,ECONOMÍA,1,B,MACROECONOMÍA,2026-04-09 21:12:00,2026-08-04 23:53:00,13,69.23,3,4,25.0,16.62,52.9,25,2,21,Reprobado,1
51e3fa74cca6,3145,01/2026C1/P/04/120-03/1/000176-1B,2026C1,04/120-03,ECONOMÍA,1,B,MICROECONOMÍA,2026-03-20 21:14:00,2026-07-31 22:38:00,13,92.31,4,4,100.0,84.71,74.51,5,6,21,Aprobado,0
51e3fa74cca6,3146,01/2026C1/P/04/120-03/1/000110-1B,2026C1,04/120-03,ECONOMÍA,1,B,ESTADÍSTICA,2026-03-19 22:35:00,2026-07-29 22:27:00,13,92.31,3,4,100.0,75.55,76.75,4,8,22,Aprobado,0
51e3fa74cca6,3147,01/2026C1/P/04/120-03/1/000165-1B,2026C1,04/120-03,ECONOMÍA,1,B,METODOLOGÍA DE LA INVESTIGACIÓN,2026-03-29 23:30:00,2026-07-30 23:30:00,13,84.62,5,4,75.0,58.85,66.96,14,7,23,Reprobado,1
295092755d34,3240,01/2026C1/P/05/167-02/2/000209-2B,2026C1,05/167-02,PSICOLOGÍA,2,B,PSICOLOGÍA GENERAL,2026-03-20 19:13:00,2026-08-05 19:39:00,13,100.0,3,4,100.0,90.7,87.9,5,1,19,Aprobado,0
295092755d34,3241,01/2026C1/P/05/167-02/2/000110-2B,2026C1,05/167-02,PSICOLOGÍA,2,B,ESTADÍSTICA,2026-03-24 18:50:00,2026-08-06 19:43:00,13,38.46,1,4,50.0,34.4,25.07,9,0,18,Reprobado,1
295092755d34,3242,01/2026C1/P/05/167-02/2/000187-2B,2026C1,05/167-02,PSICOLOGÍA,2,B,NEUROCIENCIAS,2026-03-31 18:41:00,2026-07-31 18:47:00,13,100.0,2,4,100.0,75.85,80.66,16,6,18,Aprobado,0
295092755d34,3243,01/2026C1/P/05/167-02/2/000165-2B,2026C1,05/167-02,PSICOLOGÍA,2,B,METODOLOGÍA DE LA INVESTIGACIÓN,2026-03-24 18:00:00,2026-08-06 18:29:00,13,92.31,1,4,100.0,81.14,70.19,9,0,18,Aprobado,0
32189a7c9fc0,3104,01/2026C1/P/04/132-02/4/000044-4B,2026C1,04/132-02,CONTABILIDAD Y AUDITORÍA,4,B,CONTABILIDAD GENERAL,2026-03-20 19:06:00,2026-07-31 23:19:00,13,100.0,3,4,100.0,76.5,68.95,5,6,19,Reprobado,1
32189a7c9fc0,3105,01/2026C1/P/04/132-02/4/000154-4B,2026C1,04/132-02,CONTABILIDAD Y AUDITORÍA,4,B,MATEMÁTICA FINANCIERA,2026-03-18 21:59:00,2026-08-01 21:12:00,13,84.62,1,4,100.0,70.05,56.78,3,5,21,Reprobado,1
32189a7c9fc0,3106,01/2026C1/P/04/132-02/4/000220-4B,2026C1,04/132-02,CONTABILIDAD Y AUDITORÍA,4,B,TRIBUTACIÓN,2026-03-16 22:03:00,2026-07-29 19:55:00,13,100.0,5,4,100.0,80.62,65.33,1,8,22,Reprobado,1
32189a7c9fc0,3107,01/2026C1/P/04/132-02/4/000165-4B,2026C1,04/132-02,CONTABILIDAD Y AUDITORÍA,4,B,METODOLOGÍA DE LA INVESTIGACIÓN,2026-03-19 22:25:00,2026-08-06 18:53:00,13,84.62,1,4,100.0,60.04,54.61,4,0,22,Reprobado,1
c54c19348297,3004,01/2026C1/P/04/132-02/3/000044-3A,2026C1,04/132-02,CONTABILIDAD Y AUDITORÍA,3,A,CONTABILIDAD GENERAL,2026-03-16 15:55:00,2026-08-01 15:46:00,13,100.0,1,4,100.0,97.26,98.55,1,5,15,Aprobado,0
c54c19348297,3005,01/2026C1/P/04/132-02/3/000154-3A,2026C1,04/132-02,CONTABILIDAD Y AUDITORÍA,3,A,MATEMÁTICA FINANCIERA,2026-03-15 14:51:00,2026-08-05 14:28:00,13,100.0,2,4,100.0,90.25,94.57,0,1,14,Aprobado,0
c54c19348297,3006,01/2026C1/P/04/132-02/3/000220-3A,2026C1,04/132-02,CONTABILIDAD Y AUDITORÍA,3,A,TRIBUTACIÓN,2026-03-26 14:11:00,2026-08-07 14:57:00,13,100.0,2,4,100.0,96.15,98.23,11,0,14,Aprobado,0
c54c19348297,3007,01/2026C1/P/04/132-02/3/000165-3A,2026C1,04/132-02,CONTABILIDAD Y AUDITORÍA,3,A,METODOLOGÍA DE LA INVESTIGACIÓN,2026-03-18 12:37:00,2026-07-31 16:11:00,13,100.0,3,4,100.0,100.0,97.56,3,6,12,Aprobado,0
434f40a4986b,3048,01/2026C1/P/03/210-01/5/000066-5B,2026C1,03/210-01,INGENIERÍA DE SOFTWARE,5,B,CÁLCULO DIFERENCIAL,2026-04-04 16:21:00,2026-07-30 16:42:00,13,76.92,1,4,75.0,45.72,50.24,20,7,16,Reprobado,1
434f40a4986b,3049,01/2026C1/P/03/210-01/5/000198-5B,2026C1,03/210-01,INGENIERÍA DE SOFTWARE,5,B,PROGRAMACIÓN I,2026-03-31 14:31:00,2026-08-04 15:08:00,13,100.0,2,4,100.0,75.06,76.49,16,2,14,Aprobado,0
434f40a4986b,3050,01/2026C1/P/03/210-01/5/000022-5B,2026C1,03/210-01,INGENIERÍA DE SOFTWARE,5,B,BASE DE DATOS,2026-03-22 13:02:00,2026-08-07 15:17:00,13,100.0,2,4,100.0,79.15,86.09,7,0,13,Aprobado,0
434f40a4986b,3051,01/2026C1/P/03/210-01/5/000165-5B,2026C1,03/210-01,INGENIERÍA DE SOFTWARE,5,B,METODOLOGÍA DE LA INVESTIGACIÓN,2026-03-17 16:28:00,2026-07-29 13:49:00,13,100.0,0,4,100.0,75.0,83.47,2,8,16,Aprobado,0
17080d723f35,3016,01/2026C1/P/01/188-01/2/000011-2A,2026C1,01/188-01,ENFERMERÍA,2,A,ANATOMÍA HUMANA,2026-03-16 20:03:00,2026-08-04 21:30:00,13,100.0,3,4,100.0,75.14,80.38,1,2,20,Aprobado,0
17080d723f35,3017,01/2026C1/P/01/188-01/2/000055-2A,2026C1,01/188-01,ENFERMERÍA,2,A,CUIDADO BÁSICO,2026-03-17 20:34:00,2026-07-29 20:10:00,13,84.62,3,4,75.0,60.61,70.78,2,8,20,Aprobado,0
17080d723f35,3018,01/2026C1/P/01/188-01/2/000121-2A,2026C1,01/188-01,ENFERMERÍA,2,A,FARMACOLOGÍA,2026-03-18 19:29:00,2026-08-05 20:57:00,13,92.31,2,4,100.0,76.21,74.61,3,1,19,Aprobado,0
17080d723f35,3019,01/2026C1/P/01/188-01/2/000165-2A,2026C1,01/188-01,ENFERMERÍA,2,A,METODOLOGÍA DE LA INVESTIGACIÓN,2026-03-23 19:52:00,2026-08-06 20:20:00,13,100.0,3,4,100.0,84.34,80.12,8,0,19,Aprobado,0
2d694c1a154c,3232,01/2026C1/P/01/101-01/2/000011-2A,2026C1,01/101-01,MEDICINA,2,A,ANATOMÍA HUMANA,2026-03-16 12:51:00,2026-08-04 13:41:00,13,100.0,3,4,100.0,94.01,87.02,1,2,12,Aprobado,0
2d694c1a154c,3233,01/2026C1/P/01/101-01/2/000033-2A,2026C1,01/101-01,MEDICINA,2,A,BIOQUÍMICA,2026-03-16 12:02:00,2026-08-02 13:28:00,13,100.0,1,4,100.0,85.38,90.41,1,4,12,Aprobado,0
2d694c1a154c,3234,01/2026C1/P/01/101-01/2/000132-2A,2026C1,01/101-01,MEDICINA,2,A,FISIOLOGÍA,2026-03-17 13:33:00,2026-08-05 13:25:00,13,100.0,1,4,100.0,95.22,96.98,2,1,13,Aprobado,0
2d694c1a154c,3235,01/2026C1/P/01/101-01/2/000165-2A,2026C1,01/101-01,MEDICINA,2,A,METODOLOGÍA DE LA INVESTIGACIÓN,2026-03-15 12:42:00,2026-08-03 14:05:00,13,100.0,1,4,100.0,100.0,97.41,0,3,12,Aprobado,0
3167667aa944,3180,01/2026C1/P/02/145-01/3/000077-3B,2026C1,02/145-01,DERECHO,3,B,DERECHO CIVIL,2026-03-20 20:26:00,2026-06-09 21:35:00,13,53.85,1,4,75.0,61.88,43.3,5,58,20,Reprobado,1
3167667aa944,3181,01/2026C1/P/02/145-01/3/000099-3B,2026C1,02/145-01,DERECHO,3,B,DERECHO PENAL,2026-03-15 22:09:00,2026-06-05 22:28:00,13,53.85,2,4,100.0,81.88,42.88,0,62,22,Reprobado,1
3167667aa944,3182,01/2026C1/P/02/145-01/3/000088-3B,2026C1,02/145-01,DERECHO,3,B,DERECHO CONSTITUCIONAL,2026-03-19 22:16:00,2026-04-25 20:46:00,13,15.38,1,4,50.0,34.48,10.49,4,103,22,Reprobado,1
3167667aa944,3183,01/2026C1/P/02/145-01/3/000165-3B,2026C1,02/145-01,DERECHO,3,B,METODOLOGÍA DE LA INVESTIGACIÓN,2026-03-31 21:21:00,2026-05-06 22:10:00,13,38.46,4,4,100.0,73.54,28.95,16,92,21,Reprobado,1
b839c0432d65,3088,01/2026C1/P/04/132-02/1/000044-1B,2026C1,04/132-02,CONTABILIDAD Y AUDITORÍA,1,B,CONTABILIDAD GENERAL,2026-03-23 17:10:00,2026-08-04 17:52:00,13,100.0,0,4,100.0,82.92,87.48,8,2,17,Aprobado,0
b839c0432d65,3089,01/2026C1/P/04/132-02/1/000154-1B,2026C1,04/132-02,CONTABILIDAD Y AUDITORÍA,1,B,MATEMÁTICA FINANCIERA,2026-03-23 17:27:00,2026-08-05 17:19:00,13,100.0,3,4,100.0,92.51,88.92,8,1,17,Aprobado,0
b839c0432d65,3090,01/2026C1/P/04/132-02/1/000220-1B,2026C1,04/132-02,CONTABILIDAD Y AUDITORÍA,1,B,TRIBUTACIÓN,2026-03-16 18:04:00,2026-08-03 19:50:00,13,100.0,2,4,100.0,88.05,89.58,1,3,18,Aprobado,0
b839c0432d65,3091,01/2026C1/P/04/132-02/1/000165-1B,2026C1,04/132-02,CONTABILIDAD Y AUDITORÍA,1,B,METODOLOGÍA DE LA INVESTIGACIÓN,2026-03-19 15:47:00,2026-08-06 17:23:00,13,100.0,1,4,100.0,94.79,92.55,4,0,15,Aprobado,0
fd561a8b3e1a,3192,01/2026C1/P/01/188-01/3/000011-3A,2026C1,01/188-01,ENFERMERÍA,3,A,ANATOMÍA HUMANA,2026-03-21 00:12:00,2026-07-31 23:38:00,13,100.0,0,4,100.0,90.92,86.81,6,6,0,Aprobado,0
fd561a8b3e1a,3193,01/2026C1/P/01/188-01/3/000055-3A,2026C1,01/188-01,ENFERMERÍA,3,A,CUIDADO BÁSICO,2026-03-22 01:41:00,2026-07-29 23:17:00,13,100.0,5,4,100.0,81.8,80.08,7,8,1,Aprobado,0
fd561a8b3e1a,3194,01/2026C1/P/01/188-01/3/000121-3A,2026C1,01/188-01,ENFERMERÍA,3,A,FARMACOLOGÍA,2026-03-18 00:17:00,2026-08-01 23:36:00,13,100.0,4,4,100.0,77.27,80.99,3,5,0,Aprobado,0
fd561a8b3e1a,3195,01/2026C1/P/01/188-01/3/000165-3A,2026C1,01/188-01,ENFERMERÍA,3,A,METODOLOGÍA DE LA INVESTIGACIÓN,2026-03-15 22:09:00,2026-08-06 00:55:00,13,100.0,3,4,100.0,76.4,78.04,0,0,22,Aprobado,0
c25b30dbf69b,3140,01/2026C1/P/04/120-03/3/000143-3B,2026C1,04/120-03,ECONOMÍA,3,B,MACROECONOMÍA,2026-03-16 17:52:00,2026-08-07 19:42:00,13,100.0,2,4,100.0,72.3,82.43,1,0,17,Aprobado,0
c25b30dbf69b,3141,01/2026C1/P/04/120-03/3/000176-3B,2026C1,04/120-03,ECONOMÍA,3,B,MICROECONOMÍA,2026-03-21 20:05:00,2026-07-29 19:42:00,13,100.0,3,4,100.0,89.78,87.07,6,8,20,Aprobado,0
c25b30dbf69b,3142,01/2026C1/P/04/120-03/3/000110-3B,2026C1,04/120-03,ECONOMÍA,3,B,ESTADÍSTICA,2026-03-22 18:03:00,2026-07-30 19:16:00,13,100.0,0,4,100.0,86.14,85.35,7,7,18,Aprobado,0
c25b30dbf69b,3143,01/2026C1/P/04/120-03/3/000165-3B,2026C1,04/120-03,ECONOMÍA,3,B,METODOLOGÍA DE LA INVESTIGACIÓN,2026-03-23 21:15:00,2026-08-01 17:49:00,13,100.0,1,4,100.0,89.95,91.72,8,5,21,Aprobado,0
aea9061a604f,3060,01/2026C1/P/05/167-02/5/000209-5B,2026C1,05/167-02,PSICOLOGÍA,5,B,PSICOLOGÍA GENERAL,2026-03-18 21:20:00,2026-06-12 19:43:00,13,61.54,1,4,100.0,88.28,56.04,3,55,21,Reprobado,1
aea9061a604f,3061,01/2026C1/P/05/167-02/5/000110-5B,2026C1,05/167-02,PSICOLOGÍA,5,B,ESTADÍSTICA,2026-03-17 19:17:00,2026-06-06 17:00:00,13,53.85,0,4,100.0,92.11,45.47,2,61,19,Reprobado,1
aea9061a604f,3062,01/2026C1/P/05/167-02/5/000187-5B,2026C1,05/167-02,PSICOLOGÍA,5,B,NEUROCIENCIAS,2026-03-26 20:07:00,2026-06-03 19:54:00,13,53.85,0,4,100.0,92.85,47.82,11,64,20,Reprobado,1
aea9061a604f,3063,01/2026C1/P/05/167-02/5/000165-5B,2026C1,05/167-02,PSICOLOGÍA,5,B,METODOLOGÍA DE LA INVESTIGACIÓN,2026-03-22 20:04:00,2026-06-13 19:09:00,13,61.54,1,4,100.0,91.5,53.77,7,54,20,Reprobado,1
859406eb7067,3236,01/2026C1/P/02/145-01/5/000077-5B,2026C1,02/145-01,DERECHO,5,B,DERECHO CIVIL,2026-03-30 22:03:00,2026-07-31 21:09:00,13,100.0,3,4,100.0,74.96,75.34,15,6,22,Aprobado,0
859406eb7067,3237,01/2026C1/P/02/145-01/5/000099-5B,2026C1,02/145-01,DERECHO,5,B,DERECHO PENAL,2026-03-18 22:20:00,2026-08-03 23:32:00,13,100.0,4,4,100.0,88.28,82.2,3,3,22,Aprobado,0
859406eb7067,3238,01/2026C1/P/02/145-01/5/000088-5B,2026C1,02/145-01,DERECHO,5,B,DERECHO CONSTITUCIONAL,2026-03-19 22:38:00,2026-08-03 23:29:00,13,92.31,3,4,100.0,86.79,74.35,4,3,22,Aprobado,0
859406eb7067,3239,01/2026C1/P/02/145-01/5/000165-5B,2026C1,02/145-01,DERECHO,5,B,METODOLOGÍA DE LA INVESTIGACIÓN,2026-03-22 21:43:00,2026-08-02 20:56:00,13,100.0,2,4,100.0,88.99,87.62,7,4,21,Aprobado,0
2832e94f18c9,3244,01/2026C1/P/02/145-01/2/000077-2A,2026C1,02/145-01,DERECHO,2,A,DERECHO CIVIL,2026-03-16 21:46:00,2026-08-05 23:19:00,13,76.92,0,4,100.0,78.23,56.54,1,1,21,Reprobado,1
2832e94f18c9,3245,01/2026C1/P/02/145-01/2/000099-2A,2026C1,02/145-01,DERECHO,2,A,DERECHO PENAL,2026-03-30 22:02:00,2026-07-29 22:48:00,13,84.62,1,4,75.0,49.08,64.89,15,8,22,Reprobado,1
2832e94f18c9,3246,01/2026C1/P/02/145-01/2/000088-2A,2026C1,02/145-01,DERECHO,2,A,DERECHO CONSTITUCIONAL,2026-03-19 21:26:00,2026-08-05 22:40:00,13,100.0,1,4,100.0,88.18,88.62,4,1,21,Aprobado,0
2832e94f18c9,3247,01/2026C1/P/02/145-01/2/000165-2A,2026C1,02/145-01,DERECHO,2,A,METODOLOGÍA DE LA INVESTIGACIÓN,2026-04-07 21:13:00,2026-08-06 21:00:00,13,76.92,0,4,100.0,85.09,62.05,23,0,21,Reprobado,1
8f0c96480400,3156,01/2026C1/P/04/120-03/4/000143-4B,2026C1,04/120-03,ECONOMÍA,4,B,MACROECONOMÍA,2026-03-18 13:34:00,2026-08-04 15:23:00,13,100.0,1,4,100.0,95.96,92.26,3,2,13,Aprobado,0
8f0c96480400,3157,01/2026C1/P/04/120-03/4/000176-4B,2026C1,04/120-03,ECONOMÍA,4,B,MICROECONOMÍA,2026-03-20 14:14:00,2026-07-30 15:10:00,13,100.0,0,4,100.0,97.17,98.33,5,7,14,Aprobado,0
8f0c96480400,3158,01/2026C1/P/04/120-03/4/000110-4B,2026C1,04/120-03,ECONOMÍA,4,B,ESTADÍSTICA,2026-03-17 14:55:00,2026-07-31 13:34:00,13,100.0,3,4,100.0,94.56,93.64,2,6,14,Aprobado,0
8f0c96480400,3159,01/2026C1/P/04/120-03/4/000165-4B,2026C1,04/120-03,ECONOMÍA,4,B,METODOLOGÍA DE LA INVESTIGACIÓN,2026-03-16 16:04:00,2026-08-02 15:26:00,13,100.0,2,4,100.0,85.36,87.71,1,4,16,Aprobado,0
4dd4aaa0fbe5,3164,01/2026C1/P/01/101-01/3/000011-3B,2026C1,01/101-01,MEDICINA,3,B,ANATOMÍA HUMANA,2026-03-17 23:00:00,2026-07-29 22:28:00,13,100.0,3,4,100.0,87.1,80.47,2,8,23,Aprobado,0
4dd4aaa0fbe5,3165,01/2026C1/P/01/101-01/3/000033-3B,2026C1,01/101-01,MEDICINA,3,B,BIOQUÍMICA,2026-04-13 21:27:00,2026-08-04 22:22:00,13,100.0,2,4,100.0,68.74,70.23,29,2,21,Aprobado,0
4dd4aaa0fbe5,3166,01/2026C1/P/01/101-01/3/000132-3B,2026C1,01/101-01,MEDICINA,3,B,FISIOLOGÍA,2026-03-15 23:32:00,2026-08-05 21:43:00,13,92.31,1,4,100.0,82.24,69.02,0,1,23,Reprobado,1
4dd4aaa0fbe5,3167,01/2026C1/P/01/101-01/3/000165-3B,2026C1,01/101-01,MEDICINA,3,B,METODOLOGÍA DE LA INVESTIGACIÓN,2026-03-22 21:02:00,2026-08-05 22:38:00,13,84.62,3,4,100.0,58.3,58.49,7,1,21,Reprobado,1
df2efb797eaf,3276,01/2026C1/P/05/167-02/1/000209-1B,2026C1,05/167-02,PSICOLOGÍA,1,B,PSICOLOGÍA GENERAL,2026-03-18 21:58:00,2026-04-21 21:37:00,13,30.77,0,4,75.0,54.26,23.82,3,107,21,Reprobado,1
df2efb797eaf,3277,01/2026C1/P/05/167-02/1/000110-1B,2026C1,05/167-02,PSICOLOGÍA,1,B,ESTADÍSTICA,2026-03-30 21:35:00,2026-04-21 21:37:00,13,15.38,1,4,50.0,29.9,9.44,15,107,21,Reprobado,1
df2efb797eaf,3278,01/2026C1/P/05/167-02/1/000187-1B,2026C1,05/167-02,PSICOLOGÍA,1,B,NEUROCIENCIAS,2026-04-20 23:58:00,2026-05-14 22:00:00,13,30.77,0,4,100.0,85.84,25.69,36,84,23,Reprobado,1
df2efb797eaf,3279,01/2026C1/P/05/167-02/1/000165-1B,2026C1,05/167-02,PSICOLOGÍA,1,B,METODOLOGÍA DE LA INVESTIGACIÓN,2026-03-23 21:11:00,2026-05-19 20:20:00,13,30.77,3,4,75.0,51.84,22.71,8,79,21,Reprobado,1
1cb5dd393b13,3060,01/2026C1/P/05/167-02/5/000209-5B,2026C1,05/167-02,PSICOLOGÍA,5,B,PSICOLOGÍA GENERAL,2026-03-15 18:49:00,2026-08-05 18:03:00,13,100.0,4,4,100.0,89.94,88.43,0,1,18,Aprobado,0
1cb5dd393b13,3061,01/2026C1/P/05/167-02/5/000110-5B,2026C1,05/167-02,PSICOLOGÍA,5,B,ESTADÍSTICA,2026-03-17 20:37:00,2026-08-04 21:16:00,13,100.0,1,4,100.0,92.04,85.27,2,2,20,Aprobado,0
1cb5dd393b13,3062,01/2026C1/P/05/167-02/5/000187-5B,2026C1,05/167-02,PSICOLOGÍA,5,B,NEUROCIENCIAS,2026-03-17 21:25:00,2026-08-05 19:45:00,13,92.31,1,4,100.0,89.42,80.85,2,1,21,Aprobado,0
1cb5dd393b13,3063,01/2026C1/P/05/167-02/5/000165-5B,2026C1,05/167-02,PSICOLOGÍA,5,B,METODOLOGÍA DE LA INVESTIGACIÓN,2026-03-16 21:04:00,2026-08-05 21:31:00,13,100.0,1,4,100.0,86.33,81.63,1,1,21,Aprobado,0
f812f2b11bb5,3224,01/2026C1/P/02/145-01/4/000077-4A,2026C1,02/145-01,DERECHO,4,A,DERECHO CIVIL,2026-03-17 18:24:00,2026-08-04 20:45:00,13,100.0,3,4,100.0,69.14,79.44,2,2,18,Aprobado,0
f812f2b11bb5,3225,01/2026C1/P/02/145-01/4/000099-4A,2026C1,02/145-01,DERECHO,4,A,DERECHO PENAL,2026-03-16 20:35:00,2026-08-06 19:12:00,13,100.0,4,4,100.0,97.24,93.65,1,0,20,Aprobado,0
f812f2b11bb5,3226,01/2026C1/P/02/145-01/4/000088-4A,2026C1,02/145-01,DERECHO,4,A,DERECHO CONSTITUCIONAL,2026-03-16 20:04:00,2026-08-07 19:46:00,13,100.0,3,4,100.0,89.0,85.27,1,0,20,Aprobado,0
f812f2b11bb5,3227,01/2026C1/P/02/145-01/4/000165-4A,2026C1,02/145-01,DERECHO,4,A,METODOLOGÍA DE LA INVESTIGACIÓN,2026-03-19 21:00:00,2026-08-01 20:41:00,13,100.0,3,4,100.0,85.6,86.99,4,5,21,Aprobado,0
e0579ec00b4e,3180,01/2026C1/P/02/145-01/3/000077-3B,2026C1,02/145-01,DERECHO,3,B,DERECHO CIVIL,2026-03-15 22:53:00,2026-08-06 22:49:00,13,100.0,0,4,100.0,98.94,97.86,0,0,22,Aprobado,0
e0579ec00b4e,3181,01/2026C1/P/02/145-01/3/000099-3B,2026C1,02/145-01,DERECHO,3,B,DERECHO PENAL,2026-03-22 22:51:00,2026-08-08 00:02:00,13,100.0,0,4,100.0,97.64,96.14,7,0,22,Aprobado,0
e0579ec00b4e,3182,01/2026C1/P/02/145-01/3/000088-3B,2026C1,02/145-01,DERECHO,3,B,DERECHO CONSTITUCIONAL,2026-03-21 21:18:00,2026-08-06 22:59:00,13,100.0,1,4,100.0,99.92,96.37,6,0,21,Aprobado,0
e0579ec00b4e,3183,01/2026C1/P/02/145-01/3/000165-3B,2026C1,02/145-01,DERECHO,3,B,METODOLOGÍA DE LA INVESTIGACIÓN,2026-03-16 21:41:00,2026-08-04 22:00:00,13,100.0,1,4,100.0,89.34,92.06,1,2,21,Aprobado,0
f493147374cf,3052,01/2026C1/P/04/132-02/2/000044-2A,2026C1,04/132-02,CONTABILIDAD Y AUDITORÍA,2,A,CONTABILIDAD GENERAL,2026-03-20 19:39:00,2026-08-02 18:26:00,13,100.0,0,4,100.0,87.41,87.65,5,4,19,Aprobado,0
f493147374cf,3053,01/2026C1/P/04/132-02/2/000154-2A,2026C1,04/132-02,CONTABILIDAD Y AUDITORÍA,2,A,MATEMÁTICA FINANCIERA,2026-03-17 18:17:00,2026-08-05 19:13:00,13,100.0,1,4,100.0,94.56,90.25,2,1,18,Aprobado,0
f493147374cf,3054,01/2026C1/P/04/132-02/2/000220-2A,2026C1,04/132-02,CONTABILIDAD Y AUDITORÍA,2,A,TRIBUTACIÓN,2026-03-20 19:52:00,2026-08-05 19:25:00,13,100.0,2,4,100.0,97.72,96.32,5,1,19,Aprobado,0
f493147374cf,3055,01/2026C1/P/04/132-02/2/000165-2A,2026C1,04/132-02,CONTABILIDAD Y AUDITORÍA,2,A,METODOLOGÍA DE LA INVESTIGACIÓN,2026-03-20 18:45:00,2026-08-04 17:52:00,13,100.0,0,4,100.0,89.43,89.99,5,2,18,Aprobado,0
a3f42d9cd787,3196,01/2026C1/P/01/101-01/4/000011-4A,2026C1,01/101-01,MEDICINA,4,A,ANATOMÍA HUMANA,2026-03-18 19:47:00,2026-07-29 20:20:00,13,100.0,4,4,100.0,69.09,67.54,3,8,19,Reprobado,1
a3f42d9cd787,3197,01/2026C1/P/01/101-01/4/000033-4A,2026C1,01/101-01,MEDICINA,4,A,BIOQUÍMICA,2026-05-02 19:55:00,2026-08-07 20:06:00,13,15.38,0,4,0.0,0.0,7.05,48,0,19,Reprobado,1
a3f42d9cd787,3198,01/2026C1/P/01/101-01/4/000132-4A,2026C1,01/101-01,MEDICINA,4,A,FISIOLOGÍA,2026-03-17 20:28:00,2026-08-01 17:56:00,13,100.0,1,4,100.0,62.35,70.35,2,5,20,Aprobado,0
a3f42d9cd787,3199,01/2026C1/P/01/101-01/4/000165-4A,2026C1,01/101-01,MEDICINA,4,A,METODOLOGÍA DE LA INVESTIGACIÓN,2026-03-22 20:30:00,2026-08-03 19:51:00,13,84.62,0,4,75.0,49.97,56.47,7,3,20,Reprobado,1
77fdd7e8c027,3128,01/2026C1/P/01/188-01/2/000011-2B,2026C1,01/188-01,ENFERMERÍA,2,B,ANATOMÍA HUMANA,2026-03-21 19:04:00,2026-07-30 17:54:00,13,84.62,2,4,100.0,70.27,61.34,6,7,19,Reprobado,1
77fdd7e8c027,3129,01/2026C1/P/01/188-01/2/000055-2B,2026C1,01/188-01,ENFERMERÍA,2,B,CUIDADO BÁSICO,2026-03-23 21:43:00,2026-08-07 20:53:00,13,100.0,3,4,100.0,83.51,86.37,8,0,21,Aprobado,0
77fdd7e8c027,3130,01/2026C1/P/01/188-01/2/000121-2B,2026C1,01/188-01,ENFERMERÍA,2,B,FARMACOLOGÍA,2026-03-19 20:27:00,2026-08-06 20:49:00,13,92.31,1,4,100.0,74.79,69.61,4,0,20,Reprobado,1
77fdd7e8c027,3131,01/2026C1/P/01/188-01/2/000165-2B,2026C1,01/188-01,ENFERMERÍA,2,B,METODOLOGÍA DE LA INVESTIGACIÓN,2026-03-19 21:22:00,2026-08-04 19:47:00,13,100.0,3,4,100.0,82.78,78.98,4,2,21,Aprobado,0
984643c25eb5,3216,01/2026C1/P/03/210-01/4/000066-4A,2026C1,03/210-01,INGENIERÍA DE SOFTWARE,4,A,CÁLCULO DIFERENCIAL,2026-03-23 20:10:00,2026-08-07 19:02:00,13,100.0,1,4,100.0,89.81,94.06,8,0,20,Aprobado,0
984643c25eb5,3217,01/2026C1/P/03/210-01/4/000198-4A,2026C1,03/210-01,INGENIERÍA DE SOFTWARE,4,A,PROGRAMACIÓN I,2026-03-15 19:20:00,2026-08-02 19:29:00,13,100.0,2,4,100.0,97.32,92.64,0,4,19,Aprobado,0
984643c25eb5,3218,01/2026C1/P/03/210-01/4/000022-4A,2026C1,03/210-01,INGENIERÍA DE SOFTWARE,4,A,BASE DE DATOS,2026-03-18 20:28:00,2026-08-02 20:20:00,13,100.0,2,4,100.0,100.0,95.66,3,4,20,Aprobado,0
984643c25eb5,3219,01/2026C1/P/03/210-01/4/000165-4A,2026C1,03/210-01,INGENIERÍA DE SOFTWARE,4,A,METODOLOGÍA DE LA INVESTIGACIÓN,2026-03-20 20:57:00,2026-08-01 20:10:00,13,100.0,2,4,100.0,92.02,92.9,5,5,20,Aprobado,0
1cc948f6c0a3,3212,01/2026C1/P/03/210-01/1/000066-1B,2026C1,03/210-01,INGENIERÍA DE SOFTWARE,1,B,CÁLCULO DIFERENCIAL,2026-03-16 19:32:00,2026-08-01 20:47:00,13,100.0,3,4,100.0,77.38,73.66,1,5,19,Aprobado,0
1cc948f6c0a3,3213,01/2026C1/P/03/210-01/1/000198-1B,2026C1,03/210-01,INGENIERÍA DE SOFTWARE,1,B,PROGRAMACIÓN I,2026-03-15 21:40:00,2026-08-04 19:24:00,13,100.0,0,4,100.0,86.43,83.34,0,2,21,Aprobado,0
1cc948f6c0a3,3214,01/2026C1/P/03/210-01/1/000022-1B,2026C1,03/210-01,INGENIERÍA DE SOFTWARE,1,B,BASE DE DATOS,2026-03-18 17:23:00,2026-08-04 20:53:00,13,100.0,5,4,100.0,89.65,81.04,3,2,17,Aprobado,0
1cc948f6c0a3,3215,01/2026C1/P/03/210-01/1/000165-1B,2026C1,03/210-01,INGENIERÍA DE SOFTWARE,1,B,METODOLOGÍA DE LA INVESTIGACIÓN,2026-03-16 21:08:00,2026-08-05 19:35:00,13,100.0,1,4,100.0,85.66,88.37,1,1,21,Aprobado,0
d2d3e844174e,3028,01/2026C1/P/04/132-02/2/000044-2B,2026C1,04/132-02,CONTABILIDAD Y AUDITORÍA,2,B,CONTABILIDAD GENERAL,2026-03-15 20:29:00,2026-08-02 21:15:00,13,100.0,4,4,100.0,95.0,93.43,0,4,20,Aprobado,0
d2d3e844174e,3029,01/2026C1/P/04/132-02/2/000154-2B,2026C1,04/132-02,CONTABILIDAD Y AUDITORÍA,2,B,MATEMÁTICA FINANCIERA,2026-03-23 21:33:00,2026-07-30 00:23:00,13,100.0,3,4,100.0,91.51,87.56,8,7,21,Aprobado,0
d2d3e844174e,3030,01/2026C1/P/04/132-02/2/000220-2B,2026C1,04/132-02,CONTABILIDAD Y AUDITORÍA,2,B,TRIBUTACIÓN,2026-03-25 21:16:00,2026-08-03 20:51:00,13,92.31,2,4,100.0,88.34,82.49,10,3,21,Aprobado,0
d2d3e844174e,3031,01/2026C1/P/04/132-02/2/000165-2B,2026C1,04/132-02,CONTABILIDAD Y AUDITORÍA,2,B,METODOLOGÍA DE LA INVESTIGACIÓN,2026-03-19 21:04:00,2026-08-05 22:50:00,13,100.0,1,4,100.0,97.5,93.9,4,1,21,Aprobado,0
795eaab7bb2c,3136,01/2026C1/P/01/188-01/1/000011-1A,2026C1,01/188-01,ENFERMERÍA,1,A,ANATOMÍA HUMANA,2026-04-01 21:03:00,2026-08-05 19:23:00,13,92.31,3,4,100.0,84.34,72.97,17,1,21,Aprobado,0
795eaab7bb2c,3137,01/2026C1/P/01/188-01/1/000055-1A,2026C1,01/188-01,ENFERMERÍA,1,A,CUIDADO BÁSICO,2026-03-16 19:32:00,2026-08-06 20:18:00,13,76.92,2,4,50.0,41.26,62.71,1,0,19,Reprobado,1
795eaab7bb2c,3138,01/2026C1/P/01/188-01/1/000121-1A,2026C1,01/188-01,ENFERMERÍA,1,A,FARMACOLOGÍA,2026-03-22 20:38:00,2026-07-30 19:59:00,13,100.0,1,4,100.0,69.02,74.93,7,7,20,Aprobado,0
795eaab7bb2c,3139,01/2026C1/P/01/188-01/1/000165-1A,2026C1,01/188-01,ENFERMERÍA,1,A,METODOLOGÍA DE LA INVESTIGACIÓN,2026-04-04 19:17:00,2026-07-30 19:42:00,13,53.85,3,4,75.0,46.72,37.49,20,7,19,Reprobado,1
19e227f4c17c,3072,01/2026C1/P/01/188-01/4/000011-4A,2026C1,01/188-01,ENFERMERÍA,4,A,ANATOMÍA HUMANA,2026-03-27 23:08:00,2026-07-31 23:41:00,13,100.0,4,4,100.0,84.56,77.84,12,6,23,Aprobado,0
19e227f4c17c,3073,01/2026C1/P/01/188-01/4/000055-4A,2026C1,01/188-01,ENFERMERÍA,4,A,CUIDADO BÁSICO,2026-03-17 22:36:00,2026-08-01 22:45:00,13,84.62,2,4,75.0,45.63,55.28,2,5,22,Reprobado,1
19e227f4c17c,3074,01/2026C1/P/01/188-01/4/000121-4A,2026C1,01/188-01,ENFERMERÍA,4,A,FARMACOLOGÍA,2026-04-05 21:20:00,2026-08-08 00:52:00,13,76.92,3,4,100.0,76.04,57.86,21,0,21,Reprobado,1
19e227f4c17c,3075,01/2026C1/P/01/188-01/4/000165-4A,2026C1,01/188-01,ENFERMERÍA,4,A,METODOLOGÍA DE LA INVESTIGACIÓN,2026-03-16 23:50:00,2026-08-02 21:51:00,13,84.62,2,4,75.0,62.63,69.86,1,4,23,Reprobado,1
2d863f0e9608,3104,01/2026C1/P/04/132-02/4/000044-4B,2026C1,04/132-02,CONTABILIDAD Y AUDITORÍA,4,B,CONTABILIDAD GENERAL,2026-03-17 22:27:00,2026-08-03 23:27:00,13,92.31,3,4,100.0,83.09,71.61,2,3,22,Aprobado,0
2d863f0e9608,3105,01/2026C1/P/04/132-02/4/000154-4B,2026C1,04/132-02,CONTABILIDAD Y AUDITORÍA,4,B,MATEMÁTICA FINANCIERA,2026-03-16 21:51:00,2026-07-31 22:15:00,13,84.62,1,4,75.0,60.13,65.84,1,6,21,Reprobado,1
2d863f0e9608,3106,01/2026C1/P/04/132-02/4/000220-4B,2026C1,04/132-02,CONTABILIDAD Y AUDITORÍA,4,B,TRIBUTACIÓN,2026-04-01 20:19:00,2026-07-29 21:45:00,13,76.92,3,4,75.0,55.71,51.49,17,8,20,Reprobado,1
2d863f0e9608,3107,01/2026C1/P/04/132-02/4/000165-4B,2026C1,04/132-02,CONTABILIDAD Y AUDITORÍA,4,B,METODOLOGÍA DE LA INVESTIGACIÓN,2026-05-03 22:17:00,2026-08-02 20:10:00,13,61.54,4,4,50.0,31.74,43.25,49,4,22,Reprobado,1
fb680de7f84b,3224,01/2026C1/P/02/145-01/4/000077-4A,2026C1,02/145-01,DERECHO,4,A,DERECHO CIVIL,2026-03-19 19:14:00,2026-08-04 20:44:00,13,100.0,2,4,100.0,84.1,83.78,4,2,19,Aprobado,0
fb680de7f84b,3225,01/2026C1/P/02/145-01/4/000099-4A,2026C1,02/145-01,DERECHO,4,A,DERECHO PENAL,2026-04-13 20:09:00,2026-08-03 18:59:00,13,100.0,2,4,100.0,77.57,81.34,29,3,20,Aprobado,0
fb680de7f84b,3226,01/2026C1/P/02/145-01/4/000088-4A,2026C1,02/145-01,DERECHO,4,A,DERECHO CONSTITUCIONAL,2026-03-15 19:47:00,2026-08-07 19:49:00,13,100.0,3,4,100.0,87.94,84.7,0,0,19,Aprobado,0
fb680de7f84b,3227,01/2026C1/P/02/145-01/4/000165-4A,2026C1,02/145-01,DERECHO,4,A,METODOLOGÍA DE LA INVESTIGACIÓN,2026-03-16 19:55:00,2026-08-01 19:36:00,13,100.0,1,4,100.0,86.7,81.86,1,5,19,Aprobado,0
0109118855b3,3260,01/2026C1/P/05/167-02/3/000209-3A,2026C1,05/167-02,PSICOLOGÍA,3,A,PSICOLOGÍA GENERAL,2026-03-18 16:02:00,2026-08-01 16:24:00,13,100.0,3,4,100.0,93.03,85.42,3,5,16,Aprobado,0
0109118855b3,3261,01/2026C1/P/05/167-02/3/000110-3A,2026C1,05/167-02,PSICOLOGÍA,3,A,ESTADÍSTICA,2026-03-18 14:49:00,2026-08-04 16:03:00,13,100.0,3,4,100.0,78.72,78.48,3,2,14,Aprobado,0
0109118855b3,3262,01/2026C1/P/05/167-02/3/000187-3A,2026C1,05/167-02,PSICOLOGÍA,3,A,NEUROCIENCIAS,2026-03-20 16:31:00,2026-07-30 16:42:00,13,100.0,1,4,100.0,93.73,87.82,5,7,16,Aprobado,0
0109118855b3,3263,01/2026C1/P/05/167-02/3/000165-3A,2026C1,05/167-02,PSICOLOGÍA,3,A,METODOLOGÍA DE LA INVESTIGACIÓN,2026-03-27 17:09:00,2026-08-05 16:17:00,13,100.0,3,4,100.0,88.03,79.66,12,1,17,Aprobado,0
5afc0afa2068,3256,01/2026C1/P/02/145-01/3/000077-3A,2026C1,02/145-01,DERECHO,3,A,DERECHO CIVIL,2026-03-17 19:47:00,2026-08-06 20:46:00,13,100.0,1,4,100.0,82.06,92.4,2,0,19,Aprobado,0
5afc0afa2068,3257,01/2026C1/P/02/145-01/3/000099-3A,2026C1,02/145-01,DERECHO,3,A,DERECHO PENAL,2026-03-15 20:46:00,2026-08-03 21:29:00,13,100.0,0,4,100.0,92.84,94.38,0,3,20,Aprobado,0
5afc0afa2068,3258,01/2026C1/P/02/145-01/3/000088-3A,2026C1,02/145-01,DERECHO,3,A,DERECHO CONSTITUCIONAL,2026-03-16 21:34:00,2026-08-04 20:37:00,13,100.0,2,4,100.0,96.64,96.91,1,2,21,Aprobado,0
5afc0afa2068,3259,01/2026C1/P/02/145-01/3/000165-3A,2026C1,02/145-01,DERECHO,3,A,METODOLOGÍA DE LA INVESTIGACIÓN,2026-03-21 19:57:00,2026-07-31 20:59:00,13,100.0,1,4,100.0,98.53,95.25,6,6,19,Aprobado,0
a71cfd367bee,3232,01/2026C1/P/01/101-01/2/000011-2A,2026C1,01/101-01,MEDICINA,2,A,ANATOMÍA HUMANA,2026-03-15 21:50:00,2026-08-01 20:56:00,13,92.31,3,4,100.0,87.54,79.26,0,5,21,Aprobado,0
a71cfd367bee,3233,01/2026C1/P/01/101-01/2/000033-2A,2026C1,01/101-01,MEDICINA,2,A,BIOQUÍMICA,2026-03-16 20:28:00,2026-07-29 20:40:00,13,100.0,1,4,100.0,84.16,81.65,1,8,20,Aprobado,0
a71cfd367bee,3234,01/2026C1/P/01/101-01/2/000132-2A,2026C1,01/101-01,MEDICINA,2,A,FISIOLOGÍA,2026-03-16 20:38:00,2026-07-30 19:39:00,13,100.0,1,4,100.0,87.71,89.21,1,7,20,Aprobado,0
a71cfd367bee,3235,01/2026C1/P/01/101-01/2/000165-2A,2026C1,01/101-01,MEDICINA,2,A,METODOLOGÍA DE LA INVESTIGACIÓN,2026-03-15 19:26:00,2026-08-03 22:32:00,13,100.0,4,4,100.0,73.41,77.69,0,3,19,Aprobado,0
fc969b9f2aea,3244,01/2026C1/P/02/145-01/2/000077-2A,2026C1,02/145-01,DERECHO,2,A,DERECHO CIVIL,2026-03-17 16:42:00,2026-08-01 16:34:00,13,100.0,1,4,100.0,86.29,90.11,2,5,16,Aprobado,0
fc969b9f2aea,3245,01/2026C1/P/02/145-01/2/000099-2A,2026C1,02/145-01,DERECHO,2,A,DERECHO PENAL,2026-03-15 17:40:00,2026-07-30 17:43:00,13,100.0,2,4,100.0,95.95,95.45,0,7,17,Aprobado,0
fc969b9f2aea,3246,01/2026C1/P/02/145-01/2/000088-2A,2026C1,02/145-01,DERECHO,2,A,DERECHO CONSTITUCIONAL,2026-03-19 16:43:00,2026-08-01 18:00:00,13,100.0,2,4,100.0,86.52,86.38,4,5,16,Aprobado,0
fc969b9f2aea,3247,01/2026C1/P/02/145-01/2/000165-2A,2026C1,02/145-01,DERECHO,2,A,METODOLOGÍA DE LA INVESTIGACIÓN,2026-03-19 17:33:00,2026-07-30 17:20:00,13,100.0,2,4,100.0,88.16,91.79,4,7,17,Aprobado,0
379b6937427a,3268,01/2026C1/P/01/188-01/4/000011-4B,2026C1,01/188-01,ENFERMERÍA,4,B,ANATOMÍA HUMANA,2026-03-15 20:59:00,2026-08-06 21:21:00,13,100.0,2,4,100.0,74.74,73.54,0,0,20,Aprobado,0
379b6937427a,3269,01/2026C1/P/01/188-01/4/000055-4B,2026C1,01/188-01,ENFERMERÍA,4,B,CUIDADO BÁSICO,2026-03-16 20:38:00,2026-08-02 21:02:00,13,76.92,4,4,75.0,52.04,53.48,1,4,20,Reprobado,1
379b6937427a,3270,01/2026C1/P/01/188-01/4/000121-4B,2026C1,01/188-01,ENFERMERÍA,4,B,FARMACOLOGÍA,2026-03-20 20:10:00,2026-07-31 20:09:00,13,100.0,3,4,100.0,83.37,78.23,5,6,20,Aprobado,0
379b6937427a,3271,01/2026C1/P/01/188-01/4/000165-4B,2026C1,01/188-01,ENFERMERÍA,4,B,METODOLOGÍA DE LA INVESTIGACIÓN,2026-03-16 21:59:00,2026-07-29 21:42:00,13,100.0,3,4,100.0,83.87,80.62,1,8,21,Aprobado,0
f2dea103c579,3012,01/2026C1/P/01/188-01/3/000011-3B,2026C1,01/188-01,ENFERMERÍA,3,B,ANATOMÍA HUMANA,2026-03-16 16:38:00,2026-08-02 19:31:00,13,92.31,0,4,75.0,58.93,73.32,1,4,16,Aprobado,0
f2dea103c579,3013,01/2026C1/P/01/188-01/3/000055-3B,2026C1,01/188-01,ENFERMERÍA,3,B,CUIDADO BÁSICO,2026-03-16 18:20:00,2026-07-29 17:43:00,13,100.0,5,4,100.0,71.69,79.29,1,8,18,Aprobado,0
f2dea103c579,3014,01/2026C1/P/01/188-01/3/000121-3B,2026C1,01/188-01,ENFERMERÍA,3,B,FARMACOLOGÍA,2026-03-26 17:38:00,2026-08-06 17:33:00,13,100.0,3,4,100.0,69.6,74.8,11,0,17,Aprobado,0
f2dea103c579,3015,01/2026C1/P/01/188-01/3/000165-3B,2026C1,01/188-01,ENFERMERÍA,3,B,METODOLOGÍA DE LA INVESTIGACIÓN,2026-03-21 18:56:00,2026-08-02 14:02:00,13,100.0,0,4,100.0,91.94,89.45,6,4,18,Aprobado,0
1bc7caa73248,3188,01/2026C1/P/02/145-01/5/000077-5A,2026C1,02/145-01,DERECHO,5,A,DERECHO CIVIL,2026-03-16 16:33:00,2026-07-29 19:06:00,13,100.0,1,4,100.0,99.64,97.74,1,8,16,Aprobado,0
1bc7caa73248,3189,01/2026C1/P/02/145-01/5/000099-5A,2026C1,02/145-01,DERECHO,5,A,DERECHO PENAL,2026-03-15 17:52:00,2026-08-04 17:52:00,13,100.0,0,4,100.0,98.32,97.84,0,2,17,Aprobado,0
1bc7caa73248,3190,01/2026C1/P/02/145-01/5/000088-5A,2026C1,02/145-01,DERECHO,5,A,DERECHO CONSTITUCIONAL,2026-03-17 18:24:00,2026-07-31 18:11:00,13,100.0,1,4,100.0,94.58,94.98,2,6,18,Aprobado,0
1bc7caa73248,3191,01/2026C1/P/02/145-01/5/000165-5A,2026C1,02/145-01,DERECHO,5,A,METODOLOGÍA DE LA INVESTIGACIÓN,2026-03-15 18:07:00,2026-08-01 16:23:00,13,100.0,3,4,100.0,90.66,86.78,0,5,18,Aprobado,0
2521460f1910,3164,01/2026C1/P/01/101-01/3/000011-3B,2026C1,01/101-01,MEDICINA,3,B,ANATOMÍA HUMANA,2026-03-18 23:47:00,2026-08-06 23:54:00,13,100.0,3,4,100.0,77.29,70.88,3,0,23,Aprobado,0
2521460f1910,3165,01/2026C1/P/01/101-01/3/000033-3B,2026C1,01/101-01,MEDICINA,3,B,BIOQUÍMICA,2026-03-22 01:13:00,2026-08-07 00:03:00,13,92.31,1,4,100.0,60.6,59.36,7,0,1,Reprobado,1
2521460f1910,3166,01/2026C1/P/01/101-01/3/000132-3B,2026C1,01/101-01,MEDICINA,3,B,FISIOLOGÍA,2026-03-15 22:53:00,2026-07-29 23:43:00,13,100.0,4,4,100.0,88.14,80.81,0,8,22,Aprobado,0
2521460f1910,3167,01/2026C1/P/01/101-01/3/000165-3B,2026C1,01/101-01,MEDICINA,3,B,METODOLOGÍA DE LA INVESTIGACIÓN,2026-03-20 00:17:00,2026-08-05 00:49:00,13,92.31,1,4,75.0,64.26,74.75,5,1,0,Aprobado,0
4dc0268f2674,3208,01/2026C1/P/04/120-03/1/000143-1A,2026C1,04/120-03,ECONOMÍA,1,A,MACROECONOMÍA,2026-03-21 18:20:00,2026-04-29 16:55:00,13,30.77,1,4,100.0,84.78,25.81,6,99,18,Reprobado,1
4dc0268f2674,3209,01/2026C1/P/04/120-03/1/000176-1A,2026C1,04/120-03,ECONOMÍA,1,A,MICROECONOMÍA,2026-03-20 20:25:00,2026-06-07 17:54:00,13,53.85,2,4,100.0,63.85,34.63,5,60,20,Reprobado,1
4dc0268f2674,3210,01/2026C1/P/04/120-03/1/000110-1A,2026C1,04/120-03,ECONOMÍA,1,A,ESTADÍSTICA,2026-03-16 20:13:00,2026-04-28 19:14:00,13,38.46,1,4,100.0,62.41,27.29,1,100,20,Reprobado,1
4dc0268f2674,3211,01/2026C1/P/04/120-03/1/000165-1A,2026C1,04/120-03,ECONOMÍA,1,A,METODOLOGÍA DE LA INVESTIGACIÓN,2026-03-21 17:27:00,2026-05-12 19:09:00,13,46.15,3,4,100.0,71.08,36.28,6,86,17,Reprobado,1
d9c4d9a2ddb5,3244,01/2026C1/P/02/145-01/2/000077-2A,2026C1,02/145-01,DERECHO,2,A,DERECHO CIVIL,2026-03-17 21:10:00,2026-08-07 20:58:00,13,100.0,2,4,100.0,86.08,83.74,2,0,21,Aprobado,0
d9c4d9a2ddb5,3245,01/2026C1/P/02/145-01/2/000099-2A,2026C1,02/145-01,DERECHO,2,A,DERECHO PENAL,2026-03-16 19:25:00,2026-07-29 20:08:00,13,92.31,3,4,100.0,86.85,71.34,1,8,19,Aprobado,0
d9c4d9a2ddb5,3246,01/2026C1/P/02/145-01/2/000088-2A,2026C1,02/145-01,DERECHO,2,A,DERECHO CONSTITUCIONAL,2026-03-19 20:44:00,2026-07-30 20:08:00,13,100.0,4,4,100.0,89.11,88.87,4,7,20,Aprobado,0
d9c4d9a2ddb5,3247,01/2026C1/P/02/145-01/2/000165-2A,2026C1,02/145-01,DERECHO,2,A,METODOLOGÍA DE LA INVESTIGACIÓN,2026-03-20 20:20:00,2026-07-30 21:46:00,13,100.0,2,4,100.0,85.46,85.1,5,7,20,Aprobado,0
b1871ff8ecb1,3100,01/2026C1/P/01/101-01/5/000011-5B,2026C1,01/101-01,MEDICINA,5,B,ANATOMÍA HUMANA,2026-03-15 19:57:00,2026-08-02 20:43:00,13,100.0,2,4,100.0,83.97,81.09,0,4,19,Aprobado,0
b1871ff8ecb1,3101,01/2026C1/P/01/101-01/5/000033-5B,2026C1,01/101-01,MEDICINA,5,B,BIOQUÍMICA,2026-03-16 19:38:00,2026-07-30 19:13:00,13,100.0,4,4,100.0,77.48,76.74,1,7,19,Aprobado,0
b1871ff8ecb1,3102,01/2026C1/P/01/101-01/5/000132-5B,2026C1,01/101-01,MEDICINA,5,B,FISIOLOGÍA,2026-03-15 20:01:00,2026-08-07 18:14:00,13,100.0,0,4,100.0,91.93,91.71,0,0,20,Aprobado,0
b1871ff8ecb1,3103,01/2026C1/P/01/101-01/5/000165-5B,2026C1,01/101-01,MEDICINA,5,B,METODOLOGÍA DE LA INVESTIGACIÓN,2026-03-28 19:51:00,2026-07-30 18:42:00,13,100.0,2,4,100.0,83.53,85.44,13,7,19,Aprobado,0
87b4d86d1356,3032,01/2026C1/P/01/101-01/3/000011-3A,2026C1,01/101-01,MEDICINA,3,A,ANATOMÍA HUMANA,2026-03-24 19:15:00,2026-08-04 20:36:00,13,100.0,1,4,100.0,69.46,64.59,9,2,19,Reprobado,1
87b4d86d1356,3033,01/2026C1/P/01/101-01/3/000033-3A,2026C1,01/101-01,MEDICINA,3,A,BIOQUÍMICA,2026-03-17 21:11:00,2026-07-30 18:51:00,13,92.31,3,4,100.0,72.32,70.72,2,7,21,Aprobado,0
87b4d86d1356,3034,01/2026C1/P/01/101-01/3/000132-3A,2026C1,01/101-01,MEDICINA,3,A,FISIOLOGÍA,2026-04-12 21:55:00,2026-08-04 20:16:00,13,84.62,4,4,75.0,48.98,61.44,28,2,21,Reprobado,1
87b4d86d1356,3035,01/2026C1/P/01/101-01/3/000165-3A,2026C1,01/101-01,MEDICINA,3,A,METODOLOGÍA DE LA INVESTIGACIÓN,2026-03-22 19:34:00,2026-07-29 18:22:00,13,84.62,4,4,75.0,60.38,61.26,7,8,19,Reprobado,1
186048866e58,3196,01/2026C1/P/01/101-01/4/000011-4A,2026C1,01/101-01,MEDICINA,4,A,ANATOMÍA HUMANA,2026-03-15 22:47:00,2026-08-04 21:26:00,13,100.0,3,4,100.0,93.22,94.15,0,2,22,Aprobado,0
186048866e58,3197,01/2026C1/P/01/101-01/4/000033-4A,2026C1,01/101-01,MEDICINA,4,A,BIOQUÍMICA,2026-03-22 22:14:00,2026-08-02 21:57:00,13,100.0,2,4,100.0,94.82,95.21,7,4,22,Aprobado,0
186048866e58,3198,01/2026C1/P/01/101-01/4/000132-4A,2026C1,01/101-01,MEDICINA,4,A,FISIOLOGÍA,2026-03-15 19:31:00,2026-08-06 21:41:00,13,100.0,0,4,100.0,96.95,95.6,0,0,19,Aprobado,0
186048866e58,3199,01/2026C1/P/01/101-01/4/000165-4A,2026C1,01/101-01,MEDICINA,4,A,METODOLOGÍA DE LA INVESTIGACIÓN,2026-03-17 22:30:00,2026-07-30 20:59:00,13,100.0,2,4,100.0,96.9,88.93,2,7,22,Aprobado,0
10f0bb02f255,3164,01/2026C1/P/01/101-01/3/000011-3B,2026C1,01/101-01,MEDICINA,3,B,ANATOMÍA HUMANA,2026-03-16 16:52:00,2026-07-29 16:59:00,13,100.0,1,4,100.0,83.93,81.9,1,8,16,Aprobado,0
10f0bb02f255,3165,01/2026C1/P/01/101-01/3/000033-3B,2026C1,01/101-01,MEDICINA,3,B,BIOQUÍMICA,2026-03-20 16:07:00,2026-07-29 16:30:00,13,100.0,0,4,100.0,76.82,80.42,5,8,16,Aprobado,0
10f0bb02f255,3166,01/2026C1/P/01/101-01/3/000132-3B,2026C1,01/101-01,MEDICINA,3,B,FISIOLOGÍA,2026-03-15 15:16:00,2026-08-05 15:39:00,13,100.0,2,4,100.0,71.24,74.89,0,1,15,Aprobado,0
10f0bb02f255,3167,01/2026C1/P/01/101-01/3/000165-3B,2026C1,01/101-01,MEDICINA,3,B,METODOLOGÍA DE LA INVESTIGACIÓN,2026-03-15 16:48:00,2026-08-03 15:58:00,13,100.0,1,4,100.0,89.52,92.82,0,3,16,Aprobado,0
fa4ecd53f6dd,3228,01/2026C1/P/05/167-02/4/000209-4B,2026C1,05/167-02,PSICOLOGÍA,4,B,PSICOLOGÍA GENERAL,2026-03-17 16:09:00,2026-07-30 15:47:00,13,100.0,1,4,100.0,96.76,93.93,2,7,16,Aprobado,0
fa4ecd53f6dd,3229,01/2026C1/P/05/167-02/4/000110-4B,2026C1,05/167-02,PSICOLOGÍA,4,B,ESTADÍSTICA,2026-03-15 15:35:00,2026-08-04 15:06:00,13,100.0,2,4,100.0,92.95,93.08,0,2,15,Aprobado,0
fa4ecd53f6dd,3230,01/2026C1/P/05/167-02/4/000187-4B,2026C1,05/167-02,PSICOLOGÍA,4,B,NEUROCIENCIAS,2026-03-17 15:53:00,2026-07-31 15:37:00,13,92.31,2,4,100.0,93.98,86.01,2,6,15,Aprobado,0
fa4ecd53f6dd,3231,01/2026C1/P/05/167-02/4/000165-4B,2026C1,05/167-02,PSICOLOGÍA,4,B,METODOLOGÍA DE LA INVESTIGACIÓN,2026-03-16 15:44:00,2026-08-05 15:18:00,13,100.0,2,4,100.0,90.6,94.22,1,1,15,Aprobado,0
15d363aa2909,3084,01/2026C1/P/04/120-03/2/000143-2A,2026C1,04/120-03,ECONOMÍA,2,A,MACROECONOMÍA,2026-03-21 15:12:00,2026-08-06 14:11:00,13,100.0,0,4,100.0,99.51,95.24,6,0,15,Aprobado,0
15d363aa2909,3085,01/2026C1/P/04/120-03/2/000176-2A,2026C1,04/120-03,ECONOMÍA,2,A,MICROECONOMÍA,2026-03-25 14:08:00,2026-08-07 13:24:00,13,100.0,3,4,100.0,100.0,95.19,10,0,14,Aprobado,0
15d363aa2909,3086,01/2026C1/P/04/120-03/2/000110-2A,2026C1,04/120-03,ECONOMÍA,2,A,ESTADÍSTICA,2026-03-15 15:01:00,2026-07-29 14:51:00,13,100.0,1,4,100.0,86.3,90.76,0,8,15,Aprobado,0
15d363aa2909,3087,01/2026C1/P/04/120-03/2/000165-2A,2026C1,04/120-03,ECONOMÍA,2,A,METODOLOGÍA DE LA INVESTIGACIÓN,2026-03-25 13:01:00,2026-07-30 14:41:00,13,100.0,0,4,100.0,90.59,94.87,10,7,13,Aprobado,0
8be0091387d1,3036,01/2026C1/P/03/210-01/3/000066-3B,2026C1,03/210-01,INGENIERÍA DE SOFTWARE,3,B,CÁLCULO DIFERENCIAL,2026-03-25 00:34:00,2026-08-01 22:17:00,13,69.23,2,4,50.0,40.83,43.02,10,5,0,Reprobado,1
8be0091387d1,3037,01/2026C1/P/03/210-01/3/000198-3B,2026C1,03/210-01,INGENIERÍA DE SOFTWARE,3,B,PROGRAMACIÓN I,2026-05-14 22:07:00,2026-08-01 22:14:00,13,7.69,0,4,25.0,14.9,4.21,60,5,22,Reprobado,1
8be0091387d1,3038,01/2026C1/P/03/210-01/3/000022-3B,2026C1,03/210-01,INGENIERÍA DE SOFTWARE,3,B,BASE DE DATOS,2026-04-04 00:39:00,2026-07-29 23:45:00,13,84.62,3,4,75.0,53.63,61.63,20,8,0,Reprobado,1
8be0091387d1,3039,01/2026C1/P/03/210-01/3/000165-3B,2026C1,03/210-01,INGENIERÍA DE SOFTWARE,3,B,METODOLOGÍA DE LA INVESTIGACIÓN,2026-03-16 00:09:00,2026-08-02 00:20:00,13,100.0,4,4,100.0,78.88,81.24,1,4,0,Aprobado,0
0c42daba9800,3064,01/2026C1/P/03/210-01/2/000066-2A,2026C1,03/210-01,INGENIERÍA DE SOFTWARE,2,A,CÁLCULO DIFERENCIAL,2026-03-18 23:10:00,2026-08-06 21:55:00,13,100.0,2,4,100.0,83.71,73.95,3,0,23,Aprobado,0
0c42daba9800,3065,01/2026C1/P/03/210-01/2/000198-2A,2026C1,03/210-01,INGENIERÍA DE SOFTWARE,2,A,PROGRAMACIÓN I,2026-03-15 21:30:00,2026-08-04 23:16:00,13,100.0,3,4,100.0,73.34,79.04,0,2,21,Aprobado,0
0c42daba9800,3066,01/2026C1/P/03/210-01/2/000022-2A,2026C1,03/210-01,INGENIERÍA DE SOFTWARE,2,A,BASE DE DATOS,2026-03-23 22:30:00,2026-07-30 22:30:00,13,92.31,2,4,75.0,72.36,76.99,8,7,22,Aprobado,0
0c42daba9800,3067,01/2026C1/P/03/210-01/2/000165-2A,2026C1,03/210-01,INGENIERÍA DE SOFTWARE,2,A,METODOLOGÍA DE LA INVESTIGACIÓN,2026-03-20 00:39:00,2026-08-02 21:47:00,13,92.31,0,4,75.0,72.12,79.27,5,4,0,Aprobado,0
627015a75ffb,3256,01/2026C1/P/02/145-01/3/000077-3A,2026C1,02/145-01,DERECHO,3,A,DERECHO CIVIL,2026-03-16 15:19:00,2026-08-07 14:52:00,13,100.0,2,4,100.0,94.28,96.4,1,0,15,Aprobado,0
627015a75ffb,3257,01/2026C1/P/02/145-01/3/000099-3A,2026C1,02/145-01,DERECHO,3,A,DERECHO PENAL,2026-03-21 18:31:00,2026-08-07 15:41:00,13,100.0,2,4,100.0,96.35,97.72,6,0,18,Aprobado,0
627015a75ffb,3258,01/2026C1/P/02/145-01/3/000088-3A,2026C1,02/145-01,DERECHO,3,A,DERECHO CONSTITUCIONAL,2026-03-30 14:24:00,2026-08-07 15:14:00,13,100.0,0,4,100.0,95.49,95.33,15,0,14,Aprobado,0
627015a75ffb,3259,01/2026C1/P/02/145-01/3/000165-3A,2026C1,02/145-01,DERECHO,3,A,METODOLOGÍA DE LA INVESTIGACIÓN,2026-03-18 16:24:00,2026-08-05 16:21:00,13,100.0,1,4,100.0,88.25,90.94,3,1,16,Aprobado,0
ff4379220220,3180,01/2026C1/P/02/145-01/3/000077-3B,2026C1,02/145-01,DERECHO,3,B,DERECHO CIVIL,2026-03-25 19:27:00,2026-08-04 20:23:00,13,100.0,2,4,100.0,74.46,75.61,10,2,19,Aprobado,0
ff4379220220,3181,01/2026C1/P/02/145-01/3/000099-3B,2026C1,02/145-01,DERECHO,3,B,DERECHO PENAL,2026-03-22 21:09:00,2026-08-07 21:14:00,13,84.62,1,4,50.0,41.05,70.52,7,0,21,Aprobado,0
ff4379220220,3182,01/2026C1/P/02/145-01/3/000088-3B,2026C1,02/145-01,DERECHO,3,B,DERECHO CONSTITUCIONAL,2026-03-16 21:13:00,2026-07-30 19:33:00,13,84.62,3,4,75.0,51.88,59.71,1,7,21,Reprobado,1
ff4379220220,3183,01/2026C1/P/02/145-01/3/000165-3B,2026C1,02/145-01,DERECHO,3,B,METODOLOGÍA DE LA INVESTIGACIÓN,2026-03-17 20:40:00,2026-08-05 21:59:00,13,100.0,1,4,100.0,88.34,81.29,2,1,20,Aprobado,0
352c060cbf8c,3188,01/2026C1/P/02/145-01/5/000077-5A,2026C1,02/145-01,DERECHO,5,A,DERECHO CIVIL,2026-03-16 23:19:00,2026-08-04 01:37:00,13,69.23,2,4,75.0,53.42,47.74,1,2,23,Reprobado,1
352c060cbf8c,3189,01/2026C1/P/02/145-01/5/000099-5A,2026C1,02/145-01,DERECHO,5,A,DERECHO PENAL,2026-03-20 01:09:00,2026-07-30 00:16:00,13,92.31,3,4,75.0,58.34,67.49,5,7,1,Reprobado,1
352c060cbf8c,3190,01/2026C1/P/02/145-01/5/000088-5A,2026C1,02/145-01,DERECHO,5,A,DERECHO CONSTITUCIONAL,2026-03-21 00:49:00,2026-08-05 00:32:00,13,100.0,3,4,100.0,79.59,73.99,6,1,0,Aprobado,0
352c060cbf8c,3191,01/2026C1/P/02/145-01/5/000165-5A,2026C1,02/145-01,DERECHO,5,A,METODOLOGÍA DE LA INVESTIGACIÓN,2026-03-18 01:50:00,2026-08-07 20:59:00,13,92.31,3,4,100.0,61.88,64.49,3,0,1,Reprobado,1
887a92d9f8ae,3268,01/2026C1/P/01/188-01/4/000011-4B,2026C1,01/188-01,ENFERMERÍA,4,B,ANATOMÍA HUMANA,2026-03-18 21:30:00,2026-08-03 00:01:00,13,92.31,1,4,75.0,59.82,68.61,3,3,21,Reprobado,1
887a92d9f8ae,3269,01/2026C1/P/01/188-01/4/000055-4B,2026C1,01/188-01,ENFERMERÍA,4,B,CUIDADO BÁSICO,2026-04-07 23:50:00,2026-07-29 23:58:00,13,76.92,0,4,50.0,37.19,65.18,23,8,23,Reprobado,1
887a92d9f8ae,3270,01/2026C1/P/01/188-01/4/000121-4B,2026C1,01/188-01,ENFERMERÍA,4,B,FARMACOLOGÍA,2026-04-10 23:56:00,2026-08-07 00:26:00,13,76.92,1,4,100.0,68.08,54.13,26,0,23,Reprobado,1
887a92d9f8ae,3271,01/2026C1/P/01/188-01/4/000165-4B,2026C1,01/188-01,ENFERMERÍA,4,B,METODOLOGÍA DE LA INVESTIGACIÓN,2026-03-22 22:29:00,2026-08-02 00:38:00,13,76.92,3,4,100.0,81.99,65.39,7,4,22,Reprobado,1
a78018376158,3256,01/2026C1/P/02/145-01/3/000077-3A,2026C1,02/145-01,DERECHO,3,A,DERECHO CIVIL,2026-03-15 17:36:00,2026-08-04 16:06:00,13,100.0,4,4,100.0,84.5,85.73,0,2,17,Aprobado,0
a78018376158,3257,01/2026C1/P/02/145-01/3/000099-3A,2026C1,02/145-01,DERECHO,3,A,DERECHO PENAL,2026-03-17 18:25:00,2026-08-06 16:41:00,13,100.0,3,4,100.0,77.97,77.53,2,0,18,Aprobado,0
a78018376158,3258,01/2026C1/P/02/145-01/3/000088-3A,2026C1,02/145-01,DERECHO,3,A,DERECHO CONSTITUCIONAL,2026-03-20 17:45:00,2026-08-02 15:39:00,13,100.0,2,4,100.0,96.1,93.09,5,4,17,Aprobado,0
a78018376158,3259,01/2026C1/P/02/145-01/3/000165-3A,2026C1,02/145-01,DERECHO,3,A,METODOLOGÍA DE LA INVESTIGACIÓN,2026-03-15 15:34:00,2026-08-07 15:46:00,13,100.0,1,4,100.0,88.14,87.3,0,0,15,Aprobado,0
cda2e56447c8,3172,01/2026C1/P/01/188-01/5/000011-5A,2026C1,01/188-01,ENFERMERÍA,5,A,ANATOMÍA HUMANA,2026-03-18 23:05:00,2026-08-04 01:14:00,13,100.0,1,4,100.0,86.64,82.46,3,2,23,Aprobado,0
cda2e56447c8,3173,01/2026C1/P/01/188-01/5/000055-5A,2026C1,01/188-01,ENFERMERÍA,5,A,CUIDADO BÁSICO,2026-03-17 23:12:00,2026-08-06 02:11:00,13,100.0,0,4,100.0,96.41,94.08,2,0,23,Aprobado,0
cda2e56447c8,3174,01/2026C1/P/01/188-01/5/000121-5A,2026C1,01/188-01,ENFERMERÍA,5,A,FARMACOLOGÍA,2026-03-19 00:10:00,2026-08-07 00:06:00,13,92.31,2,4,100.0,76.64,76.5,4,0,0,Aprobado,0
cda2e56447c8,3175,01/2026C1/P/01/188-01/5/000165-5A,2026C1,01/188-01,ENFERMERÍA,5,A,METODOLOGÍA DE LA INVESTIGACIÓN,2026-03-15 23:54:00,2026-08-01 23:27:00,13,100.0,3,4,100.0,83.8,86.57,0,5,23,Aprobado,0
1c241349f2d2,3068,01/2026C1/P/05/167-02/2/000209-2A,2026C1,05/167-02,PSICOLOGÍA,2,A,PSICOLOGÍA GENERAL,2026-03-20 19:56:00,2026-08-06 19:06:00,13,76.92,0,4,100.0,78.24,63.32,5,0,19,Reprobado,1
1c241349f2d2,3069,01/2026C1/P/05/167-02/2/000110-2A,2026C1,05/167-02,PSICOLOGÍA,2,A,ESTADÍSTICA,2026-04-08 19:45:00,2026-07-30 18:32:00,13,69.23,1,4,100.0,67.48,50.22,24,7,19,Reprobado,1
1c241349f2d2,3070,01/2026C1/P/05/167-02/2/000187-2A,2026C1,05/167-02,PSICOLOGÍA,2,A,NEUROCIENCIAS,2026-03-18 18:33:00,2026-08-07 20:00:00,13,100.0,4,4,100.0,78.59,76.87,3,0,18,Aprobado,0
1c241349f2d2,3071,01/2026C1/P/05/167-02/2/000165-2A,2026C1,05/167-02,PSICOLOGÍA,2,A,METODOLOGÍA DE LA INVESTIGACIÓN,2026-03-15 17:04:00,2026-08-04 18:40:00,13,100.0,4,4,100.0,83.46,82.95,0,2,17,Aprobado,0
622cde29830b,3244,01/2026C1/P/02/145-01/2/000077-2A,2026C1,02/145-01,DERECHO,2,A,DERECHO CIVIL,2026-03-20 14:24:00,2026-08-07 14:18:00,13,100.0,0,4,100.0,93.92,92.14,5,0,14,Aprobado,0
622cde29830b,3245,01/2026C1/P/02/145-01/2/000099-2A,2026C1,02/145-01,DERECHO,2,A,DERECHO PENAL,2026-03-18 13:32:00,2026-07-29 15:07:00,13,100.0,0,4,100.0,96.93,90.57,3,8,13,Aprobado,0
622cde29830b,3246,01/2026C1/P/02/145-01/2/000088-2A,2026C1,02/145-01,DERECHO,2,A,DERECHO CONSTITUCIONAL,2026-03-18 15:18:00,2026-08-05 15:48:00,13,92.31,2,4,100.0,91.35,83.55,3,1,15,Aprobado,0
622cde29830b,3247,01/2026C1/P/02/145-01/2/000165-2A,2026C1,02/145-01,DERECHO,2,A,METODOLOGÍA DE LA INVESTIGACIÓN,2026-03-15 15:06:00,2026-08-05 14:21:00,13,100.0,0,4,100.0,86.15,89.18,0,1,15,Aprobado,0
b7b73ede3ad4,3264,01/2026C1/P/04/132-02/5/000044-5A,2026C1,04/132-02,CONTABILIDAD Y AUDITORÍA,5,A,CONTABILIDAD GENERAL,2026-03-21 17:57:00,2026-07-30 18:49:00,13,100.0,0,4,100.0,98.73,91.53,6,7,17,Aprobado,0
b7b73ede3ad4,3265,01/2026C1/P/04/132-02/5/000154-5A,2026C1,04/132-02,CONTABILIDAD Y AUDITORÍA,5,A,MATEMÁTICA FINANCIERA,2026-03-15 17:24:00,2026-08-07 17:24:00,13,100.0,1,4,100.0,85.5,83.95,0,0,17,Aprobado,0
b7b73ede3ad4,3266,01/2026C1/P/04/132-02/5/000220-5A,2026C1,04/132-02,CONTABILIDAD Y AUDITORÍA,5,A,TRIBUTACIÓN,2026-03-15 17:32:00,2026-08-07 17:25:00,13,100.0,0,4,100.0,90.68,89.09,0,0,17,Aprobado,0
b7b73ede3ad4,3267,01/2026C1/P/04/132-02/5/000165-5A,2026C1,04/132-02,CONTABILIDAD Y AUDITORÍA,5,A,METODOLOGÍA DE LA INVESTIGACIÓN,2026-03-23 19:40:00,2026-08-04 19:05:00,13,100.0,0,4,100.0,95.62,94.54,8,2,19,Aprobado,0
4e58aad25ae1,3004,01/2026C1/P/04/132-02/3/000044-3A,2026C1,04/132-02,CONTABILIDAD Y AUDITORÍA,3,A,CONTABILIDAD GENERAL,2026-03-16 19:40:00,2026-07-29 18:35:00,13,100.0,0,4,100.0,89.27,90.8,1,8,19,Aprobado,0
4e58aad25ae1,3005,01/2026C1/P/04/132-02/3/000154-3A,2026C1,04/132-02,CONTABILIDAD Y AUDITORÍA,3,A,MATEMÁTICA FINANCIERA,2026-03-22 19:36:00,2026-08-01 20:56:00,13,100.0,2,4,100.0,88.44,90.19,7,5,19,Aprobado,0
4e58aad25ae1,3006,01/2026C1/P/04/132-02/3/000220-3A,2026C1,04/132-02,CONTABILIDAD Y AUDITORÍA,3,A,TRIBUTACIÓN,2026-03-16 20:47:00,2026-08-02 18:40:00,13,100.0,3,4,100.0,89.94,90.99,1,4,20,Aprobado,0
4e58aad25ae1,3007,01/2026C1/P/04/132-02/3/000165-3A,2026C1,04/132-02,CONTABILIDAD Y AUDITORÍA,3,A,METODOLOGÍA DE LA INVESTIGACIÓN,2026-03-15 21:51:00,2026-07-29 19:45:00,13,100.0,2,4,100.0,88.18,87.54,0,8,21,Aprobado,0
cd9b40796d0a,3048,01/2026C1/P/03/210-01/5/000066-5B,2026C1,03/210-01,INGENIERÍA DE SOFTWARE,5,B,CÁLCULO DIFERENCIAL,2026-03-18 18:34:00,2026-08-01 19:26:00,13,100.0,1,4,100.0,72.7,79.03,3,5,18,Aprobado,0
cd9b40796d0a,3049,01/2026C1/P/03/210-01/5/000198-5B,2026C1,03/210-01,INGENIERÍA DE SOFTWARE,5,B,PROGRAMACIÓN I,2026-03-15 20:40:00,2026-07-31 19:41:00,13,76.92,5,4,100.0,73.06,56.02,0,6,20,Reprobado,1
cd9b40796d0a,3050,01/2026C1/P/03/210-01/5/000022-5B,2026C1,03/210-01,INGENIERÍA DE SOFTWARE,5,B,BASE DE DATOS,2026-03-16 19:14:00,2026-08-04 18:23:00,13,92.31,0,4,100.0,81.9,81.93,1,2,19,Aprobado,0
cd9b40796d0a,3051,01/2026C1/P/03/210-01/5/000165-5B,2026C1,03/210-01,INGENIERÍA DE SOFTWARE,5,B,METODOLOGÍA DE LA INVESTIGACIÓN,2026-03-16 19:18:00,2026-08-01 18:50:00,13,100.0,0,4,100.0,76.28,90.17,1,5,19,Aprobado,0
381d2289e8ad,3192,01/2026C1/P/01/188-01/3/000011-3A,2026C1,01/188-01,ENFERMERÍA,3,A,ANATOMÍA HUMANA,2026-03-23 00:03:00,2026-08-06 00:48:00,13,100.0,3,4,100.0,74.47,72.85,8,0,0,Aprobado,0
381d2289e8ad,3193,01/2026C1/P/01/188-01/3/000055-3A,2026C1,01/188-01,ENFERMERÍA,3,A,CUIDADO BÁSICO,2026-03-16 01:16:00,2026-08-03 00:11:00,13,100.0,2,4,100.0,90.94,84.17,1,3,1,Aprobado,0
381d2289e8ad,3194,01/2026C1/P/01/188-01/3/000121-3A,2026C1,01/188-01,ENFERMERÍA,3,A,FARMACOLOGÍA,2026-03-16 00:27:00,2026-08-06 22:29:00,13,100.0,2,4,100.0,86.92,79.25,1,0,0,Aprobado,0
381d2289e8ad,3195,01/2026C1/P/01/188-01/3/000165-3A,2026C1,01/188-01,ENFERMERÍA,3,A,METODOLOGÍA DE LA INVESTIGACIÓN,2026-03-17 23:06:00,2026-08-03 01:29:00,13,92.31,1,4,100.0,91.34,84.25,2,3,23,Aprobado,0
eb73515d553a,3228,01/2026C1/P/05/167-02/4/000209-4B,2026C1,05/167-02,PSICOLOGÍA,4,B,PSICOLOGÍA GENERAL,2026-03-15 19:39:00,2026-08-07 20:13:00,13,100.0,6,4,100.0,88.13,83.38,0,0,19,Aprobado,0
eb73515d553a,3229,01/2026C1/P/05/167-02/4/000110-4B,2026C1,05/167-02,PSICOLOGÍA,4,B,ESTADÍSTICA,2026-03-15 19:43:00,2026-07-30 18:41:00,13,100.0,1,4,100.0,93.4,92.75,0,7,19,Aprobado,0
eb73515d553a,3230,01/2026C1/P/05/167-02/4/000187-4B,2026C1,05/167-02,PSICOLOGÍA,4,B,NEUROCIENCIAS,2026-03-17 19:14:00,2026-08-03 19:05:00,13,100.0,2,4,100.0,79.49,90.23,2,3,19,Aprobado,0
eb73515d553a,3231,01/2026C1/P/05/167-02/4/000165-4B,2026C1,05/167-02,PSICOLOGÍA,4,B,METODOLOGÍA DE LA INVESTIGACIÓN,2026-03-23 19:03:00,2026-08-03 19:19:00,13,100.0,4,4,100.0,76.72,83.42,8,3,19,Aprobado,0
7eb4081359ee,3260,01/2026C1/P/05/167-02/3/000209-3A,2026C1,05/167-02,PSICOLOGÍA,3,A,PSICOLOGÍA GENERAL,2026-03-21 23:48:00,2026-08-05 21:27:00,13,92.31,3,4,100.0,91.45,76.55,6,1,23,Aprobado,0
7eb4081359ee,3261,01/2026C1/P/05/167-02/3/000110-3A,2026C1,05/167-02,PSICOLOGÍA,3,A,ESTADÍSTICA,2026-03-29 21:14:00,2026-08-04 21:41:00,13,76.92,4,4,75.0,49.24,53.78,14,2,21,Reprobado,1
7eb4081359ee,3262,01/2026C1/P/05/167-02/3/000187-3A,2026C1,05/167-02,PSICOLOGÍA,3,A,NEUROCIENCIAS,2026-03-16 21:16:00,2026-08-01 20:20:00,13,100.0,3,4,100.0,89.55,89.72,1,5,21,Aprobado,0
7eb4081359ee,3263,01/2026C1/P/05/167-02/3/000165-3A,2026C1,05/167-02,PSICOLOGÍA,3,A,METODOLOGÍA DE LA INVESTIGACIÓN,2026-03-19 21:40:00,2026-07-31 20:39:00,13,100.0,1,4,100.0,86.46,92.83,4,6,21,Aprobado,0
80fe45170a29,3004,01/2026C1/P/04/132-02/3/000044-3A,2026C1,04/132-02,CONTABILIDAD Y AUDITORÍA,3,A,CONTABILIDAD GENERAL,2026-03-16 18:27:00,2026-07-31 20:03:00,13,100.0,1,4,100.0,92.2,88.77,1,6,18,Aprobado,0
80fe45170a29,3005,01/2026C1/P/04/132-02/3/000154-3A,2026C1,04/132-02,CONTABILIDAD Y AUDITORÍA,3,A,MATEMÁTICA FINANCIERA,2026-03-26 19:26:00,2026-07-31 17:58:00,13,100.0,0,4,100.0,90.54,86.05,11,6,19,Aprobado,0
80fe45170a29,3006,01/2026C1/P/04/132-02/3/000220-3A,2026C1,04/132-02,CONTABILIDAD Y AUDITORÍA,3,A,TRIBUTACIÓN,2026-03-16 18:32:00,2026-07-29 19:42:00,13,100.0,4,4,100.0,79.69,80.96,1,8,18,Aprobado,0
80fe45170a29,3007,01/2026C1/P/04/132-02/3/000165-3A,2026C1,04/132-02,CONTABILIDAD Y AUDITORÍA,3,A,METODOLOGÍA DE LA INVESTIGACIÓN,2026-03-20 20:44:00,2026-08-07 19:21:00,13,92.31,2,4,100.0,79.79,68.28,5,0,20,Reprobado,1
ffe08b7b81d1,3076,01/2026C1/P/01/101-01/4/000011-4B,2026C1,01/101-01,MEDICINA,4,B,ANATOMÍA HUMANA,2026-03-29 21:28:00,2026-05-27 18:39:00,13,30.77,1,4,75.0,56.98,23.23,14,71,21,Reprobado,1
ffe08b7b81d1,3077,01/2026C1/P/01/101-01/4/000033-4B,2026C1,01/101-01,MEDICINA,4,B,BIOQUÍMICA,2026-03-21 19:55:00,2026-06-14 18:44:00,13,61.54,2,4,100.0,79.82,51.08,6,53,19,Reprobado,1
ffe08b7b81d1,3078,01/2026C1/P/01/101-01/4/000132-4B,2026C1,01/101-01,MEDICINA,4,B,FISIOLOGÍA,2026-03-21 17:10:00,2026-06-02 17:26:00,13,53.85,1,4,100.0,75.99,42.18,6,65,17,Reprobado,1
ffe08b7b81d1,3079,01/2026C1/P/01/101-01/4/000165-4B,2026C1,01/101-01,MEDICINA,4,B,METODOLOGÍA DE LA INVESTIGACIÓN,2026-03-15 18:25:00,2026-05-12 19:12:00,13,30.77,1,4,100.0,87.16,26.07,0,86,18,Reprobado,1
86e3f6210e27,3020,01/2026C1/P/03/210-01/3/000066-3A,2026C1,03/210-01,INGENIERÍA DE SOFTWARE,3,A,CÁLCULO DIFERENCIAL,2026-03-15 19:43:00,2026-08-02 18:11:00,13,100.0,1,4,100.0,88.41,82.01,0,4,19,Aprobado,0
86e3f6210e27,3021,01/2026C1/P/03/210-01/3/000198-3A,2026C1,03/210-01,INGENIERÍA DE SOFTWARE,3,A,PROGRAMACIÓN I,2026-03-15 19:33:00,2026-07-29 19:13:00,13,100.0,0,4,100.0,88.34,91.01,0,8,19,Aprobado,0
86e3f6210e27,3022,01/2026C1/P/03/210-01/3/000022-3A,2026C1,03/210-01,INGENIERÍA DE SOFTWARE,3,A,BASE DE DATOS,2026-03-20 18:57:00,2026-08-05 16:52:00,13,100.0,1,4,100.0,90.37,90.54,5,1,18,Aprobado,0
86e3f6210e27,3023,01/2026C1/P/03/210-01/3/000165-3A,2026C1,03/210-01,INGENIERÍA DE SOFTWARE,3,A,METODOLOGÍA DE LA INVESTIGACIÓN,2026-03-18 19:08:00,2026-08-03 19:39:00,13,100.0,1,4,100.0,87.58,91.32,3,3,19,Aprobado,0
c16bb160e68b,3096,01/2026C1/P/02/145-01/2/000077-2B,2026C1,02/145-01,DERECHO,2,B,DERECHO CIVIL,2026-03-17 23:12:00,2026-07-30 22:51:00,13,100.0,1,4,100.0,82.61,77.26,2,7,23,Aprobado,0
c16bb160e68b,3097,01/2026C1/P/02/145-01/2/000099-2B,2026C1,02/145-01,DERECHO,2,B,DERECHO PENAL,2026-03-15 23:38:00,2026-08-04 00:41:00,13,100.0,2,4,100.0,85.22,82.91,0,2,23,Aprobado,0
c16bb160e68b,3098,01/2026C1/P/02/145-01/2/000088-2B,2026C1,02/145-01,DERECHO,2,B,DERECHO CONSTITUCIONAL,2026-03-19 22:31:00,2026-08-02 21:33:00,13,100.0,1,4,100.0,89.32,85.39,4,4,22,Aprobado,0
c16bb160e68b,3099,01/2026C1/P/02/145-01/2/000165-2B,2026C1,02/145-01,DERECHO,2,B,METODOLOGÍA DE LA INVESTIGACIÓN,2026-03-16 23:15:00,2026-08-04 23:26:00,13,100.0,2,4,100.0,89.6,80.0,1,2,23,Aprobado,0
52123839e719,3204,01/2026C1/P/02/145-01/1/000077-1B,2026C1,02/145-01,DERECHO,1,B,DERECHO CIVIL,2026-03-22 21:27:00,2026-07-31 20:50:00,13,100.0,1,4,100.0,91.6,94.18,7,6,21,Aprobado,0
52123839e719,3205,01/2026C1/P/02/145-01/1/000099-1B,2026C1,02/145-01,DERECHO,1,B,DERECHO PENAL,2026-03-17 21:03:00,2026-08-03 21:57:00,13,100.0,2,4,100.0,90.77,83.66,2,3,21,Aprobado,0
52123839e719,3206,01/2026C1/P/02/145-01/1/000088-1B,2026C1,02/145-01,DERECHO,1,B,DERECHO CONSTITUCIONAL,2026-03-15 22:01:00,2026-08-02 21:07:00,13,100.0,0,4,100.0,99.02,88.88,0,4,22,Aprobado,0
52123839e719,3207,01/2026C1/P/02/145-01/1/000165-1B,2026C1,02/145-01,DERECHO,1,B,METODOLOGÍA DE LA INVESTIGACIÓN,2026-03-20 22:05:00,2026-07-31 22:51:00,13,100.0,1,4,100.0,94.18,91.48,5,6,22,Aprobado,0
ffc5261b4c24,3204,01/2026C1/P/02/145-01/1/000077-1B,2026C1,02/145-01,DERECHO,1,B,DERECHO CIVIL,2026-03-18 19:26:00,2026-07-31 20:16:00,13,100.0,1,4,100.0,87.13,88.78,3,6,19,Aprobado,0
ffc5261b4c24,3205,01/2026C1/P/02/145-01/1/000099-1B,2026C1,02/145-01,DERECHO,1,B,DERECHO PENAL,2026-03-15 17:18:00,2026-07-31 19:47:00,13,100.0,3,4,100.0,70.81,72.09,0,6,17,Aprobado,0
ffc5261b4c24,3206,01/2026C1/P/02/145-01/1/000088-1B,2026C1,02/145-01,DERECHO,1,B,DERECHO CONSTITUCIONAL,2026-03-15 17:20:00,2026-08-07 20:37:00,13,100.0,3,4,100.0,80.88,78.45,0,0,17,Aprobado,0
ffc5261b4c24,3207,01/2026C1/P/02/145-01/1/000165-1B,2026C1,02/145-01,DERECHO,1,B,METODOLOGÍA DE LA INVESTIGACIÓN,2026-03-19 18:51:00,2026-08-03 19:05:00,13,76.92,3,4,100.0,86.86,65.77,4,3,18,Reprobado,1
feff2f0aabfa,3160,01/2026C1/P/05/167-02/5/000209-5A,2026C1,05/167-02,PSICOLOGÍA,5,A,PSICOLOGÍA GENERAL,2026-03-15 18:46:00,2026-08-01 20:00:00,13,84.62,2,4,75.0,59.01,65.76,0,5,18,Reprobado,1
feff2f0aabfa,3161,01/2026C1/P/05/167-02/5/000110-5A,2026C1,05/167-02,PSICOLOGÍA,5,A,ESTADÍSTICA,2026-03-15 19:48:00,2026-08-04 20:49:00,13,69.23,3,4,75.0,50.92,48.35,0,2,19,Reprobado,1
feff2f0aabfa,3162,01/2026C1/P/05/167-02/5/000187-5A,2026C1,05/167-02,PSICOLOGÍA,5,A,NEUROCIENCIAS,2026-03-16 20:02:00,2026-08-05 19:29:00,13,84.62,1,4,100.0,66.45,62.77,1,1,20,Reprobado,1
feff2f0aabfa,3163,01/2026C1/P/05/167-02/5/000165-5A,2026C1,05/167-02,PSICOLOGÍA,5,A,METODOLOGÍA DE LA INVESTIGACIÓN,2026-03-18 17:39:00,2026-08-03 20:34:00,13,69.23,2,4,100.0,71.56,47.17,3,3,17,Reprobado,1
ef35c86ca4c6,3228,01/2026C1/P/05/167-02/4/000209-4B,2026C1,05/167-02,PSICOLOGÍA,4,B,PSICOLOGÍA GENERAL,2026-03-18 19:31:00,2026-08-03 20:53:00,13,100.0,3,4,100.0,95.44,95.02,3,3,19,Aprobado,0
ef35c86ca4c6,3229,01/2026C1/P/05/167-02/4/000110-4B,2026C1,05/167-02,PSICOLOGÍA,4,B,ESTADÍSTICA,2026-03-16 19:35:00,2026-08-02 18:10:00,13,100.0,3,4,100.0,90.32,89.75,1,4,19,Aprobado,0
ef35c86ca4c6,3230,01/2026C1/P/05/167-02/4/000187-4B,2026C1,05/167-02,PSICOLOGÍA,4,B,NEUROCIENCIAS,2026-03-17 19:08:00,2026-07-30 19:47:00,13,100.0,1,4,100.0,89.25,94.53,2,7,19,Aprobado,0
ef35c86ca4c6,3231,01/2026C1/P/05/167-02/4/000165-4B,2026C1,05/167-02,PSICOLOGÍA,4,B,METODOLOGÍA DE LA INVESTIGACIÓN,2026-03-16 20:02:00,2026-07-30 21:03:00,13,100.0,0,4,100.0,96.29,93.83,1,7,20,Aprobado,0
8c1cf4fdd1a8,3252,01/2026C1/P/01/101-01/5/000011-5A,2026C1,01/101-01,MEDICINA,5,A,ANATOMÍA HUMANA,2026-04-10 17:52:00,2026-07-30 22:21:00,13,92.31,6,4,100.0,62.68,62.71,26,7,17,Reprobado,1
8c1cf4fdd1a8,3253,01/2026C1/P/01/101-01/5/000033-5A,2026C1,01/101-01,MEDICINA,5,A,BIOQUÍMICA,2026-04-02 20:06:00,2026-08-04 20:50:00,13,84.62,1,4,75.0,60.44,59.92,18,2,20,Reprobado,1
8c1cf4fdd1a8,3254,01/2026C1/P/01/101-01/5/000132-5A,2026C1,01/101-01,MEDICINA,5,A,FISIOLOGÍA,2026-03-20 20:44:00,2026-08-01 21:23:00,13,100.0,2,4,100.0,86.23,78.96,5,5,20,Aprobado,0
8c1cf4fdd1a8,3255,01/2026C1/P/01/101-01/5/000165-5A,2026C1,01/101-01,MEDICINA,5,A,METODOLOGÍA DE LA INVESTIGACIÓN,2026-03-18 20:18:00,2026-08-01 18:40:00,13,100.0,2,4,100.0,79.89,81.75,3,5,20,Aprobado,0
4f7293fea11c,3100,01/2026C1/P/01/101-01/5/000011-5B,2026C1,01/101-01,MEDICINA,5,B,ANATOMÍA HUMANA,2026-03-25 22:20:00,2026-08-01 20:43:00,13,76.92,1,4,50.0,41.58,55.95,10,5,22,Reprobado,1
4f7293fea11c,3101,01/2026C1/P/01/101-01/5/000033-5B,2026C1,01/101-01,MEDICINA,5,B,BIOQUÍMICA,2026-03-17 21:33:00,2026-08-05 22:27:00,13,53.85,2,4,50.0,33.08,32.93,2,1,21,Reprobado,1
4f7293fea11c,3102,01/2026C1/P/01/101-01/5/000132-5B,2026C1,01/101-01,MEDICINA,5,B,FISIOLOGÍA,2026-03-18 20:49:00,2026-08-03 22:17:00,13,100.0,3,4,100.0,82.52,79.8,3,3,20,Aprobado,0
4f7293fea11c,3103,01/2026C1/P/01/101-01/5/000165-5B,2026C1,01/101-01,MEDICINA,5,B,METODOLOGÍA DE LA INVESTIGACIÓN,2026-03-20 23:21:00,2026-08-02 20:34:00,13,69.23,1,4,75.0,60.45,56.28,5,4,23,Reprobado,1
41984ebce431,3020,01/2026C1/P/03/210-01/3/000066-3A,2026C1,03/210-01,INGENIERÍA DE SOFTWARE,3,A,CÁLCULO DIFERENCIAL,2026-03-15 15:05:00,2026-05-05 17:17:00,13,38.46,1,4,100.0,86.33,33.28,0,93,15,Reprobado,1
41984ebce431,3021,01/2026C1/P/03/210-01/3/000198-3A,2026C1,03/210-01,INGENIERÍA DE SOFTWARE,3,A,PROGRAMACIÓN I,2026-03-18 18:10:00,2026-06-03 16:43:00,13,53.85,1,4,100.0,97.5,50.76,3,64,18,Reprobado,1
41984ebce431,3022,01/2026C1/P/03/210-01/3/000022-3A,2026C1,03/210-01,INGENIERÍA DE SOFTWARE,3,A,BASE DE DATOS,2026-03-20 15:07:00,2026-05-09 16:58:00,13,30.77,0,4,100.0,94.63,28.4,5,89,15,Reprobado,1
41984ebce431,3023,01/2026C1/P/03/210-01/3/000165-3A,2026C1,03/210-01,INGENIERÍA DE SOFTWARE,3,A,METODOLOGÍA DE LA INVESTIGACIÓN,2026-03-17 16:18:00,2026-05-10 16:07:00,13,30.77,1,4,100.0,96.09,29.74,2,88,16,Reprobado,1
296d6eadf010,3168,01/2026C1/P/04/120-03/3/000143-3A,2026C1,04/120-03,ECONOMÍA,3,A,MACROECONOMÍA,2026-03-20 23:14:00,2026-07-30 00:08:00,13,92.31,2,4,100.0,67.2,61.86,5,7,23,Reprobado,1
296d6eadf010,3169,01/2026C1/P/04/120-03/3/000176-3A,2026C1,04/120-03,ECONOMÍA,3,A,MICROECONOMÍA,2026-03-29 23:43:00,2026-07-30 00:53:00,13,38.46,2,4,25.0,17.33,23.45,14,7,23,Reprobado,1
296d6eadf010,3170,01/2026C1/P/04/120-03/3/000110-3A,2026C1,04/120-03,ECONOMÍA,3,A,ESTADÍSTICA,2026-03-17 00:52:00,2026-08-07 00:53:00,13,76.92,2,4,75.0,49.0,49.69,2,0,0,Reprobado,1
296d6eadf010,3171,01/2026C1/P/04/120-03/3/000165-3A,2026C1,04/120-03,ECONOMÍA,3,A,METODOLOGÍA DE LA INVESTIGACIÓN,2026-03-30 22:44:00,2026-08-08 00:03:00,13,38.46,0,4,25.0,17.62,27.17,15,0,22,Reprobado,1
c4714d7c531c,3056,01/2026C1/P/04/132-02/5/000044-5B,2026C1,04/132-02,CONTABILIDAD Y AUDITORÍA,5,B,CONTABILIDAD GENERAL,2026-03-20 13:25:00,2026-08-07 11:58:00,13,100.0,4,4,100.0,95.12,93.48,5,0,13,Aprobado,0
c4714d7c531c,3057,01/2026C1/P/04/132-02/5/000154-5B,2026C1,04/132-02,CONTABILIDAD Y AUDITORÍA,5,B,MATEMÁTICA FINANCIERA,2026-03-15 13:58:00,2026-07-31 14:54:00,13,100.0,1,4,100.0,95.31,94.33,0,6,13,Aprobado,0
c4714d7c531c,3058,01/2026C1/P/04/132-02/5/000220-5B,2026C1,04/132-02,CONTABILIDAD Y AUDITORÍA,5,B,TRIBUTACIÓN,2026-03-16 12:31:00,2026-07-29 13:35:00,13,100.0,2,4,100.0,92.33,92.69,1,8,12,Aprobado,0
c4714d7c531c,3059,01/2026C1/P/04/132-02/5/000165-5B,2026C1,04/132-02,CONTABILIDAD Y AUDITORÍA,5,B,METODOLOGÍA DE LA INVESTIGACIÓN,2026-03-15 12:56:00,2026-07-29 13:18:00,13,100.0,2,4,100.0,98.16,97.84,0,8,12,Aprobado,0
9ba472d96d9e,3112,01/2026C1/P/02/145-01/4/000077-4B,2026C1,02/145-01,DERECHO,4,B,DERECHO CIVIL,2026-03-21 00:33:00,2026-07-29 23:00:00,13,100.0,1,4,100.0,70.68,78.73,6,8,0,Aprobado,0
9ba472d96d9e,3113,01/2026C1/P/02/145-01/4/000099-4B,2026C1,02/145-01,DERECHO,4,B,DERECHO PENAL,2026-03-15 22:56:00,2026-08-06 02:13:00,13,100.0,3,4,100.0,85.32,83.52,0,0,22,Aprobado,0
9ba472d96d9e,3114,01/2026C1/P/02/145-01/4/000088-4B,2026C1,02/145-01,DERECHO,4,B,DERECHO CONSTITUCIONAL,2026-03-26 23:52:00,2026-08-03 22:17:00,13,92.31,2,4,100.0,79.68,70.9,11,3,23,Aprobado,0
9ba472d96d9e,3115,01/2026C1/P/02/145-01/4/000165-4B,2026C1,02/145-01,DERECHO,4,B,METODOLOGÍA DE LA INVESTIGACIÓN,2026-03-20 22:35:00,2026-08-07 23:01:00,13,92.31,2,4,100.0,77.61,69.6,5,0,22,Reprobado,1
016a7b59272b,3028,01/2026C1/P/04/132-02/2/000044-2B,2026C1,04/132-02,CONTABILIDAD Y AUDITORÍA,2,B,CONTABILIDAD GENERAL,2026-03-16 22:29:00,2026-08-01 22:11:00,13,100.0,3,4,100.0,94.43,90.4,1,5,22,Aprobado,0
016a7b59272b,3029,01/2026C1/P/04/132-02/2/000154-2B,2026C1,04/132-02,CONTABILIDAD Y AUDITORÍA,2,B,MATEMÁTICA FINANCIERA,2026-03-17 23:56:00,2026-08-03 22:12:00,13,92.31,1,4,100.0,86.52,81.47,2,3,23,Aprobado,0
016a7b59272b,3030,01/2026C1/P/04/132-02/2/000220-2B,2026C1,04/132-02,CONTABILIDAD Y AUDITORÍA,2,B,TRIBUTACIÓN,2026-03-16 23:45:00,2026-07-30 20:58:00,13,92.31,2,4,100.0,79.42,77.67,1,7,23,Aprobado,0
016a7b59272b,3031,01/2026C1/P/04/132-02/2/000165-2B,2026C1,04/132-02,CONTABILIDAD Y AUDITORÍA,2,B,METODOLOGÍA DE LA INVESTIGACIÓN,2026-03-23 02:26:00,2026-07-30 00:25:00,13,92.31,1,4,100.0,82.93,77.87,8,7,2,Aprobado,0
be033851eb9d,3072,01/2026C1/P/01/188-01/4/000011-4A,2026C1,01/188-01,ENFERMERÍA,4,A,ANATOMÍA HUMANA,2026-03-19 18:03:00,2026-08-01 19:04:00,13,84.62,1,4,75.0,64.3,68.74,4,5,18,Reprobado,1
be033851eb9d,3073,01/2026C1/P/01/188-01/4/000055-4A,2026C1,01/188-01,ENFERMERÍA,4,A,CUIDADO BÁSICO,2026-03-16 19:10:00,2026-08-06 18:42:00,13,100.0,0,4,100.0,89.78,89.65,1,0,19,Aprobado,0
be033851eb9d,3074,01/2026C1/P/01/188-01/4/000121-4A,2026C1,01/188-01,ENFERMERÍA,4,A,FARMACOLOGÍA,2026-03-17 17:43:00,2026-08-02 18:17:00,13,100.0,1,4,100.0,83.72,84.55,2,4,17,Aprobado,0
be033851eb9d,3075,01/2026C1/P/01/188-01/4/000165-4A,2026C1,01/188-01,ENFERMERÍA,4,A,METODOLOGÍA DE LA INVESTIGACIÓN,2026-03-15 19:05:00,2026-08-01 17:51:00,13,100.0,1,4,100.0,89.97,89.7,0,5,19,Aprobado,0
c06d1e79bef2,3196,01/2026C1/P/01/101-01/4/000011-4A,2026C1,01/101-01,MEDICINA,4,A,ANATOMÍA HUMANA,2026-03-18 17:11:00,2026-07-29 19:09:00,13,100.0,1,4,100.0,87.6,85.26,3,8,17,Aprobado,0
c06d1e79bef2,3197,01/2026C1/P/01/101-01/4/000033-4A,2026C1,01/101-01,MEDICINA,4,A,BIOQUÍMICA,2026-03-18 20:16:00,2026-07-31 16:50:00,13,100.0,2,4,100.0,77.73,80.09,3,6,20,Aprobado,0
c06d1e79bef2,3198,01/2026C1/P/01/101-01/4/000132-4A,2026C1,01/101-01,MEDICINA,4,A,FISIOLOGÍA,2026-03-25 16:46:00,2026-07-29 17:59:00,13,100.0,4,4,100.0,84.17,86.11,10,8,16,Aprobado,0
c06d1e79bef2,3199,01/2026C1/P/01/101-01/4/000165-4A,2026C1,01/101-01,MEDICINA,4,A,METODOLOGÍA DE LA INVESTIGACIÓN,2026-03-19 16:24:00,2026-08-07 17:11:00,13,100.0,0,4,100.0,91.84,94.79,4,0,16,Aprobado,0
153d55aaef8e,3220,01/2026C1/P/04/120-03/5/000143-5B,2026C1,04/120-03,ECONOMÍA,5,B,MACROECONOMÍA,2026-03-22 19:51:00,2026-08-02 19:46:00,13,100.0,6,4,100.0,86.46,73.89,7,4,19,Aprobado,0
153d55aaef8e,3221,01/2026C1/P/04/120-03/5/000176-5B,2026C1,04/120-03,ECONOMÍA,5,B,MICROECONOMÍA,2026-03-15 21:55:00,2026-08-02 22:05:00,13,100.0,0,4,100.0,93.17,92.27,0,4,21,Aprobado,0
153d55aaef8e,3222,01/2026C1/P/04/120-03/5/000110-5B,2026C1,04/120-03,ECONOMÍA,5,B,ESTADÍSTICA,2026-03-18 21:47:00,2026-07-29 20:46:00,13,92.31,4,4,100.0,75.4,73.0,3,8,21,Aprobado,0
153d55aaef8e,3223,01/2026C1/P/04/120-03/5/000165-5B,2026C1,04/120-03,ECONOMÍA,5,B,METODOLOGÍA DE LA INVESTIGACIÓN,2026-03-17 19:01:00,2026-07-31 19:26:00,13,100.0,3,4,100.0,73.84,79.56,2,6,19,Aprobado,0
8fb5374e287d,3176,01/2026C1/P/02/145-01/1/000077-1A,2026C1,02/145-01,DERECHO,1,A,DERECHO CIVIL,2026-03-16 21:29:00,2026-07-29 22:11:00,13,100.0,1,4,100.0,93.06,87.35,1,8,21,Aprobado,0
8fb5374e287d,3177,01/2026C1/P/02/145-01/1/000099-1A,2026C1,02/145-01,DERECHO,1,A,DERECHO PENAL,2026-03-22 00:42:00,2026-08-05 23:09:00,13,84.62,2,4,100.0,94.35,77.59,7,1,0,Aprobado,0
8fb5374e287d,3178,01/2026C1/P/02/145-01/1/000088-1A,2026C1,02/145-01,DERECHO,1,A,DERECHO CONSTITUCIONAL,2026-03-15 22:32:00,2026-08-06 01:31:00,13,100.0,2,4,100.0,87.31,83.24,0,0,22,Aprobado,0
8fb5374e287d,3179,01/2026C1/P/02/145-01/1/000165-1A,2026C1,02/145-01,DERECHO,1,A,METODOLOGÍA DE LA INVESTIGACIÓN,2026-03-28 00:13:00,2026-08-07 23:55:00,13,100.0,3,4,100.0,84.12,85.04,13,0,0,Aprobado,0
e3e47f6f0c5c,3076,01/2026C1/P/01/101-01/4/000011-4B,2026C1,01/101-01,MEDICINA,4,B,ANATOMÍA HUMANA,2026-03-19 21:42:00,2026-08-07 19:09:00,13,100.0,1,4,100.0,97.5,96.2,4,0,21,Aprobado,0
e3e47f6f0c5c,3077,01/2026C1/P/01/101-01/4/000033-4B,2026C1,01/101-01,MEDICINA,4,B,BIOQUÍMICA,2026-03-16 18:31:00,2026-08-02 17:31:00,13,100.0,2,4,100.0,88.41,91.03,1,4,18,Aprobado,0
e3e47f6f0c5c,3078,01/2026C1/P/01/101-01/4/000132-4B,2026C1,01/101-01,MEDICINA,4,B,FISIOLOGÍA,2026-03-18 19:48:00,2026-08-02 19:38:00,13,100.0,2,4,100.0,97.42,93.53,3,4,19,Aprobado,0
e3e47f6f0c5c,3079,01/2026C1/P/01/101-01/4/000165-4B,2026C1,01/101-01,MEDICINA,4,B,METODOLOGÍA DE LA INVESTIGACIÓN,2026-03-17 18:25:00,2026-07-30 18:51:00,13,100.0,1,4,100.0,87.49,92.74,2,7,18,Aprobado,0
1ce66736f3c8,3080,01/2026C1/P/04/132-02/4/000044-4A,2026C1,04/132-02,CONTABILIDAD Y AUDITORÍA,4,A,CONTABILIDAD GENERAL,2026-03-22 22:59:00,2026-05-05 19:50:00,13,30.77,1,4,100.0,70.16,22.25,7,93,22,Reprobado,1
1ce66736f3c8,3081,01/2026C1/P/04/132-02/4/000154-4A,2026C1,04/132-02,CONTABILIDAD Y AUDITORÍA,4,A,MATEMÁTICA FINANCIERA,2026-03-22 23:07:00,2026-05-06 22:06:00,13,30.77,3,4,75.0,60.76,21.74,7,92,23,Reprobado,1
1ce66736f3c8,3082,01/2026C1/P/04/132-02/4/000220-4A,2026C1,04/132-02,CONTABILIDAD Y AUDITORÍA,4,A,TRIBUTACIÓN,2026-03-19 21:21:00,2026-05-10 23:10:00,13,46.15,1,4,100.0,76.28,39.27,4,88,21,Reprobado,1
1ce66736f3c8,3083,01/2026C1/P/04/132-02/4/000165-4A,2026C1,04/132-02,CONTABILIDAD Y AUDITORÍA,4,A,METODOLOGÍA DE LA INVESTIGACIÓN,2026-03-16 23:20:00,2026-04-28 20:30:00,13,30.77,0,4,100.0,89.62,27.95,1,100,23,Reprobado,1
d3425a8e406c,3004,01/2026C1/P/04/132-02/3/000044-3A,2026C1,04/132-02,CONTABILIDAD Y AUDITORÍA,3,A,CONTABILIDAD GENERAL,2026-04-28 23:26:00,2026-07-30 22:41:00,13,15.38,1,4,50.0,30.01,9.1,44,7,23,Reprobado,1
d3425a8e406c,3005,01/2026C1/P/04/132-02/3/000154-3A,2026C1,04/132-02,CONTABILIDAD Y AUDITORÍA,3,A,MATEMÁTICA FINANCIERA,2026-03-18 23:59:00,2026-08-07 22:53:00,13,53.85,3,4,75.0,46.42,30.33,3,0,23,Reprobado,1
d3425a8e406c,3006,01/2026C1/P/04/132-02/3/000220-3A,2026C1,04/132-02,CONTABILIDAD Y AUDITORÍA,3,A,TRIBUTACIÓN,2026-04-12 23:01:00,2026-08-04 22:46:00,13,7.69,1,4,0.0,0.0,5.66,28,2,23,Reprobado,1
d3425a8e406c,3007,01/2026C1/P/04/132-02/3/000165-3A,2026C1,04/132-02,CONTABILIDAD Y AUDITORÍA,3,A,METODOLOGÍA DE LA INVESTIGACIÓN,2026-04-20 22:32:00,2026-07-29 21:56:00,13,15.38,1,4,0.0,0.0,10.73,36,8,22,Reprobado,1
9b794c378ce0,3036,01/2026C1/P/03/210-01/3/000066-3B,2026C1,03/210-01,INGENIERÍA DE SOFTWARE,3,B,CÁLCULO DIFERENCIAL,2026-03-20 17:08:00,2026-08-02 15:47:00,13,100.0,2,4,100.0,87.73,83.23,5,4,17,Aprobado,0
9b794c378ce0,3037,01/2026C1/P/03/210-01/3/000198-3B,2026C1,03/210-01,INGENIERÍA DE SOFTWARE,3,B,PROGRAMACIÓN I,2026-03-21 14:44:00,2026-07-30 16:34:00,13,92.31,1,4,100.0,87.17,79.56,6,7,14,Aprobado,0
9b794c378ce0,3038,01/2026C1/P/03/210-01/3/000022-3B,2026C1,03/210-01,INGENIERÍA DE SOFTWARE,3,B,BASE DE DATOS,2026-03-17 16:38:00,2026-08-03 16:44:00,13,100.0,1,4,100.0,79.3,87.3,2,3,16,Aprobado,0
9b794c378ce0,3039,01/2026C1/P/03/210-01/3/000165-3B,2026C1,03/210-01,INGENIERÍA DE SOFTWARE,3,B,METODOLOGÍA DE LA INVESTIGACIÓN,2026-03-16 14:41:00,2026-07-30 17:00:00,13,100.0,1,4,100.0,91.44,89.01,1,7,14,Aprobado,0
893565e32843,3036,01/2026C1/P/03/210-01/3/000066-3B,2026C1,03/210-01,INGENIERÍA DE SOFTWARE,3,B,CÁLCULO DIFERENCIAL,2026-03-25 17:49:00,2026-08-06 18:49:00,13,100.0,3,4,100.0,80.32,77.1,10,0,17,Aprobado,0
893565e32843,3037,01/2026C1/P/03/210-01/3/000198-3B,2026C1,03/210-01,INGENIERÍA DE SOFTWARE,3,B,PROGRAMACIÓN I,2026-03-23 17:13:00,2026-08-05 18:12:00,13,100.0,3,4,100.0,78.95,69.88,8,1,17,Reprobado,1
893565e32843,3038,01/2026C1/P/03/210-01/3/000022-3B,2026C1,03/210-01,INGENIERÍA DE SOFTWARE,3,B,BASE DE DATOS,2026-03-21 16:27:00,2026-07-30 19:08:00,13,100.0,1,4,100.0,79.0,81.84,6,7,16,Aprobado,0
893565e32843,3039,01/2026C1/P/03/210-01/3/000165-3B,2026C1,03/210-01,INGENIERÍA DE SOFTWARE,3,B,METODOLOGÍA DE LA INVESTIGACIÓN,2026-03-19 15:47:00,2026-07-30 16:06:00,13,92.31,2,4,100.0,92.15,81.09,4,7,15,Aprobado,0
42ebf36a201c,3140,01/2026C1/P/04/120-03/3/000143-3B,2026C1,04/120-03,ECONOMÍA,3,B,MACROECONOMÍA,2026-03-18 19:48:00,2026-08-01 20:01:00,13,100.0,4,4,100.0,82.34,83.22,3,5,19,Aprobado,0
42ebf36a201c,3141,01/2026C1/P/04/120-03/3/000176-3B,2026C1,04/120-03,ECONOMÍA,3,B,MICROECONOMÍA,2026-03-15 21:30:00,2026-08-02 20:44:00,13,100.0,4,4,100.0,82.39,89.26,0,4,21,Aprobado,0
42ebf36a201c,3142,01/2026C1/P/04/120-03/3/000110-3B,2026C1,04/120-03,ECONOMÍA,3,B,ESTADÍSTICA,2026-03-16 20:14:00,2026-08-04 22:06:00,13,100.0,2,4,100.0,84.05,87.02,1,2,20,Aprobado,0
42ebf36a201c,3143,01/2026C1/P/04/120-03/3/000165-3B,2026C1,04/120-03,ECONOMÍA,3,B,METODOLOGÍA DE LA INVESTIGACIÓN,2026-03-17 21:49:00,2026-07-31 21:03:00,13,100.0,3,4,100.0,80.4,85.83,2,6,21,Aprobado,0
6177a44bf9be,3080,01/2026C1/P/04/132-02/4/000044-4A,2026C1,04/132-02,CONTABILIDAD Y AUDITORÍA,4,A,CONTABILIDAD GENERAL,2026-03-16 13:26:00,2026-08-05 17:27:00,13,100.0,0,4,100.0,100.0,98.19,1,1,13,Aprobado,0
6177a44bf9be,3081,01/2026C1/P/04/132-02/4/000154-4A,2026C1,04/132-02,CONTABILIDAD Y AUDITORÍA,4,A,MATEMÁTICA FINANCIERA,2026-03-17 13:53:00,2026-08-05 15:37:00,13,100.0,1,4,100.0,97.5,94.84,2,1,13,Aprobado,0
6177a44bf9be,3082,01/2026C1/P/04/132-02/4/000220-4A,2026C1,04/132-02,CONTABILIDAD Y AUDITORÍA,4,A,TRIBUTACIÓN,2026-03-15 15:38:00,2026-08-05 14:32:00,13,100.0,1,4,100.0,97.5,98.56,0,1,15,Aprobado,0
6177a44bf9be,3083,01/2026C1/P/04/132-02/4/000165-4A,2026C1,04/132-02,CONTABILIDAD Y AUDITORÍA,4,A,METODOLOGÍA DE LA INVESTIGACIÓN,2026-03-15 14:21:00,2026-08-02 14:10:00,13,100.0,3,4,100.0,99.27,97.09,0,4,14,Aprobado,0
188901e403eb,3184,01/2026C1/P/04/120-03/5/000143-5A,2026C1,04/120-03,ECONOMÍA,5,A,MACROECONOMÍA,2026-03-15 18:04:00,2026-08-07 17:50:00,13,100.0,1,4,100.0,80.36,82.13,0,0,18,Aprobado,0
188901e403eb,3185,01/2026C1/P/04/120-03/5/000176-5A,2026C1,04/120-03,ECONOMÍA,5,A,MICROECONOMÍA,2026-04-01 17:45:00,2026-07-30 17:26:00,13,100.0,0,4,100.0,88.54,85.18,17,7,17,Aprobado,0
188901e403eb,3186,01/2026C1/P/04/120-03/5/000110-5A,2026C1,04/120-03,ECONOMÍA,5,A,ESTADÍSTICA,2026-03-18 17:39:00,2026-08-03 18:12:00,13,92.31,3,4,100.0,74.64,67.75,3,3,17,Reprobado,1
188901e403eb,3187,01/2026C1/P/04/120-03/5/000165-5A,2026C1,04/120-03,ECONOMÍA,5,A,METODOLOGÍA DE LA INVESTIGACIÓN,2026-03-15 19:34:00,2026-07-29 17:15:00,13,100.0,1,4,100.0,87.1,89.66,0,8,19,Aprobado,0
2ddb4bf7efce,3044,01/2026C1/P/01/101-01/1/000011-1B,2026C1,01/101-01,MEDICINA,1,B,ANATOMÍA HUMANA,2026-04-02 19:02:00,2026-08-01 19:46:00,13,100.0,2,4,100.0,77.58,76.09,18,5,19,Aprobado,0
2ddb4bf7efce,3045,01/2026C1/P/01/101-01/1/000033-1B,2026C1,01/101-01,MEDICINA,1,B,BIOQUÍMICA,2026-03-21 20:02:00,2026-07-29 19:24:00,13,92.31,0,4,75.0,65.26,78.62,6,8,20,Aprobado,0
2ddb4bf7efce,3046,01/2026C1/P/01/101-01/1/000132-1B,2026C1,01/101-01,MEDICINA,1,B,FISIOLOGÍA,2026-03-15 19:23:00,2026-08-05 18:41:00,13,100.0,1,4,100.0,80.38,80.35,0,1,19,Aprobado,0
2ddb4bf7efce,3047,01/2026C1/P/01/101-01/1/000165-1B,2026C1,01/101-01,MEDICINA,1,B,METODOLOGÍA DE LA INVESTIGACIÓN,2026-03-17 20:34:00,2026-07-30 19:44:00,13,100.0,4,4,100.0,78.56,78.16,2,7,20,Aprobado,0
7ce437c50bb2,3276,01/2026C1/P/05/167-02/1/000209-1B,2026C1,05/167-02,PSICOLOGÍA,1,B,PSICOLOGÍA GENERAL,2026-03-15 22:59:00,2026-07-29 21:13:00,13,100.0,1,4,100.0,74.29,75.76,0,8,22,Aprobado,0
7ce437c50bb2,3277,01/2026C1/P/05/167-02/1/000110-1B,2026C1,05/167-02,PSICOLOGÍA,1,B,ESTADÍSTICA,2026-04-26 21:32:00,2026-08-07 23:11:00,13,53.85,3,4,75.0,53.51,37.27,42,0,21,Reprobado,1
7ce437c50bb2,3278,01/2026C1/P/05/167-02/1/000187-1B,2026C1,05/167-02,PSICOLOGÍA,1,B,NEUROCIENCIAS,2026-04-01 23:44:00,2026-07-31 21:46:00,13,92.31,5,4,100.0,66.56,67.74,17,6,23,Reprobado,1
7ce437c50bb2,3279,01/2026C1/P/05/167-02/1/000165-1B,2026C1,05/167-02,PSICOLOGÍA,1,B,METODOLOGÍA DE LA INVESTIGACIÓN,2026-03-19 23:01:00,2026-08-05 22:46:00,13,69.23,2,4,75.0,54.64,53.16,4,1,23,Reprobado,1
a4a6972b045e,3052,01/2026C1/P/04/132-02/2/000044-2A,2026C1,04/132-02,CONTABILIDAD Y AUDITORÍA,2,A,CONTABILIDAD GENERAL,2026-03-24 23:52:00,2026-04-25 22:59:00,13,7.69,0,4,25.0,22.8,6.29,9,103,23,Reprobado,1
a4a6972b045e,3053,01/2026C1/P/04/132-02/2/000154-2A,2026C1,04/132-02,CONTABILIDAD Y AUDITORÍA,2,A,MATEMÁTICA FINANCIERA,2026-03-16 00:24:00,2026-06-05 22:37:00,13,53.85,0,4,100.0,80.43,44.14,1,62,0,Reprobado,1
a4a6972b045e,3054,01/2026C1/P/04/132-02/2/000220-2A,2026C1,04/132-02,CONTABILIDAD Y AUDITORÍA,2,A,TRIBUTACIÓN,2026-04-06 23:00:00,2026-06-10 00:10:00,13,53.85,0,4,75.0,67.75,44.95,22,57,23,Reprobado,1
a4a6972b045e,3055,01/2026C1/P/04/132-02/2/000165-2A,2026C1,04/132-02,CONTABILIDAD Y AUDITORÍA,2,A,METODOLOGÍA DE LA INVESTIGACIÓN,2026-03-25 23:29:00,2026-05-29 22:29:00,13,38.46,0,4,100.0,86.22,33.99,10,69,23,Reprobado,1
b3068d5e14a0,3188,01/2026C1/P/02/145-01/5/000077-5A,2026C1,02/145-01,DERECHO,5,A,DERECHO CIVIL,2026-03-21 20:42:00,2026-07-30 23:51:00,13,92.31,3,4,100.0,78.12,72.26,6,7,20,Aprobado,0
b3068d5e14a0,3189,01/2026C1/P/02/145-01/5/000099-5A,2026C1,02/145-01,DERECHO,5,A,DERECHO PENAL,2026-03-22 23:22:00,2026-08-07 22:18:00,13,100.0,4,4,100.0,71.9,77.77,7,0,23,Aprobado,0
b3068d5e14a0,3190,01/2026C1/P/02/145-01/5/000088-5A,2026C1,02/145-01,DERECHO,5,A,DERECHO CONSTITUCIONAL,2026-03-26 00:00:00,2026-08-03 22:49:00,13,69.23,2,4,100.0,81.78,59.69,11,3,0,Reprobado,1
b3068d5e14a0,3191,01/2026C1/P/02/145-01/5/000165-5A,2026C1,02/145-01,DERECHO,5,A,METODOLOGÍA DE LA INVESTIGACIÓN,2026-03-15 20:26:00,2026-08-04 22:10:00,13,100.0,1,4,100.0,86.72,89.99,0,2,20,Aprobado,0
e94ee8a32093,3120,01/2026C1/P/04/132-02/3/000044-3B,2026C1,04/132-02,CONTABILIDAD Y AUDITORÍA,3,B,CONTABILIDAD GENERAL,2026-03-23 21:37:00,2026-07-29 21:36:00,13,69.23,3,4,75.0,49.4,48.25,8,8,21,Reprobado,1
e94ee8a32093,3121,01/2026C1/P/04/132-02/3/000154-3B,2026C1,04/132-02,CONTABILIDAD Y AUDITORÍA,3,B,MATEMÁTICA FINANCIERA,2026-04-15 21:05:00,2026-08-01 21:16:00,13,84.62,3,4,75.0,50.12,60.25,31,5,21,Reprobado,1
e94ee8a32093,3122,01/2026C1/P/04/132-02/3/000220-3B,2026C1,04/132-02,CONTABILIDAD Y AUDITORÍA,3,B,TRIBUTACIÓN,2026-03-28 22:03:00,2026-07-30 21:49:00,13,84.62,2,4,75.0,53.79,60.21,13,7,22,Reprobado,1
e94ee8a32093,3123,01/2026C1/P/04/132-02/3/000165-3B,2026C1,04/132-02,CONTABILIDAD Y AUDITORÍA,3,B,METODOLOGÍA DE LA INVESTIGACIÓN,2026-04-09 19:52:00,2026-08-07 20:30:00,13,69.23,0,4,50.0,41.81,56.96,25,0,19,Reprobado,1
3b774158fd45,3024,01/2026C1/P/05/167-02/4/000209-4A,2026C1,05/167-02,PSICOLOGÍA,4,A,PSICOLOGÍA GENERAL,2026-03-15 20:04:00,2026-08-05 20:40:00,13,100.0,0,4,100.0,95.74,92.13,0,1,20,Aprobado,0
3b774158fd45,3025,01/2026C1/P/05/167-02/4/000110-4A,2026C1,05/167-02,PSICOLOGÍA,4,A,ESTADÍSTICA,2026-03-15 21:58:00,2026-07-30 20:21:00,13,100.0,1,4,100.0,73.56,83.02,0,7,21,Aprobado,0
3b774158fd45,3026,01/2026C1/P/05/167-02/4/000187-4A,2026C1,05/167-02,PSICOLOGÍA,4,A,NEUROCIENCIAS,2026-03-17 21:08:00,2026-07-30 20:20:00,13,100.0,0,4,100.0,88.06,91.66,2,7,21,Aprobado,0
3b774158fd45,3027,01/2026C1/P/05/167-02/4/000165-4A,2026C1,05/167-02,PSICOLOGÍA,4,A,METODOLOGÍA DE LA INVESTIGACIÓN,2026-03-16 19:33:00,2026-07-31 18:54:00,13,100.0,2,4,100.0,95.06,92.21,1,6,19,Aprobado,0
3e551624a924,3224,01/2026C1/P/02/145-01/4/000077-4A,2026C1,02/145-01,DERECHO,4,A,DERECHO CIVIL,2026-03-16 15:34:00,2026-07-30 15:05:00,13,100.0,1,4,100.0,88.86,88.14,1,7,15,Aprobado,0
3e551624a924,3225,01/2026C1/P/02/145-01/4/000099-4A,2026C1,02/145-01,DERECHO,4,A,DERECHO PENAL,2026-03-18 14:50:00,2026-08-06 13:40:00,13,100.0,1,4,100.0,97.6,93.07,3,0,14,Aprobado,0
3e551624a924,3226,01/2026C1/P/02/145-01/4/000088-4A,2026C1,02/145-01,DERECHO,4,A,DERECHO CONSTITUCIONAL,2026-03-17 14:20:00,2026-08-04 15:04:00,13,100.0,2,4,100.0,93.8,92.48,2,2,14,Aprobado,0
3e551624a924,3227,01/2026C1/P/02/145-01/4/000165-4A,2026C1,02/145-01,DERECHO,4,A,METODOLOGÍA DE LA INVESTIGACIÓN,2026-03-23 13:17:00,2026-08-01 14:30:00,13,100.0,1,4,100.0,90.17,94.16,8,5,13,Aprobado,0
1128d4d8f864,3060,01/2026C1/P/05/167-02/5/000209-5B,2026C1,05/167-02,PSICOLOGÍA,5,B,PSICOLOGÍA GENERAL,2026-03-18 15:48:00,2026-08-05 17:00:00,13,100.0,2,4,100.0,84.42,87.77,3,1,15,Aprobado,0
1128d4d8f864,3061,01/2026C1/P/05/167-02/5/000110-5B,2026C1,05/167-02,PSICOLOGÍA,5,B,ESTADÍSTICA,2026-03-16 17:43:00,2026-08-07 17:17:00,13,100.0,0,4,100.0,89.04,86.91,1,0,17,Aprobado,0
1128d4d8f864,3062,01/2026C1/P/05/167-02/5/000187-5B,2026C1,05/167-02,PSICOLOGÍA,5,B,NEUROCIENCIAS,2026-03-31 18:10:00,2026-08-07 15:32:00,13,92.31,2,4,100.0,85.47,80.15,16,0,18,Aprobado,0
1128d4d8f864,3063,01/2026C1/P/05/167-02/5/000165-5B,2026C1,05/167-02,PSICOLOGÍA,5,B,METODOLOGÍA DE LA INVESTIGACIÓN,2026-03-20 16:56:00,2026-08-04 17:02:00,13,100.0,3,4,100.0,97.6,90.7,5,2,16,Aprobado,0
2c7e093fee42,3136,01/2026C1/P/01/188-01/1/000011-1A,2026C1,01/188-01,ENFERMERÍA,1,A,ANATOMÍA HUMANA,2026-04-28 18:11:00,2026-08-02 17:50:00,13,38.46,1,4,0.0,0.0,26.87,44,4,18,Reprobado,1
2c7e093fee42,3137,01/2026C1/P/01/188-01/1/000055-1A,2026C1,01/188-01,ENFERMERÍA,1,A,CUIDADO BÁSICO,2026-03-26 18:05:00,2026-07-30 16:55:00,13,100.0,1,4,100.0,79.06,82.37,11,7,18,Aprobado,0
2c7e093fee42,3138,01/2026C1/P/01/188-01/1/000121-1A,2026C1,01/188-01,ENFERMERÍA,1,A,FARMACOLOGÍA,2026-03-20 18:08:00,2026-08-01 18:50:00,13,100.0,1,4,100.0,80.48,80.63,5,5,18,Aprobado,0
2c7e093fee42,3139,01/2026C1/P/01/188-01/1/000165-1A,2026C1,01/188-01,ENFERMERÍA,1,A,METODOLOGÍA DE LA INVESTIGACIÓN,2026-03-15 18:19:00,2026-08-06 16:56:00,13,92.31,3,4,100.0,81.75,75.22,0,0,18,Aprobado,0
8694c365d592,3176,01/2026C1/P/02/145-01/1/000077-1A,2026C1,02/145-01,DERECHO,1,A,DERECHO CIVIL,2026-03-24 19:53:00,2026-08-07 22:35:00,13,100.0,1,4,100.0,82.64,81.05,9,0,19,Aprobado,0
8694c365d592,3177,01/2026C1/P/02/145-01/1/000099-1A,2026C1,02/145-01,DERECHO,1,A,DERECHO PENAL,2026-03-18 19:04:00,2026-07-31 19:33:00,13,100.0,1,4,100.0,86.19,86.69,3,6,19,Aprobado,0
8694c365d592,3178,01/2026C1/P/02/145-01/1/000088-1A,2026C1,02/145-01,DERECHO,1,A,DERECHO CONSTITUCIONAL,2026-03-18 20:39:00,2026-07-31 19:53:00,13,100.0,1,4,100.0,100.0,97.18,3,6,20,Aprobado,0
8694c365d592,3179,01/2026C1/P/02/145-01/1/000165-1A,2026C1,02/145-01,DERECHO,1,A,METODOLOGÍA DE LA INVESTIGACIÓN,2026-03-21 19:02:00,2026-08-02 21:49:00,13,100.0,2,4,100.0,89.62,87.8,6,4,19,Aprobado,0
bd5bfa4f09da,3208,01/2026C1/P/04/120-03/1/000143-1A,2026C1,04/120-03,ECONOMÍA,1,A,MACROECONOMÍA,2026-03-21 17:53:00,2026-05-07 18:12:00,13,30.77,0,4,100.0,86.3,28.49,6,91,17,Reprobado,1
bd5bfa4f09da,3209,01/2026C1/P/04/120-03/1/000176-1A,2026C1,04/120-03,ECONOMÍA,1,A,MICROECONOMÍA,2026-03-19 16:14:00,2026-06-13 17:53:00,13,61.54,2,4,100.0,85.46,52.72,4,54,16,Reprobado,1
bd5bfa4f09da,3210,01/2026C1/P/04/120-03/1/000110-1A,2026C1,04/120-03,ECONOMÍA,1,A,ESTADÍSTICA,2026-03-15 18:58:00,2026-06-03 18:02:00,13,61.54,0,4,100.0,87.0,53.46,0,64,18,Reprobado,1
bd5bfa4f09da,3211,01/2026C1/P/04/120-03/1/000165-1A,2026C1,04/120-03,ECONOMÍA,1,A,METODOLOGÍA DE LA INVESTIGACIÓN,2026-03-17 18:43:00,2026-05-24 16:54:00,13,38.46,0,4,100.0,93.92,38.19,2,74,18,Reprobado,1
a8eef80a7853,3012,01/2026C1/P/01/188-01/3/000011-3B,2026C1,01/188-01,ENFERMERÍA,3,B,ANATOMÍA HUMANA,2026-03-20 18:30:00,2026-07-31 19:01:00,13,100.0,2,4,100.0,87.09,85.7,5,6,18,Aprobado,0
a8eef80a7853,3013,01/2026C1/P/01/188-01/3/000055-3B,2026C1,01/188-01,ENFERMERÍA,3,B,CUIDADO BÁSICO,2026-03-16 19:10:00,2026-08-05 18:55:00,13,100.0,1,4,100.0,90.02,95.11,1,1,19,Aprobado,0
a8eef80a7853,3014,01/2026C1/P/01/188-01/3/000121-3B,2026C1,01/188-01,ENFERMERÍA,3,B,FARMACOLOGÍA,2026-03-17 19:23:00,2026-08-04 19:59:00,13,92.31,0,4,100.0,72.07,74.88,2,2,19,Aprobado,0
a8eef80a7853,3015,01/2026C1/P/01/188-01/3/000165-3B,2026C1,01/188-01,ENFERMERÍA,3,B,METODOLOGÍA DE LA INVESTIGACIÓN,2026-03-17 18:50:00,2026-07-29 17:39:00,13,100.0,1,4,100.0,87.78,88.09,2,8,18,Aprobado,0
a043ad0c8aef,3108,01/2026C1/P/05/167-02/3/000209-3B,2026C1,05/167-02,PSICOLOGÍA,3,B,PSICOLOGÍA GENERAL,2026-03-18 18:02:00,2026-08-05 16:55:00,13,100.0,0,4,100.0,93.16,92.75,3,1,18,Aprobado,0
a043ad0c8aef,3109,01/2026C1/P/05/167-02/3/000110-3B,2026C1,05/167-02,PSICOLOGÍA,3,B,ESTADÍSTICA,2026-03-16 18:49:00,2026-07-29 18:16:00,13,100.0,3,4,100.0,88.45,82.61,1,8,18,Aprobado,0
a043ad0c8aef,3110,01/2026C1/P/05/167-02/3/000187-3B,2026C1,05/167-02,PSICOLOGÍA,3,B,NEUROCIENCIAS,2026-03-18 19:11:00,2026-08-05 19:02:00,13,100.0,2,4,100.0,86.27,89.82,3,1,19,Aprobado,0
a043ad0c8aef,3111,01/2026C1/P/05/167-02/3/000165-3B,2026C1,05/167-02,PSICOLOGÍA,3,B,METODOLOGÍA DE LA INVESTIGACIÓN,2026-03-23 18:53:00,2026-07-30 19:08:00,13,92.31,5,4,75.0,62.82,75.84,8,7,18,Aprobado,0
6371211f5b86,3196,01/2026C1/P/01/101-01/4/000011-4A,2026C1,01/101-01,MEDICINA,4,A,ANATOMÍA HUMANA,2026-03-15 21:00:00,2026-08-01 20:11:00,13,100.0,0,4,100.0,77.96,84.16,0,5,21,Aprobado,0
6371211f5b86,3197,01/2026C1/P/01/101-01/4/000033-4A,2026C1,01/101-01,MEDICINA,4,A,BIOQUÍMICA,2026-03-18 18:39:00,2026-07-29 19:11:00,13,100.0,2,4,100.0,81.19,78.69,3,8,18,Aprobado,0
6371211f5b86,3198,01/2026C1/P/01/101-01/4/000132-4A,2026C1,01/101-01,MEDICINA,4,A,FISIOLOGÍA,2026-03-18 19:02:00,2026-08-04 19:46:00,13,92.31,0,4,75.0,60.42,74.3,3,2,19,Aprobado,0
6371211f5b86,3199,01/2026C1/P/01/101-01/4/000165-4A,2026C1,01/101-01,MEDICINA,4,A,METODOLOGÍA DE LA INVESTIGACIÓN,2026-03-16 19:22:00,2026-08-01 18:07:00,13,100.0,3,4,100.0,80.28,88.1,1,5,19,Aprobado,0
b67279b658e2,3080,01/2026C1/P/04/132-02/4/000044-4A,2026C1,04/132-02,CONTABILIDAD Y AUDITORÍA,4,A,CONTABILIDAD GENERAL,2026-03-16 23:06:00,2026-08-04 00:40:00,13,100.0,3,4,100.0,82.28,79.14,1,2,23,Aprobado,0
b67279b658e2,3081,01/2026C1/P/04/132-02/4/000154-4A,2026C1,04/132-02,CONTABILIDAD Y AUDITORÍA,4,A,MATEMÁTICA FINANCIERA,2026-03-16 23:51:00,2026-07-29 23:24:00,13,100.0,3,4,100.0,69.21,74.17,1,8,23,Aprobado,0
b67279b658e2,3082,01/2026C1/P/04/132-02/4/000220-4A,2026C1,04/132-02,CONTABILIDAD Y AUDITORÍA,4,A,TRIBUTACIÓN,2026-03-25 21:44:00,2026-07-31 00:44:00,13,100.0,5,4,100.0,78.59,81.21,10,6,21,Aprobado,0
b67279b658e2,3083,01/2026C1/P/04/132-02/4/000165-4A,2026C1,04/132-02,CONTABILIDAD Y AUDITORÍA,4,A,METODOLOGÍA DE LA INVESTIGACIÓN,2026-03-24 00:32:00,2026-08-06 00:40:00,13,92.31,3,4,100.0,88.28,75.82,9,0,0,Aprobado,0
29e7e9b7b1d5,3128,01/2026C1/P/01/188-01/2/000011-2B,2026C1,01/188-01,ENFERMERÍA,2,B,ANATOMÍA HUMANA,2026-03-15 18:18:00,2026-08-01 17:20:00,13,100.0,3,4,100.0,89.38,91.28,0,5,18,Aprobado,0
29e7e9b7b1d5,3129,01/2026C1/P/01/188-01/2/000055-2B,2026C1,01/188-01,ENFERMERÍA,2,B,CUIDADO BÁSICO,2026-03-22 17:16:00,2026-07-29 17:45:00,13,100.0,1,4,100.0,99.86,92.58,7,8,17,Aprobado,0
29e7e9b7b1d5,3130,01/2026C1/P/01/188-01/2/000121-2B,2026C1,01/188-01,ENFERMERÍA,2,B,FARMACOLOGÍA,2026-03-18 17:31:00,2026-07-30 17:21:00,13,100.0,2,4,100.0,92.07,92.57,3,7,17,Aprobado,0
29e7e9b7b1d5,3131,01/2026C1/P/01/188-01/2/000165-2B,2026C1,01/188-01,ENFERMERÍA,2,B,METODOLOGÍA DE LA INVESTIGACIÓN,2026-03-17 17:05:00,2026-08-04 18:23:00,13,100.0,1,4,100.0,91.35,90.44,2,2,17,Aprobado,0
55c7065d8b42,3148,01/2026C1/P/03/210-01/5/000066-5A,2026C1,03/210-01,INGENIERÍA DE SOFTWARE,5,A,CÁLCULO DIFERENCIAL,2026-03-15 19:01:00,2026-08-01 20:40:00,13,100.0,4,4,100.0,76.56,81.22,0,5,19,Aprobado,0
55c7065d8b42,3149,01/2026C1/P/03/210-01/5/000198-5A,2026C1,03/210-01,INGENIERÍA DE SOFTWARE,5,A,PROGRAMACIÓN I,2026-03-17 20:22:00,2026-07-30 18:50:00,13,100.0,2,4,100.0,96.18,96.14,2,7,20,Aprobado,0
55c7065d8b42,3150,01/2026C1/P/03/210-01/5/000022-5A,2026C1,03/210-01,INGENIERÍA DE SOFTWARE,5,A,BASE DE DATOS,2026-03-21 19:00:00,2026-08-02 20:45:00,13,100.0,2,4,100.0,93.58,93.62,6,4,19,Aprobado,0
55c7065d8b42,3151,01/2026C1/P/03/210-01/5/000165-5A,2026C1,03/210-01,INGENIERÍA DE SOFTWARE,5,A,METODOLOGÍA DE LA INVESTIGACIÓN,2026-03-16 18:50:00,2026-07-30 17:35:00,13,100.0,3,4,100.0,83.79,82.06,1,7,18,Aprobado,0
41e37e5857e5,3076,01/2026C1/P/01/101-01/4/000011-4B,2026C1,01/101-01,MEDICINA,4,B,ANATOMÍA HUMANA,2026-03-15 21:30:00,2026-05-26 23:43:00,13,38.46,2,4,100.0,69.61,25.16,0,72,21,Reprobado,1
41e37e5857e5,3077,01/2026C1/P/01/101-01/4/000033-4B,2026C1,01/101-01,MEDICINA,4,B,BIOQUÍMICA,2026-03-17 21:27:00,2026-05-08 23:40:00,13,30.77,0,4,100.0,75.76,23.55,2,90,21,Reprobado,1
41e37e5857e5,3078,01/2026C1/P/01/101-01/4/000132-4B,2026C1,01/101-01,MEDICINA,4,B,FISIOLOGÍA,2026-03-16 22:30:00,2026-05-03 21:54:00,13,23.08,1,4,75.0,63.03,20.16,1,95,22,Reprobado,1
41e37e5857e5,3079,01/2026C1/P/01/101-01/4/000165-4B,2026C1,01/101-01,MEDICINA,4,B,METODOLOGÍA DE LA INVESTIGACIÓN,2026-03-21 21:00:00,2026-06-09 21:28:00,13,69.23,1,4,100.0,64.42,45.79,6,58,21,Reprobado,1
52529d6a4280,3152,01/2026C1/P/03/210-01/2/000066-2B,2026C1,03/210-01,INGENIERÍA DE SOFTWARE,2,B,CÁLCULO DIFERENCIAL,2026-03-19 21:01:00,2026-08-07 22:56:00,13,100.0,2,4,100.0,77.07,74.23,4,0,21,Aprobado,0
52529d6a4280,3153,01/2026C1/P/03/210-01/2/000198-2B,2026C1,03/210-01,INGENIERÍA DE SOFTWARE,2,B,PROGRAMACIÓN I,2026-03-19 22:25:00,2026-08-04 21:11:00,13,100.0,1,4,100.0,76.88,83.5,4,2,22,Aprobado,0
52529d6a4280,3154,01/2026C1/P/03/210-01/2/000022-2B,2026C1,03/210-01,INGENIERÍA DE SOFTWARE,2,B,BASE DE DATOS,2026-03-16 21:58:00,2026-07-30 19:38:00,13,100.0,1,4,100.0,90.12,92.32,1,7,21,Aprobado,0
52529d6a4280,3155,01/2026C1/P/03/210-01/2/000165-2B,2026C1,03/210-01,INGENIERÍA DE SOFTWARE,2,B,METODOLOGÍA DE LA INVESTIGACIÓN,2026-03-21 21:07:00,2026-08-03 22:23:00,13,100.0,0,4,100.0,84.96,81.65,6,3,21,Aprobado,0
b697ee947be4,3212,01/2026C1/P/03/210-01/1/000066-1B,2026C1,03/210-01,INGENIERÍA DE SOFTWARE,1,B,CÁLCULO DIFERENCIAL,2026-03-15 18:31:00,2026-07-31 18:47:00,13,100.0,3,4,100.0,53.76,60.38,0,6,18,Reprobado,1
b697ee947be4,3213,01/2026C1/P/03/210-01/1/000198-1B,2026C1,03/210-01,INGENIERÍA DE SOFTWARE,1,B,PROGRAMACIÓN I,2026-03-24 17:43:00,2026-07-29 20:52:00,13,92.31,4,4,100.0,78.37,70.98,9,8,17,Aprobado,0
b697ee947be4,3214,01/2026C1/P/03/210-01/1/000022-1B,2026C1,03/210-01,INGENIERÍA DE SOFTWARE,1,B,BASE DE DATOS,2026-03-18 19:10:00,2026-07-29 19:25:00,13,100.0,4,4,100.0,78.41,79.41,3,8,19,Aprobado,0
b697ee947be4,3215,01/2026C1/P/03/210-01/1/000165-1B,2026C1,03/210-01,INGENIERÍA DE SOFTWARE,1,B,METODOLOGÍA DE LA INVESTIGACIÓN,2026-03-29 20:18:00,2026-07-29 19:34:00,13,92.31,1,4,100.0,77.81,75.3,14,8,20,Aprobado,0
cef3a7d49574,3156,01/2026C1/P/04/120-03/4/000143-4B,2026C1,04/120-03,ECONOMÍA,4,B,MACROECONOMÍA,2026-03-22 19:01:00,2026-08-05 18:11:00,13,100.0,1,4,100.0,96.57,90.77,7,1,19,Aprobado,0
cef3a7d49574,3157,01/2026C1/P/04/120-03/4/000176-4B,2026C1,04/120-03,ECONOMÍA,4,B,MICROECONOMÍA,2026-03-18 17:48:00,2026-07-30 17:16:00,13,100.0,0,4,100.0,95.93,93.94,3,7,17,Aprobado,0
cef3a7d49574,3158,01/2026C1/P/04/120-03/4/000110-4B,2026C1,04/120-03,ECONOMÍA,4,B,ESTADÍSTICA,2026-03-28 17:04:00,2026-07-29 18:53:00,13,100.0,1,4,100.0,82.92,86.17,13,8,17,Aprobado,0
cef3a7d49574,3159,01/2026C1/P/04/120-03/4/000165-4B,2026C1,04/120-03,ECONOMÍA,4,B,METODOLOGÍA DE LA INVESTIGACIÓN,2026-03-15 18:17:00,2026-08-03 19:05:00,13,100.0,0,4,100.0,90.8,89.3,0,3,18,Aprobado,0
5a82908b3fd2,3060,01/2026C1/P/05/167-02/5/000209-5B,2026C1,05/167-02,PSICOLOGÍA,5,B,PSICOLOGÍA GENERAL,2026-03-18 11:43:00,2026-08-07 15:02:00,13,92.31,1,4,100.0,94.36,84.6,3,0,11,Aprobado,0
5a82908b3fd2,3061,01/2026C1/P/05/167-02/5/000110-5B,2026C1,05/167-02,PSICOLOGÍA,5,B,ESTADÍSTICA,2026-03-16 15:01:00,2026-08-01 17:29:00,13,100.0,2,4,100.0,95.48,91.67,1,5,15,Aprobado,0
5a82908b3fd2,3062,01/2026C1/P/05/167-02/5/000187-5B,2026C1,05/167-02,PSICOLOGÍA,5,B,NEUROCIENCIAS,2026-03-16 16:31:00,2026-07-30 17:39:00,13,100.0,2,4,100.0,98.3,97.72,1,7,16,Aprobado,0
5a82908b3fd2,3063,01/2026C1/P/05/167-02/5/000165-5B,2026C1,05/167-02,PSICOLOGÍA,5,B,METODOLOGÍA DE LA INVESTIGACIÓN,2026-03-17 17:06:00,2026-08-02 16:45:00,13,100.0,1,4,100.0,98.25,96.86,2,4,17,Aprobado,0
035894a62482,3204,01/2026C1/P/02/145-01/1/000077-1B,2026C1,02/145-01,DERECHO,1,B,DERECHO CIVIL,2026-03-17 21:21:00,2026-08-06 22:00:00,13,100.0,3,4,100.0,63.31,71.44,2,0,21,Aprobado,0
035894a62482,3205,01/2026C1/P/02/145-01/1/000099-1B,2026C1,02/145-01,DERECHO,1,B,DERECHO PENAL,2026-03-21 21:14:00,2026-08-05 23:16:00,13,92.31,3,4,100.0,81.97,71.14,6,1,21,Aprobado,0
035894a62482,3206,01/2026C1/P/02/145-01/1/000088-1B,2026C1,02/145-01,DERECHO,1,B,DERECHO CONSTITUCIONAL,2026-03-23 22:54:00,2026-08-04 20:42:00,13,92.31,1,4,100.0,85.18,75.46,8,2,22,Aprobado,0
035894a62482,3207,01/2026C1/P/02/145-01/1/000165-1B,2026C1,02/145-01,DERECHO,1,B,METODOLOGÍA DE LA INVESTIGACIÓN,2026-03-24 21:20:00,2026-07-29 21:41:00,13,46.15,1,4,75.0,41.88,26.48,9,8,21,Reprobado,1
0f78a488387a,3184,01/2026C1/P/04/120-03/5/000143-5A,2026C1,04/120-03,ECONOMÍA,5,A,MACROECONOMÍA,2026-03-20 16:57:00,2026-08-05 19:36:00,13,100.0,0,4,100.0,96.72,91.38,5,1,16,Aprobado,0
0f78a488387a,3185,01/2026C1/P/04/120-03/5/000176-5A,2026C1,04/120-03,ECONOMÍA,5,A,MICROECONOMÍA,2026-03-23 18:57:00,2026-08-05 19:32:00,13,100.0,0,4,100.0,94.3,95.63,8,1,18,Aprobado,0
0f78a488387a,3186,01/2026C1/P/04/120-03/5/000110-5A,2026C1,04/120-03,ECONOMÍA,5,A,ESTADÍSTICA,2026-03-29 18:33:00,2026-08-03 19:37:00,13,100.0,0,4,100.0,98.32,97.58,14,3,18,Aprobado,0
0f78a488387a,3187,01/2026C1/P/04/120-03/5/000165-5A,2026C1,04/120-03,ECONOMÍA,5,A,METODOLOGÍA DE LA INVESTIGACIÓN,2026-03-16 19:35:00,2026-07-29 19:16:00,13,100.0,2,4,100.0,79.55,82.23,1,8,19,Aprobado,0
470eb42e6f67,3128,01/2026C1/P/01/188-01/2/000011-2B,2026C1,01/188-01,ENFERMERÍA,2,B,ANATOMÍA HUMANA,2026-03-16 21:35:00,2026-04-24 20:40:00,13,15.38,0,4,50.0,48.06,14.52,1,104,21,Reprobado,1
470eb42e6f67,3129,01/2026C1/P/01/188-01/2/000055-2B,2026C1,01/188-01,ENFERMERÍA,2,B,CUIDADO BÁSICO,2026-03-20 20:47:00,2026-06-02 23:13:00,13,53.85,0,4,100.0,97.94,50.26,5,65,20,Reprobado,1
470eb42e6f67,3130,01/2026C1/P/01/188-01/2/000121-2B,2026C1,01/188-01,ENFERMERÍA,2,B,FARMACOLOGÍA,2026-03-18 21:05:00,2026-05-01 22:15:00,13,30.77,0,4,100.0,86.9,28.4,3,97,21,Reprobado,1
470eb42e6f67,3131,01/2026C1/P/01/188-01/2/000165-2B,2026C1,01/188-01,ENFERMERÍA,2,B,METODOLOGÍA DE LA INVESTIGACIÓN,2026-03-18 22:03:00,2026-05-26 22:57:00,13,38.46,1,4,100.0,97.15,37.76,3,72,22,Reprobado,1
3e9ad5722d92,3268,01/2026C1/P/01/188-01/4/000011-4B,2026C1,01/188-01,ENFERMERÍA,4,B,ANATOMÍA HUMANA,2026-03-15 18:51:00,2026-07-30 20:25:00,13,100.0,1,4,100.0,86.36,94.28,0,7,18,Aprobado,0
3e9ad5722d92,3269,01/2026C1/P/01/188-01/4/000055-4B,2026C1,01/188-01,ENFERMERÍA,4,B,CUIDADO BÁSICO,2026-03-20 19:57:00,2026-07-30 19:59:00,13,100.0,3,4,100.0,79.64,81.23,5,7,19,Aprobado,0
3e9ad5722d92,3270,01/2026C1/P/01/188-01/4/000121-4B,2026C1,01/188-01,ENFERMERÍA,4,B,FARMACOLOGÍA,2026-03-15 18:31:00,2026-07-30 19:43:00,13,100.0,1,4,100.0,82.13,85.01,0,7,18,Aprobado,0
3e9ad5722d92,3271,01/2026C1/P/01/188-01/4/000165-4B,2026C1,01/188-01,ENFERMERÍA,4,B,METODOLOGÍA DE LA INVESTIGACIÓN,2026-03-16 19:09:00,2026-08-05 19:16:00,13,100.0,1,4,100.0,96.9,89.8,1,1,19,Aprobado,0
f45d566faa84,3112,01/2026C1/P/02/145-01/4/000077-4B,2026C1,02/145-01,DERECHO,4,B,DERECHO CIVIL,2026-03-18 21:53:00,2026-08-04 21:36:00,13,100.0,3,4,100.0,90.71,86.64,3,2,21,Aprobado,0
f45d566faa84,3113,01/2026C1/P/02/145-01/4/000099-4B,2026C1,02/145-01,DERECHO,4,B,DERECHO PENAL,2026-03-19 22:08:00,2026-07-29 21:52:00,13,92.31,2,4,100.0,89.43,78.39,4,8,22,Aprobado,0
f45d566faa84,3114,01/2026C1/P/02/145-01/4/000088-4B,2026C1,02/145-01,DERECHO,4,B,DERECHO CONSTITUCIONAL,2026-03-15 20:31:00,2026-08-01 20:47:00,13,100.0,5,4,100.0,83.58,81.18,0,5,20,Aprobado,0
f45d566faa84,3115,01/2026C1/P/02/145-01/4/000165-4B,2026C1,02/145-01,DERECHO,4,B,METODOLOGÍA DE LA INVESTIGACIÓN,2026-03-27 21:33:00,2026-07-30 21:29:00,13,100.0,1,4,100.0,92.68,87.27,12,7,21,Aprobado,0
ef2bf963f022,3084,01/2026C1/P/04/120-03/2/000143-2A,2026C1,04/120-03,ECONOMÍA,2,A,MACROECONOMÍA,2026-03-16 16:17:00,2026-08-06 15:22:00,13,100.0,3,4,100.0,90.1,87.61,1,0,16,Aprobado,0
ef2bf963f022,3085,01/2026C1/P/04/120-03/2/000176-2A,2026C1,04/120-03,ECONOMÍA,2,A,MICROECONOMÍA,2026-03-16 15:21:00,2026-07-29 17:44:00,13,100.0,2,4,100.0,95.36,95.56,1,8,15,Aprobado,0
ef2bf963f022,3086,01/2026C1/P/04/120-03/2/000110-2A,2026C1,04/120-03,ECONOMÍA,2,A,ESTADÍSTICA,2026-03-17 16:32:00,2026-08-01 15:59:00,13,100.0,1,4,100.0,93.84,90.59,2,5,16,Aprobado,0
ef2bf963f022,3087,01/2026C1/P/04/120-03/2/000165-2A,2026C1,04/120-03,ECONOMÍA,2,A,METODOLOGÍA DE LA INVESTIGACIÓN,2026-03-16 15:22:00,2026-07-30 17:14:00,13,100.0,1,4,100.0,93.15,97.12,1,7,15,Aprobado,0
e0b6f4a74f8e,3008,01/2026C1/P/01/101-01/2/000011-2B,2026C1,01/101-01,MEDICINA,2,B,ANATOMÍA HUMANA,2026-03-18 15:55:00,2026-08-04 17:04:00,13,100.0,0,4,100.0,82.23,78.78,3,2,15,Aprobado,0
e0b6f4a74f8e,3009,01/2026C1/P/01/101-01/2/000033-2B,2026C1,01/101-01,MEDICINA,2,B,BIOQUÍMICA,2026-03-16 16:53:00,2026-07-30 15:52:00,13,100.0,1,4,100.0,75.14,78.65,1,7,16,Aprobado,0
e0b6f4a74f8e,3010,01/2026C1/P/01/101-01/2/000132-2B,2026C1,01/101-01,MEDICINA,2,B,FISIOLOGÍA,2026-03-15 15:34:00,2026-07-30 15:13:00,13,100.0,2,4,100.0,86.2,89.22,0,7,15,Aprobado,0
e0b6f4a74f8e,3011,01/2026C1/P/01/101-01/2/000165-2B,2026C1,01/101-01,MEDICINA,2,B,METODOLOGÍA DE LA INVESTIGACIÓN,2026-03-17 16:19:00,2026-08-06 15:49:00,13,92.31,3,4,100.0,81.66,74.03,2,0,16,Aprobado,0
cae8e115740d,3140,01/2026C1/P/04/120-03/3/000143-3B,2026C1,04/120-03,ECONOMÍA,3,B,MACROECONOMÍA,2026-03-24 20:18:00,2026-08-07 22:06:00,13,92.31,2,4,100.0,61.78,67.73,9,0,20,Reprobado,1
cae8e115740d,3141,01/2026C1/P/04/120-03/3/000176-3B,2026C1,04/120-03,ECONOMÍA,3,B,MICROECONOMÍA,2026-03-18 21:23:00,2026-08-05 22:46:00,13,84.62,3,4,100.0,80.69,71.5,3,1,21,Aprobado,0
cae8e115740d,3142,01/2026C1/P/04/120-03/3/000110-3B,2026C1,04/120-03,ECONOMÍA,3,B,ESTADÍSTICA,2026-03-25 22:56:00,2026-07-29 21:47:00,13,100.0,2,4,100.0,89.98,75.8,10,8,22,Aprobado,0
cae8e115740d,3143,01/2026C1/P/04/120-03/3/000165-3B,2026C1,04/120-03,ECONOMÍA,3,B,METODOLOGÍA DE LA INVESTIGACIÓN,2026-03-15 20:08:00,2026-08-01 21:22:00,13,100.0,1,4,100.0,98.19,87.28,0,5,20,Aprobado,0
7b40429b4964,3024,01/2026C1/P/05/167-02/4/000209-4A,2026C1,05/167-02,PSICOLOGÍA,4,A,PSICOLOGÍA GENERAL,2026-03-19 20:47:00,2026-08-07 22:04:00,13,92.31,4,4,75.0,53.89,67.6,4,0,20,Reprobado,1
7b40429b4964,3025,01/2026C1/P/05/167-02/4/000110-4A,2026C1,05/167-02,PSICOLOGÍA,4,A,ESTADÍSTICA,2026-03-17 20:00:00,2026-08-05 20:50:00,13,100.0,5,4,100.0,55.81,69.32,2,1,20,Reprobado,1
7b40429b4964,3026,01/2026C1/P/05/167-02/4/000187-4A,2026C1,05/167-02,PSICOLOGÍA,4,A,NEUROCIENCIAS,2026-03-22 19:56:00,2026-08-02 21:19:00,13,100.0,3,4,100.0,83.5,77.2,7,4,19,Aprobado,0
7b40429b4964,3027,01/2026C1/P/05/167-02/4/000165-4A,2026C1,05/167-02,PSICOLOGÍA,4,A,METODOLOGÍA DE LA INVESTIGACIÓN,2026-03-18 20:07:00,2026-08-07 21:15:00,13,84.62,2,4,75.0,58.98,65.83,3,0,20,Reprobado,1
fa278fa05046,3040,01/2026C1/P/04/132-02/1/000044-1A,2026C1,04/132-02,CONTABILIDAD Y AUDITORÍA,1,A,CONTABILIDAD GENERAL,2026-03-25 19:18:00,2026-07-29 18:16:00,13,84.62,2,4,75.0,52.42,64.04,10,8,19,Reprobado,1
fa278fa05046,3041,01/2026C1/P/04/132-02/1/000154-1A,2026C1,04/132-02,CONTABILIDAD Y AUDITORÍA,1,A,MATEMÁTICA FINANCIERA,2026-03-18 19:28:00,2026-08-05 18:31:00,13,76.92,1,4,75.0,44.11,48.36,3,1,19,Reprobado,1
fa278fa05046,3042,01/2026C1/P/04/132-02/1/000220-1A,2026C1,04/132-02,CONTABILIDAD Y AUDITORÍA,1,A,TRIBUTACIÓN,2026-04-03 17:30:00,2026-08-03 17:57:00,13,53.85,1,4,100.0,75.69,42.82,19,3,17,Reprobado,1
fa278fa05046,3043,01/2026C1/P/04/132-02/1/000165-1A,2026C1,04/132-02,CONTABILIDAD Y AUDITORÍA,1,A,METODOLOGÍA DE LA INVESTIGACIÓN,2026-03-15 19:00:00,2026-08-01 19:48:00,13,92.31,2,4,75.0,56.48,60.59,0,5,19,Reprobado,1
9e629bc4a230,3236,01/2026C1/P/02/145-01/5/000077-5B,2026C1,02/145-01,DERECHO,5,B,DERECHO CIVIL,2026-03-22 18:22:00,2026-08-02 19:49:00,13,100.0,0,4,100.0,73.53,74.45,7,4,18,Aprobado,0
9e629bc4a230,3237,01/2026C1/P/02/145-01/5/000099-5B,2026C1,02/145-01,DERECHO,5,B,DERECHO PENAL,2026-03-15 17:48:00,2026-07-30 18:44:00,13,92.31,2,4,75.0,60.53,68.2,0,7,17,Reprobado,1
9e629bc4a230,3238,01/2026C1/P/02/145-01/5/000088-5B,2026C1,02/145-01,DERECHO,5,B,DERECHO CONSTITUCIONAL,2026-03-19 20:57:00,2026-08-02 18:40:00,13,100.0,1,4,100.0,86.68,81.79,4,4,20,Aprobado,0
9e629bc4a230,3239,01/2026C1/P/02/145-01/5/000165-5B,2026C1,02/145-01,DERECHO,5,B,METODOLOGÍA DE LA INVESTIGACIÓN,2026-03-18 19:20:00,2026-07-29 20:37:00,13,100.0,2,4,100.0,83.2,87.49,3,8,19,Aprobado,0
bac3a325c3f5,3256,01/2026C1/P/02/145-01/3/000077-3A,2026C1,02/145-01,DERECHO,3,A,DERECHO CIVIL,2026-03-16 19:36:00,2026-08-02 22:05:00,13,100.0,1,4,100.0,82.68,90.37,1,4,19,Aprobado,0
bac3a325c3f5,3257,01/2026C1/P/02/145-01/3/000099-3A,2026C1,02/145-01,DERECHO,3,A,DERECHO PENAL,2026-03-18 21:28:00,2026-08-05 22:23:00,13,100.0,1,4,100.0,99.68,96.78,3,1,21,Aprobado,0
bac3a325c3f5,3258,01/2026C1/P/02/145-01/3/000088-3A,2026C1,02/145-01,DERECHO,3,A,DERECHO CONSTITUCIONAL,2026-03-15 21:12:00,2026-07-29 20:03:00,13,100.0,0,4,100.0,97.99,94.19,0,8,21,Aprobado,0
bac3a325c3f5,3259,01/2026C1/P/02/145-01/3/000165-3A,2026C1,02/145-01,DERECHO,3,A,METODOLOGÍA DE LA INVESTIGACIÓN,2026-03-19 19:23:00,2026-07-31 21:08:00,13,100.0,1,4,100.0,96.23,93.6,4,6,19,Aprobado,0
0bd05abdf746,3264,01/2026C1/P/04/132-02/5/000044-5A,2026C1,04/132-02,CONTABILIDAD Y AUDITORÍA,5,A,CONTABILIDAD GENERAL,2026-03-16 17:11:00,2026-08-01 17:35:00,13,100.0,2,4,100.0,94.79,92.95,1,5,17,Aprobado,0
0bd05abdf746,3265,01/2026C1/P/04/132-02/5/000154-5A,2026C1,04/132-02,CONTABILIDAD Y AUDITORÍA,5,A,MATEMÁTICA FINANCIERA,2026-03-16 16:11:00,2026-08-02 18:09:00,13,100.0,2,4,100.0,98.37,90.5,1,4,16,Aprobado,0
0bd05abdf746,3266,01/2026C1/P/04/132-02/5/000220-5A,2026C1,04/132-02,CONTABILIDAD Y AUDITORÍA,5,A,TRIBUTACIÓN,2026-03-18 18:05:00,2026-08-03 17:33:00,13,100.0,1,4,100.0,98.74,96.39,3,3,18,Aprobado,0
0bd05abdf746,3267,01/2026C1/P/04/132-02/5/000165-5A,2026C1,04/132-02,CONTABILIDAD Y AUDITORÍA,5,A,METODOLOGÍA DE LA INVESTIGACIÓN,2026-03-17 15:03:00,2026-08-01 18:06:00,13,100.0,0,4,100.0,98.12,95.21,2,5,15,Aprobado,0
324029783134,3040,01/2026C1/P/04/132-02/1/000044-1A,2026C1,04/132-02,CONTABILIDAD Y AUDITORÍA,1,A,CONTABILIDAD GENERAL,2026-04-13 20:36:00,2026-06-13 21:13:00,13,38.46,0,4,50.0,37.47,26.25,29,54,20,Reprobado,1
324029783134,3041,01/2026C1/P/04/132-02/1/000154-1A,2026C1,04/132-02,CONTABILIDAD Y AUDITORÍA,1,A,MATEMÁTICA FINANCIERA,2026-03-16 18:45:00,2026-05-26 21:36:00,13,23.08,1,4,50.0,32.49,15.42,1,72,18,Reprobado,1
324029783134,3042,01/2026C1/P/04/132-02/1/000220-1A,2026C1,04/132-02,CONTABILIDAD Y AUDITORÍA,1,A,TRIBUTACIÓN,2026-04-17 22:23:00,2026-05-03 20:56:00,13,7.69,0,4,25.0,15.26,4.21,33,95,22,Reprobado,1
324029783134,3043,01/2026C1/P/04/132-02/1/000165-1A,2026C1,04/132-02,CONTABILIDAD Y AUDITORÍA,1,A,METODOLOGÍA DE LA INVESTIGACIÓN,2026-04-19 22:06:00,2026-05-20 19:10:00,13,30.77,1,4,100.0,80.36,24.3,35,78,22,Reprobado,1
d370b8ec4a87,3172,01/2026C1/P/01/188-01/5/000011-5A,2026C1,01/188-01,ENFERMERÍA,5,A,ANATOMÍA HUMANA,2026-03-21 17:06:00,2026-07-29 19:04:00,13,100.0,1,4,100.0,96.52,92.85,6,8,17,Aprobado,0
d370b8ec4a87,3173,01/2026C1/P/01/188-01/5/000055-5A,2026C1,01/188-01,ENFERMERÍA,5,A,CUIDADO BÁSICO,2026-03-15 18:53:00,2026-08-01 16:57:00,13,100.0,0,4,100.0,100.0,99.16,0,5,18,Aprobado,0
d370b8ec4a87,3174,01/2026C1/P/01/188-01/5/000121-5A,2026C1,01/188-01,ENFERMERÍA,5,A,FARMACOLOGÍA,2026-03-16 16:17:00,2026-08-05 15:17:00,13,100.0,3,4,100.0,87.21,93.01,1,1,16,Aprobado,0
d370b8ec4a87,3175,01/2026C1/P/01/188-01/5/000165-5A,2026C1,01/188-01,ENFERMERÍA,5,A,METODOLOGÍA DE LA INVESTIGACIÓN,2026-03-20 17:25:00,2026-08-06 16:36:00,13,100.0,1,4,100.0,91.69,95.83,5,0,17,Aprobado,0
5f0d7ff5cbd1,3140,01/2026C1/P/04/120-03/3/000143-3B,2026C1,04/120-03,ECONOMÍA,3,B,MACROECONOMÍA,2026-03-22 13:33:00,2026-08-04 13:35:00,13,100.0,0,4,100.0,86.44,90.15,7,2,13,Aprobado,0
5f0d7ff5cbd1,3141,01/2026C1/P/04/120-03/3/000176-3B,2026C1,04/120-03,ECONOMÍA,3,B,MICROECONOMÍA,2026-03-17 13:34:00,2026-07-31 13:15:00,13,100.0,2,4,100.0,85.78,88.63,2,6,13,Aprobado,0
5f0d7ff5cbd1,3142,01/2026C1/P/04/120-03/3/000110-3B,2026C1,04/120-03,ECONOMÍA,3,B,ESTADÍSTICA,2026-03-15 13:18:00,2026-08-02 13:31:00,13,100.0,0,4,100.0,90.94,88.57,0,4,13,Aprobado,0
5f0d7ff5cbd1,3143,01/2026C1/P/04/120-03/3/000165-3B,2026C1,04/120-03,ECONOMÍA,3,B,METODOLOGÍA DE LA INVESTIGACIÓN,2026-03-25 13:11:00,2026-08-04 13:01:00,13,100.0,0,4,100.0,97.48,96.11,10,2,13,Aprobado,0
623ed05c4199,3076,01/2026C1/P/01/101-01/4/000011-4B,2026C1,01/101-01,MEDICINA,4,B,ANATOMÍA HUMANA,2026-03-19 17:30:00,2026-08-04 16:31:00,13,100.0,1,4,100.0,84.04,79.89,4,2,17,Aprobado,0
623ed05c4199,3077,01/2026C1/P/01/101-01/4/000033-4B,2026C1,01/101-01,MEDICINA,4,B,BIOQUÍMICA,2026-03-17 16:42:00,2026-08-05 17:24:00,13,100.0,0,4,100.0,90.49,86.02,2,1,16,Aprobado,0
623ed05c4199,3078,01/2026C1/P/01/101-01/4/000132-4B,2026C1,01/101-01,MEDICINA,4,B,FISIOLOGÍA,2026-03-15 18:09:00,2026-08-01 15:28:00,13,100.0,0,4,100.0,89.0,85.83,0,5,18,Aprobado,0
623ed05c4199,3079,01/2026C1/P/01/101-01/4/000165-4B,2026C1,01/101-01,MEDICINA,4,B,METODOLOGÍA DE LA INVESTIGACIÓN,2026-03-16 17:11:00,2026-08-03 19:10:00,13,100.0,2,4,100.0,92.24,85.49,1,3,17,Aprobado,0
503182da8f25,3116,01/2026C1/P/04/120-03/2/000143-2B,2026C1,04/120-03,ECONOMÍA,2,B,MACROECONOMÍA,2026-03-20 20:22:00,2026-08-03 17:54:00,13,84.62,1,4,75.0,67.4,70.77,5,3,20,Aprobado,0
503182da8f25,3117,01/2026C1/P/04/120-03/2/000176-2B,2026C1,04/120-03,ECONOMÍA,2,B,MICROECONOMÍA,2026-03-19 17:31:00,2026-08-04 18:33:00,13,100.0,0,4,100.0,95.74,92.88,4,2,17,Aprobado,0
503182da8f25,3118,01/2026C1/P/04/120-03/2/000110-2B,2026C1,04/120-03,ECONOMÍA,2,B,ESTADÍSTICA,2026-03-15 17:39:00,2026-08-05 18:34:00,13,100.0,0,4,100.0,83.2,84.84,0,1,17,Aprobado,0
503182da8f25,3119,01/2026C1/P/04/120-03/2/000165-2B,2026C1,04/120-03,ECONOMÍA,2,B,METODOLOGÍA DE LA INVESTIGACIÓN,2026-03-18 18:33:00,2026-07-30 18:05:00,13,100.0,2,4,100.0,86.77,90.25,3,7,18,Aprobado,0
0107c49d5553,3080,01/2026C1/P/04/132-02/4/000044-4A,2026C1,04/132-02,CONTABILIDAD Y AUDITORÍA,4,A,CONTABILIDAD GENERAL,2026-03-15 19:28:00,2026-08-07 20:55:00,13,100.0,1,4,100.0,87.56,90.92,0,0,19,Aprobado,0
0107c49d5553,3081,01/2026C1/P/04/132-02/4/000154-4A,2026C1,04/132-02,CONTABILIDAD Y AUDITORÍA,4,A,MATEMÁTICA FINANCIERA,2026-03-19 21:27:00,2026-08-05 18:28:00,13,100.0,3,4,100.0,88.65,88.68,4,1,21,Aprobado,0
0107c49d5553,3082,01/2026C1/P/04/132-02/4/000220-4A,2026C1,04/132-02,CONTABILIDAD Y AUDITORÍA,4,A,TRIBUTACIÓN,2026-03-15 18:02:00,2026-08-04 18:29:00,13,100.0,2,4,100.0,83.85,87.44,0,2,18,Aprobado,0
0107c49d5553,3083,01/2026C1/P/04/132-02/4/000165-4A,2026C1,04/132-02,CONTABILIDAD Y AUDITORÍA,4,A,METODOLOGÍA DE LA INVESTIGACIÓN,2026-03-19 18:20:00,2026-08-07 18:22:00,13,100.0,2,4,100.0,82.95,91.62,4,0,18,Aprobado,0
0b47a4d0b372,3044,01/2026C1/P/01/101-01/1/000011-1B,2026C1,01/101-01,MEDICINA,1,B,ANATOMÍA HUMANA,2026-03-19 16:13:00,2026-08-04 16:04:00,13,92.31,2,4,100.0,69.3,68.64,4,2,16,Reprobado,1
0b47a4d0b372,3045,01/2026C1/P/01/101-01/1/000033-1B,2026C1,01/101-01,MEDICINA,1,B,BIOQUÍMICA,2026-03-16 15:54:00,2026-08-06 13:30:00,13,100.0,0,4,100.0,79.9,78.78,1,0,15,Aprobado,0
0b47a4d0b372,3046,01/2026C1/P/01/101-01/1/000132-1B,2026C1,01/101-01,MEDICINA,1,B,FISIOLOGÍA,2026-03-15 15:59:00,2026-08-05 15:04:00,13,100.0,3,4,100.0,81.38,80.38,0,1,15,Aprobado,0
0b47a4d0b372,3047,01/2026C1/P/01/101-01/1/000165-1B,2026C1,01/101-01,MEDICINA,1,B,METODOLOGÍA DE LA INVESTIGACIÓN,2026-03-19 15:41:00,2026-08-07 14:11:00,13,100.0,1,4,100.0,83.11,77.95,4,0,15,Aprobado,0
941e5d9c6c7a,3128,01/2026C1/P/01/188-01/2/000011-2B,2026C1,01/188-01,ENFERMERÍA,2,B,ANATOMÍA HUMANA,2026-03-20 15:54:00,2026-08-02 16:14:00,13,100.0,3,4,100.0,64.42,72.49,5,4,15,Aprobado,0
941e5d9c6c7a,3129,01/2026C1/P/01/188-01/2/000055-2B,2026C1,01/188-01,ENFERMERÍA,2,B,CUIDADO BÁSICO,2026-04-19 16:59:00,2026-08-07 17:05:00,13,53.85,1,4,75.0,57.44,37.29,35,0,16,Reprobado,1
941e5d9c6c7a,3130,01/2026C1/P/01/188-01/2/000121-2B,2026C1,01/188-01,ENFERMERÍA,2,B,FARMACOLOGÍA,2026-03-23 15:06:00,2026-08-02 17:06:00,13,92.31,4,4,75.0,57.14,66.43,8,4,15,Reprobado,1
941e5d9c6c7a,3131,01/2026C1/P/01/188-01/2/000165-2B,2026C1,01/188-01,ENFERMERÍA,2,B,METODOLOGÍA DE LA INVESTIGACIÓN,2026-03-23 15:49:00,2026-08-02 14:56:00,13,84.62,1,4,50.0,32.7,65.43,8,4,15,Reprobado,1
1fcbf85380bc,3216,01/2026C1/P/03/210-01/4/000066-4A,2026C1,03/210-01,INGENIERÍA DE SOFTWARE,4,A,CÁLCULO DIFERENCIAL,2026-03-21 21:27:00,2026-08-03 22:23:00,13,100.0,5,4,100.0,73.97,69.53,6,3,21,Reprobado,1
1fcbf85380bc,3217,01/2026C1/P/03/210-01/4/000198-4A,2026C1,03/210-01,INGENIERÍA DE SOFTWARE,4,A,PROGRAMACIÓN I,2026-03-17 22:30:00,2026-08-01 00:13:00,13,100.0,2,4,100.0,72.64,68.07,2,5,22,Reprobado,1
1fcbf85380bc,3218,01/2026C1/P/03/210-01/4/000022-4A,2026C1,03/210-01,INGENIERÍA DE SOFTWARE,4,A,BASE DE DATOS,2026-03-15 21:30:00,2026-07-29 23:03:00,13,100.0,1,4,100.0,77.26,79.43,0,8,21,Aprobado,0
1fcbf85380bc,3219,01/2026C1/P/03/210-01/4/000165-4A,2026C1,03/210-01,INGENIERÍA DE SOFTWARE,4,A,METODOLOGÍA DE LA INVESTIGACIÓN,2026-03-16 23:39:00,2026-07-31 21:50:00,13,100.0,2,4,100.0,86.34,85.64,1,6,23,Aprobado,0
5aa88082646e,3080,01/2026C1/P/04/132-02/4/000044-4A,2026C1,04/132-02,CONTABILIDAD Y AUDITORÍA,4,A,CONTABILIDAD GENERAL,2026-04-02 16:48:00,2026-07-31 16:29:00,13,100.0,2,4,100.0,88.56,89.26,18,6,16,Aprobado,0
5aa88082646e,3081,01/2026C1/P/04/132-02/4/000154-4A,2026C1,04/132-02,CONTABILIDAD Y AUDITORÍA,4,A,MATEMÁTICA FINANCIERA,2026-03-16 15:33:00,2026-08-07 17:25:00,13,100.0,4,4,100.0,94.38,85.88,1,0,15,Aprobado,0
5aa88082646e,3082,01/2026C1/P/04/132-02/4/000220-4A,2026C1,04/132-02,CONTABILIDAD Y AUDITORÍA,4,A,TRIBUTACIÓN,2026-03-18 16:00:00,2026-08-06 16:02:00,13,100.0,1,4,100.0,91.02,88.89,3,0,16,Aprobado,0
5aa88082646e,3083,01/2026C1/P/04/132-02/4/000165-4A,2026C1,04/132-02,CONTABILIDAD Y AUDITORÍA,4,A,METODOLOGÍA DE LA INVESTIGACIÓN,2026-03-16 16:14:00,2026-08-02 16:20:00,13,100.0,0,4,100.0,86.34,89.94,1,4,16,Aprobado,0
70608d306371,3264,01/2026C1/P/04/132-02/5/000044-5A,2026C1,04/132-02,CONTABILIDAD Y AUDITORÍA,5,A,CONTABILIDAD GENERAL,2026-03-18 19:35:00,2026-08-07 21:12:00,13,100.0,2,4,100.0,84.04,89.91,3,0,19,Aprobado,0
70608d306371,3265,01/2026C1/P/04/132-02/5/000154-5A,2026C1,04/132-02,CONTABILIDAD Y AUDITORÍA,5,A,MATEMÁTICA FINANCIERA,2026-04-07 20:22:00,2026-07-30 19:43:00,13,100.0,1,4,100.0,79.21,80.62,23,7,20,Aprobado,0
70608d306371,3266,01/2026C1/P/04/132-02/5/000220-5A,2026C1,04/132-02,CONTABILIDAD Y AUDITORÍA,5,A,TRIBUTACIÓN,2026-03-15 18:14:00,2026-08-04 20:49:00,13,100.0,2,4,100.0,95.41,92.95,0,2,18,Aprobado,0
70608d306371,3267,01/2026C1/P/04/132-02/5/000165-5A,2026C1,04/132-02,CONTABILIDAD Y AUDITORÍA,5,A,METODOLOGÍA DE LA INVESTIGACIÓN,2026-03-17 18:11:00,2026-08-03 19:06:00,13,100.0,0,4,100.0,92.75,95.7,2,3,18,Aprobado,0
188e1cb9b9c2,3012,01/2026C1/P/01/188-01/3/000011-3B,2026C1,01/188-01,ENFERMERÍA,3,B,ANATOMÍA HUMANA,2026-03-15 22:15:00,2026-07-31 21:15:00,13,76.92,2,4,50.0,36.16,61.01,0,6,22,Reprobado,1
188e1cb9b9c2,3013,01/2026C1/P/01/188-01/3/000055-3B,2026C1,01/188-01,ENFERMERÍA,3,B,CUIDADO BÁSICO,2026-03-15 21:05:00,2026-08-03 23:33:00,13,100.0,4,4,100.0,70.47,78.73,0,3,21,Aprobado,0
188e1cb9b9c2,3014,01/2026C1/P/01/188-01/3/000121-3B,2026C1,01/188-01,ENFERMERÍA,3,B,FARMACOLOGÍA,2026-03-20 23:10:00,2026-08-05 23:14:00,13,92.31,2,4,75.0,60.26,71.79,5,1,23,Aprobado,0
188e1cb9b9c2,3015,01/2026C1/P/01/188-01/3/000165-3B,2026C1,01/188-01,ENFERMERÍA,3,B,METODOLOGÍA DE LA INVESTIGACIÓN,2026-03-26 22:02:00,2026-07-30 20:00:00,13,76.92,1,4,75.0,60.37,60.18,11,7,22,Reprobado,1
679cdc65bd8a,3028,01/2026C1/P/04/132-02/2/000044-2B,2026C1,04/132-02,CONTABILIDAD Y AUDITORÍA,2,B,CONTABILIDAD GENERAL,2026-03-15 23:09:00,2026-08-06 22:21:00,13,100.0,2,4,100.0,93.39,92.68,0,0,23,Aprobado,0
679cdc65bd8a,3029,01/2026C1/P/04/132-02/2/000154-2B,2026C1,04/132-02,CONTABILIDAD Y AUDITORÍA,2,B,MATEMÁTICA FINANCIERA,2026-03-24 21:22:00,2026-08-05 22:56:00,13,100.0,0,4,100.0,93.26,86.87,9,1,21,Aprobado,0
679cdc65bd8a,3030,01/2026C1/P/04/132-02/2/000220-2B,2026C1,04/132-02,CONTABILIDAD Y AUDITORÍA,2,B,TRIBUTACIÓN,2026-03-16 22:50:00,2026-08-05 22:38:00,13,100.0,0,4,100.0,92.95,91.09,1,1,22,Aprobado,0
679cdc65bd8a,3031,01/2026C1/P/04/132-02/2/000165-2B,2026C1,04/132-02,CONTABILIDAD Y AUDITORÍA,2,B,METODOLOGÍA DE LA INVESTIGACIÓN,2026-03-31 20:24:00,2026-08-07 22:54:00,13,100.0,1,4,100.0,96.46,93.72,16,0,20,Aprobado,0
0d08c9db3ce2,3100,01/2026C1/P/01/101-01/5/000011-5B,2026C1,01/101-01,MEDICINA,5,B,ANATOMÍA HUMANA,2026-03-16 17:14:00,2026-08-07 15:23:00,13,100.0,1,4,100.0,93.16,83.89,1,0,17,Aprobado,0
0d08c9db3ce2,3101,01/2026C1/P/01/101-01/5/000033-5B,2026C1,01/101-01,MEDICINA,5,B,BIOQUÍMICA,2026-03-15 16:55:00,2026-08-03 15:54:00,13,92.31,4,4,100.0,80.74,75.47,0,3,16,Aprobado,0
0d08c9db3ce2,3102,01/2026C1/P/01/101-01/5/000132-5B,2026C1,01/101-01,MEDICINA,5,B,FISIOLOGÍA,2026-03-15 15:25:00,2026-08-05 16:57:00,13,100.0,0,4,100.0,80.67,90.24,0,1,15,Aprobado,0
0d08c9db3ce2,3103,01/2026C1/P/01/101-01/5/000165-5B,2026C1,01/101-01,MEDICINA,5,B,METODOLOGÍA DE LA INVESTIGACIÓN,2026-03-15 17:23:00,2026-08-01 16:12:00,13,100.0,1,4,100.0,83.11,87.81,0,5,17,Aprobado,0
f43f1c780b38,3204,01/2026C1/P/02/145-01/1/000077-1B,2026C1,02/145-01,DERECHO,1,B,DERECHO CIVIL,2026-03-19 23:05:00,2026-08-07 22:13:00,13,100.0,1,4,100.0,96.02,88.51,4,0,23,Aprobado,0
f43f1c780b38,3205,01/2026C1/P/02/145-01/1/000099-1B,2026C1,02/145-01,DERECHO,1,B,DERECHO PENAL,2026-03-22 20:03:00,2026-08-02 23:47:00,13,100.0,3,4,100.0,81.78,84.75,7,4,20,Aprobado,0
f43f1c780b38,3206,01/2026C1/P/02/145-01/1/000088-1B,2026C1,02/145-01,DERECHO,1,B,DERECHO CONSTITUCIONAL,2026-03-16 23:03:00,2026-08-07 22:38:00,13,100.0,3,4,100.0,93.04,83.47,1,0,23,Aprobado,0
f43f1c780b38,3207,01/2026C1/P/02/145-01/1/000165-1B,2026C1,02/145-01,DERECHO,1,B,METODOLOGÍA DE LA INVESTIGACIÓN,2026-03-17 22:55:00,2026-08-04 23:02:00,13,100.0,3,4,100.0,83.11,81.71,2,2,22,Aprobado,0
319f7095d859,3092,01/2026C1/P/05/167-02/1/000209-1A,2026C1,05/167-02,PSICOLOGÍA,1,A,PSICOLOGÍA GENERAL,2026-03-16 20:32:00,2026-08-01 21:02:00,13,100.0,2,4,100.0,90.3,89.78,1,5,20,Aprobado,0
319f7095d859,3093,01/2026C1/P/05/167-02/1/000110-1A,2026C1,05/167-02,PSICOLOGÍA,1,A,ESTADÍSTICA,2026-03-31 19:22:00,2026-08-02 20:30:00,13,92.31,0,4,75.0,54.44,63.95,16,4,19,Reprobado,1
319f7095d859,3094,01/2026C1/P/05/167-02/1/000187-1A,2026C1,05/167-02,PSICOLOGÍA,1,A,NEUROCIENCIAS,2026-03-18 18:00:00,2026-08-06 19:24:00,13,100.0,1,4,100.0,88.99,91.46,3,0,18,Aprobado,0
319f7095d859,3095,01/2026C1/P/05/167-02/1/000165-1A,2026C1,05/167-02,PSICOLOGÍA,1,A,METODOLOGÍA DE LA INVESTIGACIÓN,2026-03-20 18:55:00,2026-08-03 20:47:00,13,100.0,1,4,100.0,93.98,88.04,5,3,18,Aprobado,0
c8e10101c1e6,3124,01/2026C1/P/01/101-01/1/000011-1A,2026C1,01/101-01,MEDICINA,1,A,ANATOMÍA HUMANA,2026-03-18 19:54:00,2026-08-04 19:45:00,13,100.0,2,4,100.0,76.53,81.58,3,2,19,Aprobado,0
c8e10101c1e6,3125,01/2026C1/P/01/101-01/1/000033-1A,2026C1,01/101-01,MEDICINA,1,A,BIOQUÍMICA,2026-03-15 18:39:00,2026-08-06 19:21:00,13,100.0,0,4,100.0,89.39,83.55,0,0,18,Aprobado,0
c8e10101c1e6,3126,01/2026C1/P/01/101-01/1/000132-1A,2026C1,01/101-01,MEDICINA,1,A,FISIOLOGÍA,2026-03-15 21:36:00,2026-07-31 20:34:00,13,100.0,3,4,100.0,67.78,79.56,0,6,21,Aprobado,0
c8e10101c1e6,3127,01/2026C1/P/01/101-01/1/000165-1A,2026C1,01/101-01,MEDICINA,1,A,METODOLOGÍA DE LA INVESTIGACIÓN,2026-04-09 21:06:00,2026-08-05 19:50:00,13,92.31,0,4,100.0,80.31,74.95,25,1,21,Aprobado,0
6b56f7df4010,3032,01/2026C1/P/01/101-01/3/000011-3A,2026C1,01/101-01,MEDICINA,3,A,ANATOMÍA HUMANA,2026-03-23 23:47:00,2026-08-05 23:28:00,13,92.31,0,4,100.0,55.44,58.25,8,1,23,Reprobado,1
6b56f7df4010,3033,01/2026C1/P/01/101-01/3/000033-3A,2026C1,01/101-01,MEDICINA,3,A,BIOQUÍMICA,2026-03-24 22:37:00,2026-07-31 22:21:00,13,84.62,1,4,100.0,65.92,58.78,9,6,22,Reprobado,1
6b56f7df4010,3034,01/2026C1/P/01/101-01/3/000132-3A,2026C1,01/101-01,MEDICINA,3,A,FISIOLOGÍA,2026-03-27 20:35:00,2026-08-03 20:26:00,13,69.23,4,4,100.0,71.75,49.85,12,3,20,Reprobado,1
6b56f7df4010,3035,01/2026C1/P/01/101-01/3/000165-3A,2026C1,01/101-01,MEDICINA,3,A,METODOLOGÍA DE LA INVESTIGACIÓN,2026-04-08 21:13:00,2026-08-01 21:30:00,13,23.08,0,4,50.0,42.9,18.91,24,5,21,Reprobado,1
605dd2e8605c,3244,01/2026C1/P/02/145-01/2/000077-2A,2026C1,02/145-01,DERECHO,2,A,DERECHO CIVIL,2026-03-16 21:04:00,2026-08-05 20:17:00,13,100.0,2,4,100.0,91.33,92.87,1,1,21,Aprobado,0
605dd2e8605c,3245,01/2026C1/P/02/145-01/2/000099-2A,2026C1,02/145-01,DERECHO,2,A,DERECHO PENAL,2026-03-17 20:01:00,2026-08-04 20:39:00,13,100.0,2,4,100.0,87.21,83.61,2,2,20,Aprobado,0
605dd2e8605c,3246,01/2026C1/P/02/145-01/2/000088-2A,2026C1,02/145-01,DERECHO,2,A,DERECHO CONSTITUCIONAL,2026-03-18 21:03:00,2026-08-02 18:29:00,13,100.0,1,4,100.0,91.74,94.76,3,4,21,Aprobado,0
605dd2e8605c,3247,01/2026C1/P/02/145-01/2/000165-2A,2026C1,02/145-01,DERECHO,2,A,METODOLOGÍA DE LA INVESTIGACIÓN,2026-03-17 20:14:00,2026-07-29 21:21:00,13,100.0,0,4,100.0,100.0,96.64,2,8,20,Aprobado,0
659c92e9ede8,3112,01/2026C1/P/02/145-01/4/000077-4B,2026C1,02/145-01,DERECHO,4,B,DERECHO CIVIL,2026-03-21 16:02:00,2026-07-29 15:00:00,13,100.0,2,4,100.0,94.51,92.48,6,8,16,Aprobado,0
659c92e9ede8,3113,01/2026C1/P/02/145-01/4/000099-4B,2026C1,02/145-01,DERECHO,4,B,DERECHO PENAL,2026-03-18 16:36:00,2026-08-06 14:19:00,13,100.0,2,4,100.0,94.63,93.71,3,0,16,Aprobado,0
659c92e9ede8,3114,01/2026C1/P/02/145-01/4/000088-4B,2026C1,02/145-01,DERECHO,4,B,DERECHO CONSTITUCIONAL,2026-03-16 14:48:00,2026-08-06 15:02:00,13,100.0,1,4,100.0,81.19,83.85,1,0,14,Aprobado,0
659c92e9ede8,3115,01/2026C1/P/02/145-01/4/000165-4B,2026C1,02/145-01,DERECHO,4,B,METODOLOGÍA DE LA INVESTIGACIÓN,2026-03-15 15:06:00,2026-07-31 16:12:00,13,100.0,1,4,100.0,95.79,94.92,0,6,15,Aprobado,0
58cdcc4cb0f2,3204,01/2026C1/P/02/145-01/1/000077-1B,2026C1,02/145-01,DERECHO,1,B,DERECHO CIVIL,2026-03-16 20:47:00,2026-08-04 20:17:00,13,100.0,3,4,100.0,79.18,83.64,1,2,20,Aprobado,0
58cdcc4cb0f2,3205,01/2026C1/P/02/145-01/1/000099-1B,2026C1,02/145-01,DERECHO,1,B,DERECHO PENAL,2026-03-20 21:12:00,2026-08-02 20:42:00,13,100.0,2,4,100.0,78.1,80.27,5,4,21,Aprobado,0
58cdcc4cb0f2,3206,01/2026C1/P/02/145-01/1/000088-1B,2026C1,02/145-01,DERECHO,1,B,DERECHO CONSTITUCIONAL,2026-03-27 18:32:00,2026-07-29 19:31:00,13,84.62,4,4,100.0,73.69,60.3,12,8,18,Reprobado,1
58cdcc4cb0f2,3207,01/2026C1/P/02/145-01/1/000165-1B,2026C1,02/145-01,DERECHO,1,B,METODOLOGÍA DE LA INVESTIGACIÓN,2026-03-20 20:29:00,2026-07-30 20:48:00,13,100.0,3,4,100.0,86.74,84.08,5,7,20,Aprobado,0
6c865dfac8bc,3176,01/2026C1/P/02/145-01/1/000077-1A,2026C1,02/145-01,DERECHO,1,A,DERECHO CIVIL,2026-03-15 21:18:00,2026-08-03 22:23:00,13,92.31,3,4,100.0,88.56,75.66,0,3,21,Aprobado,0
6c865dfac8bc,3177,01/2026C1/P/02/145-01/1/000099-1A,2026C1,02/145-01,DERECHO,1,A,DERECHO PENAL,2026-03-23 00:25:00,2026-07-29 23:10:00,13,92.31,2,4,100.0,82.19,77.89,8,8,0,Aprobado,0
6c865dfac8bc,3178,01/2026C1/P/02/145-01/1/000088-1A,2026C1,02/145-01,DERECHO,1,A,DERECHO CONSTITUCIONAL,2026-03-18 22:43:00,2026-08-07 22:34:00,13,92.31,3,4,75.0,58.84,74.06,3,0,22,Aprobado,0
6c865dfac8bc,3179,01/2026C1/P/02/145-01/1/000165-1A,2026C1,02/145-01,DERECHO,1,A,METODOLOGÍA DE LA INVESTIGACIÓN,2026-03-15 23:08:00,2026-08-02 22:58:00,13,100.0,0,4,100.0,90.35,85.7,0,4,23,Aprobado,0
582b1d77538d,3212,01/2026C1/P/03/210-01/1/000066-1B,2026C1,03/210-01,INGENIERÍA DE SOFTWARE,1,B,CÁLCULO DIFERENCIAL,2026-03-17 21:25:00,2026-08-04 21:36:00,13,100.0,3,4,100.0,62.26,68.56,2,2,21,Reprobado,1
582b1d77538d,3213,01/2026C1/P/03/210-01/1/000198-1B,2026C1,03/210-01,INGENIERÍA DE SOFTWARE,1,B,PROGRAMACIÓN I,2026-03-31 21:35:00,2026-08-06 20:44:00,13,76.92,3,4,75.0,56.15,55.8,16,0,21,Reprobado,1
582b1d77538d,3214,01/2026C1/P/03/210-01/1/000022-1B,2026C1,03/210-01,INGENIERÍA DE SOFTWARE,1,B,BASE DE DATOS,2026-03-19 20:45:00,2026-08-04 20:21:00,13,92.31,1,4,75.0,49.98,57.14,4,2,20,Reprobado,1
582b1d77538d,3215,01/2026C1/P/03/210-01/1/000165-1B,2026C1,03/210-01,INGENIERÍA DE SOFTWARE,1,B,METODOLOGÍA DE LA INVESTIGACIÓN,2026-04-16 19:10:00,2026-07-30 21:40:00,13,76.92,2,4,75.0,57.56,58.88,32,7,19,Reprobado,1
07c55d2444d2,3192,01/2026C1/P/01/188-01/3/000011-3A,2026C1,01/188-01,ENFERMERÍA,3,A,ANATOMÍA HUMANA,2026-03-25 23:49:00,2026-08-02 23:48:00,13,100.0,2,4,100.0,81.9,78.53,10,4,23,Aprobado,0
07c55d2444d2,3193,01/2026C1/P/01/188-01/3/000055-3A,2026C1,01/188-01,ENFERMERÍA,3,A,CUIDADO BÁSICO,2026-03-23 01:03:00,2026-07-29 23:13:00,13,92.31,1,4,100.0,89.56,83.76,8,8,1,Aprobado,0
07c55d2444d2,3194,01/2026C1/P/01/188-01/3/000121-3A,2026C1,01/188-01,ENFERMERÍA,3,A,FARMACOLOGÍA,2026-03-25 00:43:00,2026-08-06 23:43:00,13,100.0,2,4,100.0,73.77,83.34,10,0,0,Aprobado,0
07c55d2444d2,3195,01/2026C1/P/01/188-01/3/000165-3A,2026C1,01/188-01,ENFERMERÍA,3,A,METODOLOGÍA DE LA INVESTIGACIÓN,2026-03-17 23:59:00,2026-08-04 00:33:00,13,100.0,4,4,100.0,75.16,79.41,2,2,23,Aprobado,0
4e94bf34150a,3176,01/2026C1/P/02/145-01/1/000077-1A,2026C1,02/145-01,DERECHO,1,A,DERECHO CIVIL,2026-03-24 13:27:00,2026-07-30 14:32:00,13,92.31,1,4,100.0,91.44,84.07,9,7,13,Aprobado,0
4e94bf34150a,3177,01/2026C1/P/02/145-01/1/000099-1A,2026C1,02/145-01,DERECHO,1,A,DERECHO PENAL,2026-03-19 15:00:00,2026-08-05 16:15:00,13,100.0,1,4,100.0,91.78,87.87,4,1,15,Aprobado,0
4e94bf34150a,3178,01/2026C1/P/02/145-01/1/000088-1A,2026C1,02/145-01,DERECHO,1,A,DERECHO CONSTITUCIONAL,2026-03-19 13:23:00,2026-08-07 15:50:00,13,100.0,0,4,100.0,88.91,91.04,4,0,13,Aprobado,0
4e94bf34150a,3179,01/2026C1/P/02/145-01/1/000165-1A,2026C1,02/145-01,DERECHO,1,A,METODOLOGÍA DE LA INVESTIGACIÓN,2026-03-16 13:49:00,2026-08-04 13:19:00,13,100.0,0,4,100.0,96.66,88.58,1,2,13,Aprobado,0
10f0d61c579d,3252,01/2026C1/P/01/101-01/5/000011-5A,2026C1,01/101-01,MEDICINA,5,A,ANATOMÍA HUMANA,2026-03-15 13:34:00,2026-08-02 17:19:00,13,100.0,4,4,100.0,81.84,76.25,0,4,13,Aprobado,0
10f0d61c579d,3253,01/2026C1/P/01/101-01/5/000033-5A,2026C1,01/101-01,MEDICINA,5,A,BIOQUÍMICA,2026-03-15 16:17:00,2026-08-04 16:16:00,13,100.0,1,4,100.0,82.04,83.41,0,2,16,Aprobado,0
10f0d61c579d,3254,01/2026C1/P/01/101-01/5/000132-5A,2026C1,01/101-01,MEDICINA,5,A,FISIOLOGÍA,2026-03-21 18:20:00,2026-08-01 16:25:00,13,84.62,1,4,100.0,86.3,76.2,6,5,18,Aprobado,0
10f0d61c579d,3255,01/2026C1/P/01/101-01/5/000165-5A,2026C1,01/101-01,MEDICINA,5,A,METODOLOGÍA DE LA INVESTIGACIÓN,2026-03-18 15:53:00,2026-08-05 15:35:00,13,100.0,1,4,100.0,83.21,79.58,3,1,15,Aprobado,0
637d659ce80c,3068,01/2026C1/P/05/167-02/2/000209-2A,2026C1,05/167-02,PSICOLOGÍA,2,A,PSICOLOGÍA GENERAL,2026-03-17 00:45:00,2026-08-06 23:19:00,13,92.31,0,4,100.0,99.55,90.92,2,0,0,Aprobado,0
637d659ce80c,3069,01/2026C1/P/05/167-02/2/000110-2A,2026C1,05/167-02,PSICOLOGÍA,2,A,ESTADÍSTICA,2026-03-15 22:52:00,2026-08-01 23:07:00,13,100.0,3,4,100.0,87.27,84.05,0,5,22,Aprobado,0
637d659ce80c,3070,01/2026C1/P/05/167-02/2/000187-2A,2026C1,05/167-02,PSICOLOGÍA,2,A,NEUROCIENCIAS,2026-03-15 21:43:00,2026-08-07 23:38:00,13,100.0,0,4,100.0,90.59,91.82,0,0,21,Aprobado,0
637d659ce80c,3071,01/2026C1/P/05/167-02/2/000165-2A,2026C1,05/167-02,PSICOLOGÍA,2,A,METODOLOGÍA DE LA INVESTIGACIÓN,2026-03-25 23:57:00,2026-08-08 01:21:00,13,100.0,4,4,100.0,94.44,88.27,10,0,23,Aprobado,0
e95cd9fffc1d,3148,01/2026C1/P/03/210-01/5/000066-5A,2026C1,03/210-01,INGENIERÍA DE SOFTWARE,5,A,CÁLCULO DIFERENCIAL,2026-03-23 19:25:00,2026-08-07 18:42:00,13,100.0,2,4,100.0,91.66,85.48,8,0,19,Aprobado,0
e95cd9fffc1d,3149,01/2026C1/P/03/210-01/5/000198-5A,2026C1,03/210-01,INGENIERÍA DE SOFTWARE,5,A,PROGRAMACIÓN I,2026-03-15 20:25:00,2026-08-04 20:11:00,13,92.31,0,4,75.0,64.24,77.92,0,2,20,Aprobado,0
e95cd9fffc1d,3150,01/2026C1/P/03/210-01/5/000022-5A,2026C1,03/210-01,INGENIERÍA DE SOFTWARE,5,A,BASE DE DATOS,2026-03-16 22:32:00,2026-07-29 19:15:00,13,92.31,0,4,100.0,82.6,78.59,1,8,22,Aprobado,0
e95cd9fffc1d,3151,01/2026C1/P/03/210-01/5/000165-5A,2026C1,03/210-01,INGENIERÍA DE SOFTWARE,5,A,METODOLOGÍA DE LA INVESTIGACIÓN,2026-03-18 20:50:00,2026-07-29 20:18:00,13,100.0,2,4,100.0,97.37,90.74,3,8,20,Aprobado,0
d812b3b232da,3232,01/2026C1/P/01/101-01/2/000011-2A,2026C1,01/101-01,MEDICINA,2,A,ANATOMÍA HUMANA,2026-03-21 20:55:00,2026-06-12 19:31:00,13,69.23,1,4,100.0,85.16,60.83,6,55,20,Reprobado,1
d812b3b232da,3233,01/2026C1/P/01/101-01/2/000033-2A,2026C1,01/101-01,MEDICINA,2,A,BIOQUÍMICA,2026-03-20 20:45:00,2026-05-27 20:11:00,13,46.15,1,4,100.0,79.9,34.84,5,71,20,Reprobado,1
d812b3b232da,3234,01/2026C1/P/01/101-01/2/000132-2A,2026C1,01/101-01,MEDICINA,2,A,FISIOLOGÍA,2026-03-22 19:37:00,2026-04-21 20:44:00,13,23.08,0,4,50.0,37.82,15.94,7,107,19,Reprobado,1
d812b3b232da,3235,01/2026C1/P/01/101-01/2/000165-2A,2026C1,01/101-01,MEDICINA,2,A,METODOLOGÍA DE LA INVESTIGACIÓN,2026-03-17 19:19:00,2026-05-17 20:50:00,13,30.77,0,4,100.0,66.28,20.05,2,81,19,Reprobado,1
398359ed99c2,3164,01/2026C1/P/01/101-01/3/000011-3B,2026C1,01/101-01,MEDICINA,3,B,ANATOMÍA HUMANA,2026-03-19 19:47:00,2026-07-29 19:01:00,13,100.0,0,4,100.0,96.36,92.49,4,8,19,Aprobado,0
398359ed99c2,3165,01/2026C1/P/01/101-01/3/000033-3B,2026C1,01/101-01,MEDICINA,3,B,BIOQUÍMICA,2026-03-15 20:51:00,2026-08-05 22:06:00,13,100.0,1,4,100.0,94.23,85.38,0,1,20,Aprobado,0
398359ed99c2,3166,01/2026C1/P/01/101-01/3/000132-3B,2026C1,01/101-01,MEDICINA,3,B,FISIOLOGÍA,2026-03-17 19:27:00,2026-08-02 19:40:00,13,100.0,1,4,100.0,95.56,96.54,2,4,19,Aprobado,0
398359ed99c2,3167,01/2026C1/P/01/101-01/3/000165-3B,2026C1,01/101-01,MEDICINA,3,B,METODOLOGÍA DE LA INVESTIGACIÓN,2026-03-15 19:06:00,2026-08-06 19:21:00,13,100.0,4,4,100.0,92.02,91.59,0,0,19,Aprobado,0
3d5bde31e742,3264,01/2026C1/P/04/132-02/5/000044-5A,2026C1,04/132-02,CONTABILIDAD Y AUDITORÍA,5,A,CONTABILIDAD GENERAL,2026-03-21 19:01:00,2026-07-30 16:09:00,13,100.0,0,4,100.0,98.8,97.98,6,7,19,Aprobado,0
3d5bde31e742,3265,01/2026C1/P/04/132-02/5/000154-5A,2026C1,04/132-02,CONTABILIDAD Y AUDITORÍA,5,A,MATEMÁTICA FINANCIERA,2026-03-15 17:24:00,2026-08-06 16:17:00,13,100.0,0,4,100.0,100.0,99.19,0,0,17,Aprobado,0
3d5bde31e742,3266,01/2026C1/P/04/132-02/5/000220-5A,2026C1,04/132-02,CONTABILIDAD Y AUDITORÍA,5,A,TRIBUTACIÓN,2026-03-17 16:44:00,2026-07-31 17:36:00,13,100.0,2,4,100.0,95.4,95.76,2,6,16,Aprobado,0
3d5bde31e742,3267,01/2026C1/P/04/132-02/5/000165-5A,2026C1,04/132-02,CONTABILIDAD Y AUDITORÍA,5,A,METODOLOGÍA DE LA INVESTIGACIÓN,2026-03-21 16:57:00,2026-08-02 19:27:00,13,100.0,0,4,100.0,100.0,99.79,6,4,16,Aprobado,0
e013802db2b7,3048,01/2026C1/P/03/210-01/5/000066-5B,2026C1,03/210-01,INGENIERÍA DE SOFTWARE,5,B,CÁLCULO DIFERENCIAL,2026-03-24 21:42:00,2026-08-06 21:41:00,13,92.31,3,4,100.0,78.36,66.48,9,0,21,Reprobado,1
e013802db2b7,3049,01/2026C1/P/03/210-01/5/000198-5B,2026C1,03/210-01,INGENIERÍA DE SOFTWARE,5,B,PROGRAMACIÓN I,2026-03-15 22:03:00,2026-07-30 22:17:00,13,92.31,1,4,100.0,58.94,62.67,0,7,22,Reprobado,1
e013802db2b7,3050,01/2026C1/P/03/210-01/5/000022-5B,2026C1,03/210-01,INGENIERÍA DE SOFTWARE,5,B,BASE DE DATOS,2026-03-31 20:57:00,2026-08-02 21:21:00,13,84.62,3,4,75.0,61.16,61.8,16,4,20,Reprobado,1
e013802db2b7,3051,01/2026C1/P/03/210-01/5/000165-5B,2026C1,03/210-01,INGENIERÍA DE SOFTWARE,5,B,METODOLOGÍA DE LA INVESTIGACIÓN,2026-03-30 23:17:00,2026-07-31 21:04:00,13,100.0,2,4,100.0,71.81,78.25,15,6,23,Aprobado,0
32c6ff16f255,3056,01/2026C1/P/04/132-02/5/000044-5B,2026C1,04/132-02,CONTABILIDAD Y AUDITORÍA,5,B,CONTABILIDAD GENERAL,2026-03-18 21:40:00,2026-08-01 21:25:00,13,100.0,2,4,100.0,93.67,95.37,3,5,21,Aprobado,0
32c6ff16f255,3057,01/2026C1/P/04/132-02/5/000154-5B,2026C1,04/132-02,CONTABILIDAD Y AUDITORÍA,5,B,MATEMÁTICA FINANCIERA,2026-03-16 22:41:00,2026-07-31 23:50:00,13,100.0,1,4,100.0,87.15,88.37,1,6,22,Aprobado,0
32c6ff16f255,3058,01/2026C1/P/04/132-02/5/000220-5B,2026C1,04/132-02,CONTABILIDAD Y AUDITORÍA,5,B,TRIBUTACIÓN,2026-03-15 20:28:00,2026-08-05 20:25:00,13,100.0,2,4,100.0,80.31,89.71,0,1,20,Aprobado,0
32c6ff16f255,3059,01/2026C1/P/04/132-02/5/000165-5B,2026C1,04/132-02,CONTABILIDAD Y AUDITORÍA,5,B,METODOLOGÍA DE LA INVESTIGACIÓN,2026-03-15 21:15:00,2026-08-07 22:17:00,13,100.0,2,4,100.0,90.83,91.44,0,0,21,Aprobado,0
137a2083cc39,3072,01/2026C1/P/01/188-01/4/000011-4A,2026C1,01/188-01,ENFERMERÍA,4,A,ANATOMÍA HUMANA,2026-03-17 19:51:00,2026-08-03 16:46:00,13,100.0,3,4,100.0,93.74,91.84,2,3,19,Aprobado,0
137a2083cc39,3073,01/2026C1/P/01/188-01/4/000055-4A,2026C1,01/188-01,ENFERMERÍA,4,A,CUIDADO BÁSICO,2026-03-16 19:41:00,2026-07-31 18:09:00,13,100.0,0,4,100.0,99.86,98.92,1,6,19,Aprobado,0
137a2083cc39,3074,01/2026C1/P/01/188-01/4/000121-4A,2026C1,01/188-01,ENFERMERÍA,4,A,FARMACOLOGÍA,2026-03-19 19:56:00,2026-08-07 20:55:00,13,100.0,2,4,100.0,97.5,96.92,4,0,19,Aprobado,0
137a2083cc39,3075,01/2026C1/P/01/188-01/4/000165-4A,2026C1,01/188-01,ENFERMERÍA,4,A,METODOLOGÍA DE LA INVESTIGACIÓN,2026-03-15 19:30:00,2026-08-03 19:33:00,13,100.0,3,4,100.0,97.27,96.58,0,3,19,Aprobado,0
41ab8d0aee76,3256,01/2026C1/P/02/145-01/3/000077-3A,2026C1,02/145-01,DERECHO,3,A,DERECHO CIVIL,2026-03-15 23:20:00,2026-05-13 20:21:00,13,23.08,0,4,75.0,50.56,14.49,0,85,23,Reprobado,1
41ab8d0aee76,3257,01/2026C1/P/02/145-01/3/000099-3A,2026C1,02/145-01,DERECHO,3,A,DERECHO PENAL,2026-03-25 21:40:00,2026-05-15 20:20:00,13,30.77,1,4,100.0,91.24,26.73,10,83,21,Reprobado,1
41ab8d0aee76,3258,01/2026C1/P/02/145-01/3/000088-3A,2026C1,02/145-01,DERECHO,3,A,DERECHO CONSTITUCIONAL,2026-03-18 22:27:00,2026-06-12 21:25:00,13,69.23,3,4,100.0,90.74,59.71,3,55,22,Reprobado,1
41ab8d0aee76,3259,01/2026C1/P/02/145-01/3/000165-3A,2026C1,02/145-01,DERECHO,3,A,METODOLOGÍA DE LA INVESTIGACIÓN,2026-03-31 21:13:00,2026-05-01 19:49:00,13,38.46,1,4,100.0,84.99,32.63,16,97,21,Reprobado,1
5f5bfe0911c9,3060,01/2026C1/P/05/167-02/5/000209-5B,2026C1,05/167-02,PSICOLOGÍA,5,B,PSICOLOGÍA GENERAL,2026-03-15 20:07:00,2026-08-04 20:55:00,13,100.0,0,4,100.0,91.0,88.6,0,2,20,Aprobado,0
5f5bfe0911c9,3061,01/2026C1/P/05/167-02/5/000110-5B,2026C1,05/167-02,PSICOLOGÍA,5,B,ESTADÍSTICA,2026-03-18 17:35:00,2026-08-03 21:14:00,13,100.0,2,4,100.0,83.6,85.14,3,3,17,Aprobado,0
5f5bfe0911c9,3062,01/2026C1/P/05/167-02/5/000187-5B,2026C1,05/167-02,PSICOLOGÍA,5,B,NEUROCIENCIAS,2026-03-15 21:21:00,2026-08-02 21:17:00,13,100.0,1,4,100.0,77.38,86.93,0,4,21,Aprobado,0
5f5bfe0911c9,3063,01/2026C1/P/05/167-02/5/000165-5B,2026C1,05/167-02,PSICOLOGÍA,5,B,METODOLOGÍA DE LA INVESTIGACIÓN,2026-03-15 20:15:00,2026-08-05 21:35:00,13,100.0,1,4,100.0,90.66,88.66,0,1,20,Aprobado,0
efe01953b9dc,3196,01/2026C1/P/01/101-01/4/000011-4A,2026C1,01/101-01,MEDICINA,4,A,ANATOMÍA HUMANA,2026-03-21 14:51:00,2026-08-01 14:41:00,13,100.0,2,4,100.0,95.82,94.97,6,5,14,Aprobado,0
efe01953b9dc,3197,01/2026C1/P/01/101-01/4/000033-4A,2026C1,01/101-01,MEDICINA,4,A,BIOQUÍMICA,2026-03-18 13:38:00,2026-08-01 12:59:00,13,100.0,2,4,100.0,80.87,78.62,3,5,13,Aprobado,0
efe01953b9dc,3198,01/2026C1/P/01/101-01/4/000132-4A,2026C1,01/101-01,MEDICINA,4,A,FISIOLOGÍA,2026-03-28 13:34:00,2026-08-06 14:06:00,13,100.0,1,4,100.0,91.49,91.71,13,0,13,Aprobado,0
efe01953b9dc,3199,01/2026C1/P/01/101-01/4/000165-4A,2026C1,01/101-01,MEDICINA,4,A,METODOLOGÍA DE LA INVESTIGACIÓN,2026-03-15 15:29:00,2026-07-29 15:18:00,13,100.0,2,4,100.0,93.12,95.84,0,8,15,Aprobado,0
aa8abcc7ff2d,3116,01/2026C1/P/04/120-03/2/000143-2B,2026C1,04/120-03,ECONOMÍA,2,B,MACROECONOMÍA,2026-03-19 17:40:00,2026-08-03 17:18:00,13,100.0,0,4,100.0,93.56,92.48,4,3,17,Aprobado,0
aa8abcc7ff2d,3117,01/2026C1/P/04/120-03/2/000176-2B,2026C1,04/120-03,ECONOMÍA,2,B,MICROECONOMÍA,2026-03-27 16:51:00,2026-08-03 16:07:00,13,100.0,0,4,100.0,97.54,94.69,12,3,16,Aprobado,0
aa8abcc7ff2d,3118,01/2026C1/P/04/120-03/2/000110-2B,2026C1,04/120-03,ECONOMÍA,2,B,ESTADÍSTICA,2026-03-17 17:21:00,2026-08-02 15:33:00,13,100.0,0,4,100.0,85.5,92.19,2,4,17,Aprobado,0
aa8abcc7ff2d,3119,01/2026C1/P/04/120-03/2/000165-2B,2026C1,04/120-03,ECONOMÍA,2,B,METODOLOGÍA DE LA INVESTIGACIÓN,2026-03-15 15:47:00,2026-08-04 16:20:00,13,100.0,0,4,100.0,88.05,92.16,0,2,15,Aprobado,0
768a1779eb9d,3056,01/2026C1/P/04/132-02/5/000044-5B,2026C1,04/132-02,CONTABILIDAD Y AUDITORÍA,5,B,CONTABILIDAD GENERAL,2026-03-29 23:10:00,2026-07-30 20:01:00,13,100.0,1,4,100.0,96.14,96.5,14,7,23,Aprobado,0
768a1779eb9d,3057,01/2026C1/P/04/132-02/5/000154-5B,2026C1,04/132-02,CONTABILIDAD Y AUDITORÍA,5,B,MATEMÁTICA FINANCIERA,2026-03-16 21:30:00,2026-08-03 21:39:00,13,100.0,0,4,100.0,90.52,91.44,1,3,21,Aprobado,0
768a1779eb9d,3058,01/2026C1/P/04/132-02/5/000220-5B,2026C1,04/132-02,CONTABILIDAD Y AUDITORÍA,5,B,TRIBUTACIÓN,2026-03-15 21:04:00,2026-08-01 20:49:00,13,100.0,2,4,100.0,95.05,94.81,0,5,21,Aprobado,0
768a1779eb9d,3059,01/2026C1/P/04/132-02/5/000165-5B,2026C1,04/132-02,CONTABILIDAD Y AUDITORÍA,5,B,METODOLOGÍA DE LA INVESTIGACIÓN,2026-03-17 21:25:00,2026-08-01 19:27:00,13,100.0,2,4,100.0,93.32,93.68,2,5,21,Aprobado,0
a6061bf84d0e,3156,01/2026C1/P/04/120-03/4/000143-4B,2026C1,04/120-03,ECONOMÍA,4,B,MACROECONOMÍA,2026-03-15 18:24:00,2026-07-31 17:44:00,13,100.0,1,4,100.0,98.48,92.64,0,6,18,Aprobado,0
a6061bf84d0e,3157,01/2026C1/P/04/120-03/4/000176-4B,2026C1,04/120-03,ECONOMÍA,4,B,MICROECONOMÍA,2026-03-16 15:50:00,2026-07-29 17:14:00,13,92.31,1,4,100.0,87.34,80.86,1,8,15,Aprobado,0
a6061bf84d0e,3158,01/2026C1/P/04/120-03/4/000110-4B,2026C1,04/120-03,ECONOMÍA,4,B,ESTADÍSTICA,2026-03-18 16:15:00,2026-08-07 18:25:00,13,100.0,4,4,100.0,87.13,87.09,3,0,16,Aprobado,0
a6061bf84d0e,3159,01/2026C1/P/04/120-03/4/000165-4B,2026C1,04/120-03,ECONOMÍA,4,B,METODOLOGÍA DE LA INVESTIGACIÓN,2026-03-31 14:22:00,2026-08-01 16:44:00,13,100.0,1,4,100.0,96.92,94.52,16,5,14,Aprobado,0
fae0bef873f9,3148,01/2026C1/P/03/210-01/5/000066-5A,2026C1,03/210-01,INGENIERÍA DE SOFTWARE,5,A,CÁLCULO DIFERENCIAL,2026-03-15 15:29:00,2026-07-29 13:41:00,13,100.0,2,4,100.0,90.77,86.36,0,8,15,Aprobado,0
fae0bef873f9,3149,01/2026C1/P/03/210-01/5/000198-5A,2026C1,03/210-01,INGENIERÍA DE SOFTWARE,5,A,PROGRAMACIÓN I,2026-03-26 13:20:00,2026-08-06 13:01:00,13,100.0,2,4,100.0,83.72,86.96,11,0,13,Aprobado,0
fae0bef873f9,3150,01/2026C1/P/03/210-01/5/000022-5A,2026C1,03/210-01,INGENIERÍA DE SOFTWARE,5,A,BASE DE DATOS,2026-03-16 14:38:00,2026-08-07 15:07:00,13,100.0,1,4,100.0,99.42,96.45,1,0,14,Aprobado,0
fae0bef873f9,3151,01/2026C1/P/03/210-01/5/000165-5A,2026C1,03/210-01,INGENIERÍA DE SOFTWARE,5,A,METODOLOGÍA DE LA INVESTIGACIÓN,2026-03-25 16:44:00,2026-08-07 14:44:00,13,100.0,0,4,100.0,92.6,94.95,10,0,16,Aprobado,0
f124e1b62390,3092,01/2026C1/P/05/167-02/1/000209-1A,2026C1,05/167-02,PSICOLOGÍA,1,A,PSICOLOGÍA GENERAL,2026-03-21 00:32:00,2026-08-07 23:47:00,13,92.31,5,4,75.0,47.59,64.92,6,0,0,Reprobado,1
f124e1b62390,3093,01/2026C1/P/05/167-02/1/000110-1A,2026C1,05/167-02,PSICOLOGÍA,1,A,ESTADÍSTICA,2026-05-14 00:14:00,2026-08-05 22:23:00,13,7.69,1,4,0.0,0.0,2.95,60,1,0,Reprobado,1
f124e1b62390,3094,01/2026C1/P/05/167-02/1/000187-1A,2026C1,05/167-02,PSICOLOGÍA,1,A,NEUROCIENCIAS,2026-03-23 00:34:00,2026-08-03 21:24:00,13,92.31,1,4,100.0,82.44,76.74,8,3,0,Aprobado,0
f124e1b62390,3095,01/2026C1/P/05/167-02/1/000165-1A,2026C1,05/167-02,PSICOLOGÍA,1,A,METODOLOGÍA DE LA INVESTIGACIÓN,2026-03-18 00:59:00,2026-08-04 23:33:00,13,61.54,0,4,25.0,16.24,38.97,3,2,0,Reprobado,1
15457677eb0f,3244,01/2026C1/P/02/145-01/2/000077-2A,2026C1,02/145-01,DERECHO,2,A,DERECHO CIVIL,2026-03-26 21:49:00,2026-08-05 20:50:00,13,76.92,1,4,75.0,57.13,60.79,11,1,21,Reprobado,1
15457677eb0f,3245,01/2026C1/P/02/145-01/2/000099-2A,2026C1,02/145-01,DERECHO,2,A,DERECHO PENAL,2026-03-15 20:47:00,2026-08-06 21:25:00,13,92.31,1,4,75.0,52.29,69.58,0,0,20,Reprobado,1
15457677eb0f,3246,01/2026C1/P/02/145-01/2/000088-2A,2026C1,02/145-01,DERECHO,2,A,DERECHO CONSTITUCIONAL,2026-04-09 20:28:00,2026-08-02 19:24:00,13,76.92,3,4,100.0,63.92,50.89,25,4,20,Reprobado,1
15457677eb0f,3247,01/2026C1/P/02/145-01/2/000165-2A,2026C1,02/145-01,DERECHO,2,A,METODOLOGÍA DE LA INVESTIGACIÓN,2026-03-17 22:30:00,2026-07-29 22:41:00,13,92.31,2,4,100.0,70.88,72.94,2,8,22,Aprobado,0
135d0964531f,3196,01/2026C1/P/01/101-01/4/000011-4A,2026C1,01/101-01,MEDICINA,4,A,ANATOMÍA HUMANA,2026-03-18 21:28:00,2026-08-06 20:15:00,13,100.0,6,4,100.0,60.28,69.74,3,0,21,Reprobado,1
135d0964531f,3197,01/2026C1/P/01/101-01/4/000033-4A,2026C1,01/101-01,MEDICINA,4,A,BIOQUÍMICA,2026-03-24 20:58:00,2026-08-07 22:00:00,13,92.31,1,4,100.0,73.1,67.27,9,0,20,Reprobado,1
135d0964531f,3198,01/2026C1/P/01/101-01/4/000132-4A,2026C1,01/101-01,MEDICINA,4,A,FISIOLOGÍA,2026-03-15 20:13:00,2026-08-07 22:16:00,13,100.0,0,4,100.0,84.2,87.45,0,0,20,Aprobado,0
135d0964531f,3199,01/2026C1/P/01/101-01/4/000165-4A,2026C1,01/101-01,MEDICINA,4,A,METODOLOGÍA DE LA INVESTIGACIÓN,2026-03-20 23:29:00,2026-08-01 20:59:00,13,92.31,1,4,100.0,69.65,70.38,5,5,23,Aprobado,0
441c95c49043,3076,01/2026C1/P/01/101-01/4/000011-4B,2026C1,01/101-01,MEDICINA,4,B,ANATOMÍA HUMANA,2026-03-26 23:19:00,2026-06-09 23:29:00,13,53.85,0,4,100.0,62.21,34.97,11,58,23,Reprobado,1
441c95c49043,3077,01/2026C1/P/01/101-01/4/000033-4B,2026C1,01/101-01,MEDICINA,4,B,BIOQUÍMICA,2026-03-20 23:19:00,2026-04-28 23:23:00,13,38.46,3,4,100.0,56.63,22.91,5,100,23,Reprobado,1
441c95c49043,3078,01/2026C1/P/01/101-01/4/000132-4B,2026C1,01/101-01,MEDICINA,4,B,FISIOLOGÍA,2026-04-04 00:44:00,2026-06-12 00:00:00,13,53.85,0,4,75.0,51.74,34.23,20,56,0,Reprobado,1
441c95c49043,3079,01/2026C1/P/01/101-01/4/000165-4B,2026C1,01/101-01,MEDICINA,4,B,METODOLOGÍA DE LA INVESTIGACIÓN,2026-05-13 00:18:00,2026-06-09 23:13:00,13,7.69,0,4,0.0,0.0,4.72,59,58,0,Reprobado,1
8ae2f6ba7aaa,3244,01/2026C1/P/02/145-01/2/000077-2A,2026C1,02/145-01,DERECHO,2,A,DERECHO CIVIL,2026-03-19 16:23:00,2026-05-09 15:09:00,13,30.77,1,4,100.0,74.92,21.68,4,89,16,Reprobado,1
8ae2f6ba7aaa,3245,01/2026C1/P/02/145-01/2/000099-2A,2026C1,02/145-01,DERECHO,2,A,DERECHO PENAL,2026-03-28 15:00:00,2026-05-10 14:45:00,13,30.77,0,4,100.0,86.04,26.14,13,88,15,Reprobado,1
8ae2f6ba7aaa,3246,01/2026C1/P/02/145-01/2/000088-2A,2026C1,02/145-01,DERECHO,2,A,DERECHO CONSTITUCIONAL,2026-04-01 13:09:00,2026-05-10 13:57:00,13,30.77,2,4,100.0,72.72,22.29,17,88,13,Reprobado,1
8ae2f6ba7aaa,3247,01/2026C1/P/02/145-01/2/000165-2A,2026C1,02/145-01,DERECHO,2,A,METODOLOGÍA DE LA INVESTIGACIÓN,2026-03-31 16:08:00,2026-05-15 14:50:00,13,30.77,0,4,100.0,81.48,23.89,16,83,16,Reprobado,1
28a4882e95a3,3264,01/2026C1/P/04/132-02/5/000044-5A,2026C1,04/132-02,CONTABILIDAD Y AUDITORÍA,5,A,CONTABILIDAD GENERAL,2026-03-16 19:53:00,2026-08-04 19:41:00,13,100.0,0,4,100.0,92.55,92.81,1,2,19,Aprobado,0
28a4882e95a3,3265,01/2026C1/P/04/132-02/5/000154-5A,2026C1,04/132-02,CONTABILIDAD Y AUDITORÍA,5,A,MATEMÁTICA FINANCIERA,2026-03-16 19:38:00,2026-07-31 21:08:00,13,100.0,2,4,100.0,87.32,87.18,1,6,19,Aprobado,0
28a4882e95a3,3266,01/2026C1/P/04/132-02/5/000220-5A,2026C1,04/132-02,CONTABILIDAD Y AUDITORÍA,5,A,TRIBUTACIÓN,2026-03-16 21:18:00,2026-07-30 21:00:00,13,100.0,1,4,100.0,100.0,95.47,1,7,21,Aprobado,0
28a4882e95a3,3267,01/2026C1/P/04/132-02/5/000165-5A,2026C1,04/132-02,CONTABILIDAD Y AUDITORÍA,5,A,METODOLOGÍA DE LA INVESTIGACIÓN,2026-03-18 18:41:00,2026-08-04 20:01:00,13,100.0,3,4,100.0,83.74,85.76,3,2,18,Aprobado,0
c67c564cd9c9,3024,01/2026C1/P/05/167-02/4/000209-4A,2026C1,05/167-02,PSICOLOGÍA,4,A,PSICOLOGÍA GENERAL,2026-03-23 18:47:00,2026-08-01 19:50:00,13,76.92,1,4,100.0,83.62,59.05,8,5,18,Reprobado,1
c67c564cd9c9,3025,01/2026C1/P/05/167-02/4/000110-4A,2026C1,05/167-02,PSICOLOGÍA,4,A,ESTADÍSTICA,2026-03-19 19:31:00,2026-08-02 18:25:00,13,100.0,2,4,100.0,78.73,82.88,4,4,19,Aprobado,0
c67c564cd9c9,3026,01/2026C1/P/05/167-02/4/000187-4A,2026C1,05/167-02,PSICOLOGÍA,4,A,NEUROCIENCIAS,2026-05-03 19:22:00,2026-08-01 18:25:00,13,46.15,1,4,50.0,42.49,34.21,49,5,19,Reprobado,1
c67c564cd9c9,3027,01/2026C1/P/05/167-02/4/000165-4A,2026C1,05/167-02,PSICOLOGÍA,4,A,METODOLOGÍA DE LA INVESTIGACIÓN,2026-03-22 17:06:00,2026-08-05 18:43:00,13,84.62,3,4,100.0,73.59,66.74,7,1,17,Reprobado,1
2ce9b720adb9,3124,01/2026C1/P/01/101-01/1/000011-1A,2026C1,01/101-01,MEDICINA,1,A,ANATOMÍA HUMANA,2026-03-17 00:13:00,2026-08-05 01:47:00,13,92.31,2,4,100.0,75.6,72.15,2,1,0,Aprobado,0
2ce9b720adb9,3125,01/2026C1/P/01/101-01/1/000033-1A,2026C1,01/101-01,MEDICINA,1,A,BIOQUÍMICA,2026-03-16 22:40:00,2026-08-03 00:40:00,13,84.62,3,4,75.0,49.12,57.11,1,3,22,Reprobado,1
2ce9b720adb9,3126,01/2026C1/P/01/101-01/1/000132-1A,2026C1,01/101-01,MEDICINA,1,A,FISIOLOGÍA,2026-03-30 23:32:00,2026-08-06 23:28:00,13,100.0,4,4,100.0,78.17,77.52,15,0,23,Aprobado,0
2ce9b720adb9,3127,01/2026C1/P/01/101-01/1/000165-1A,2026C1,01/101-01,MEDICINA,1,A,METODOLOGÍA DE LA INVESTIGACIÓN,2026-03-20 00:38:00,2026-08-07 21:55:00,13,92.31,4,4,75.0,51.92,70.21,5,0,0,Aprobado,0
78ea0f335d3b,3152,01/2026C1/P/03/210-01/2/000066-2B,2026C1,03/210-01,INGENIERÍA DE SOFTWARE,2,B,CÁLCULO DIFERENCIAL,2026-03-20 21:23:00,2026-08-06 21:16:00,13,100.0,3,4,100.0,74.42,69.43,5,0,21,Reprobado,1
78ea0f335d3b,3153,01/2026C1/P/03/210-01/2/000198-2B,2026C1,03/210-01,INGENIERÍA DE SOFTWARE,2,B,PROGRAMACIÓN I,2026-03-22 19:15:00,2026-08-04 19:43:00,13,92.31,1,4,100.0,70.86,72.17,7,2,19,Aprobado,0
78ea0f335d3b,3154,01/2026C1/P/03/210-01/2/000022-2B,2026C1,03/210-01,INGENIERÍA DE SOFTWARE,2,B,BASE DE DATOS,2026-03-24 17:52:00,2026-07-31 20:23:00,13,100.0,2,4,100.0,92.67,89.78,9,6,17,Aprobado,0
78ea0f335d3b,3155,01/2026C1/P/03/210-01/2/000165-2B,2026C1,03/210-01,INGENIERÍA DE SOFTWARE,2,B,METODOLOGÍA DE LA INVESTIGACIÓN,2026-03-15 19:04:00,2026-08-02 19:55:00,13,100.0,0,4,100.0,79.85,83.6,0,4,19,Aprobado,0
08b3bf67ec73,3240,01/2026C1/P/05/167-02/2/000209-2B,2026C1,05/167-02,PSICOLOGÍA,2,B,PSICOLOGÍA GENERAL,2026-03-30 16:22:00,2026-08-03 18:02:00,13,92.31,3,4,75.0,49.76,73.85,15,3,16,Aprobado,0
08b3bf67ec73,3241,01/2026C1/P/05/167-02/2/000110-2B,2026C1,05/167-02,PSICOLOGÍA,2,B,ESTADÍSTICA,2026-03-21 18:54:00,2026-08-01 17:50:00,13,100.0,3,4,100.0,78.87,81.42,6,5,18,Aprobado,0
08b3bf67ec73,3242,01/2026C1/P/05/167-02/2/000187-2B,2026C1,05/167-02,PSICOLOGÍA,2,B,NEUROCIENCIAS,2026-03-25 18:05:00,2026-08-04 17:01:00,13,76.92,1,4,75.0,60.26,58.84,10,2,18,Reprobado,1
08b3bf67ec73,3243,01/2026C1/P/05/167-02/2/000165-2B,2026C1,05/167-02,PSICOLOGÍA,2,B,METODOLOGÍA DE LA INVESTIGACIÓN,2026-03-20 17:45:00,2026-07-29 17:56:00,13,100.0,3,4,100.0,77.22,79.4,5,8,17,Aprobado,0
55b78e2b0e1b,3140,01/2026C1/P/04/120-03/3/000143-3B,2026C1,04/120-03,ECONOMÍA,3,B,MACROECONOMÍA,2026-05-01 00:05:00,2026-04-24 01:02:00,13,0.0,0,4,0.0,0.0,0.0,47,104,0,Reprobado,1
55b78e2b0e1b,3141,01/2026C1/P/04/120-03/3/000176-3B,2026C1,04/120-03,ECONOMÍA,3,B,MICROECONOMÍA,2026-03-23 01:26:00,2026-05-05 23:01:00,13,7.69,0,4,25.0,25.0,8.29,8,93,1,Reprobado,1
55b78e2b0e1b,3142,01/2026C1/P/04/120-03/3/000110-3B,2026C1,04/120-03,ECONOMÍA,3,B,ESTADÍSTICA,2026-03-24 00:41:00,2026-05-04 00:37:00,13,30.77,1,4,75.0,49.76,22.71,9,94,0,Reprobado,1
55b78e2b0e1b,3143,01/2026C1/P/04/120-03/3/000165-3B,2026C1,04/120-03,ECONOMÍA,3,B,METODOLOGÍA DE LA INVESTIGACIÓN,2026-03-20 00:21:00,2026-04-25 23:15:00,13,7.69,0,4,25.0,20.32,5.88,5,103,0,Reprobado,1
96a434a48e9b,3004,01/2026C1/P/04/132-02/3/000044-3A,2026C1,04/132-02,CONTABILIDAD Y AUDITORÍA,3,A,CONTABILIDAD GENERAL,2026-03-17 22:29:00,2026-08-06 20:54:00,13,100.0,2,4,100.0,63.4,71.98,2,0,22,Aprobado,0
96a434a48e9b,3005,01/2026C1/P/04/132-02/3/000154-3A,2026C1,04/132-02,CONTABILIDAD Y AUDITORÍA,3,A,MATEMÁTICA FINANCIERA,2026-03-15 21:19:00,2026-07-30 22:29:00,13,100.0,1,4,100.0,83.72,84.62,0,7,21,Aprobado,0
96a434a48e9b,3006,01/2026C1/P/04/132-02/3/000220-3A,2026C1,04/132-02,CONTABILIDAD Y AUDITORÍA,3,A,TRIBUTACIÓN,2026-03-21 20:39:00,2026-07-30 22:03:00,13,92.31,4,4,75.0,63.49,70.95,6,7,20,Aprobado,0
96a434a48e9b,3007,01/2026C1/P/04/132-02/3/000165-3A,2026C1,04/132-02,CONTABILIDAD Y AUDITORÍA,3,A,METODOLOGÍA DE LA INVESTIGACIÓN,2026-03-22 22:42:00,2026-08-07 22:48:00,13,100.0,1,4,100.0,82.87,79.48,7,0,22,Aprobado,0
119e9a636cf4,3236,01/2026C1/P/02/145-01/5/000077-5B,2026C1,02/145-01,DERECHO,5,B,DERECHO CIVIL,2026-03-16 16:48:00,2026-08-03 15:40:00,13,100.0,1,4,100.0,87.97,89.3,1,3,16,Aprobado,0
119e9a636cf4,3237,01/2026C1/P/02/145-01/5/000099-5B,2026C1,02/145-01,DERECHO,5,B,DERECHO PENAL,2026-03-16 15:20:00,2026-08-07 15:08:00,13,100.0,1,4,100.0,94.65,92.15,1,0,15,Aprobado,0
119e9a636cf4,3238,01/2026C1/P/02/145-01/5/000088-5B,2026C1,02/145-01,DERECHO,5,B,DERECHO CONSTITUCIONAL,2026-03-17 16:14:00,2026-08-02 16:38:00,13,100.0,1,4,100.0,88.0,87.35,2,4,16,Aprobado,0
119e9a636cf4,3239,01/2026C1/P/02/145-01/5/000165-5B,2026C1,02/145-01,DERECHO,5,B,METODOLOGÍA DE LA INVESTIGACIÓN,2026-03-16 14:18:00,2026-08-05 14:54:00,13,100.0,2,4,100.0,99.09,94.91,1,1,14,Aprobado,0
abece6202c71,3028,01/2026C1/P/04/132-02/2/000044-2B,2026C1,04/132-02,CONTABILIDAD Y AUDITORÍA,2,B,CONTABILIDAD GENERAL,2026-03-16 00:04:00,2026-08-02 23:54:00,13,100.0,1,4,100.0,89.18,90.56,1,4,0,Aprobado,0
abece6202c71,3029,01/2026C1/P/04/132-02/2/000154-2B,2026C1,04/132-02,CONTABILIDAD Y AUDITORÍA,2,B,MATEMÁTICA FINANCIERA,2026-03-15 23:35:00,2026-07-29 23:20:00,13,100.0,4,4,100.0,83.18,89.02,0,8,23,Aprobado,0
abece6202c71,3030,01/2026C1/P/04/132-02/2/000220-2B,2026C1,04/132-02,CONTABILIDAD Y AUDITORÍA,2,B,TRIBUTACIÓN,2026-03-15 23:23:00,2026-07-30 22:43:00,13,100.0,2,4,100.0,87.18,85.73,0,7,23,Aprobado,0
abece6202c71,3031,01/2026C1/P/04/132-02/2/000165-2B,2026C1,04/132-02,CONTABILIDAD Y AUDITORÍA,2,B,METODOLOGÍA DE LA INVESTIGACIÓN,2026-03-16 00:10:00,2026-08-04 00:53:00,13,100.0,3,4,100.0,91.69,87.23,1,2,0,Aprobado,0
9a233d313731,3044,01/2026C1/P/01/101-01/1/000011-1B,2026C1,01/101-01,MEDICINA,1,B,ANATOMÍA HUMANA,2026-03-21 00:39:00,2026-08-08 00:27:00,13,92.31,5,4,100.0,74.89,65.45,6,0,0,Reprobado,1
9a233d313731,3045,01/2026C1/P/01/101-01/1/000033-1B,2026C1,01/101-01,MEDICINA,1,B,BIOQUÍMICA,2026-03-19 00:33:00,2026-07-30 23:43:00,13,92.31,3,4,100.0,58.15,54.73,4,7,0,Reprobado,1
9a233d313731,3046,01/2026C1/P/01/101-01/1/000132-1B,2026C1,01/101-01,MEDICINA,1,B,FISIOLOGÍA,2026-03-26 23:52:00,2026-08-07 00:02:00,13,92.31,0,4,75.0,52.42,67.66,11,0,23,Reprobado,1
9a233d313731,3047,01/2026C1/P/01/101-01/1/000165-1B,2026C1,01/101-01,MEDICINA,1,B,METODOLOGÍA DE LA INVESTIGACIÓN,2026-03-28 00:19:00,2026-08-05 00:51:00,13,84.62,2,4,75.0,54.57,60.83,13,1,0,Reprobado,1
9e1bc6604bf9,3224,01/2026C1/P/02/145-01/4/000077-4A,2026C1,02/145-01,DERECHO,4,A,DERECHO CIVIL,2026-03-17 18:06:00,2026-08-01 18:05:00,13,100.0,2,4,100.0,99.21,95.8,2,5,18,Aprobado,0
9e1bc6604bf9,3225,01/2026C1/P/02/145-01/4/000099-4A,2026C1,02/145-01,DERECHO,4,A,DERECHO PENAL,2026-03-15 19:09:00,2026-08-07 20:13:00,13,100.0,0,4,100.0,100.0,99.34,0,0,19,Aprobado,0
9e1bc6604bf9,3226,01/2026C1/P/02/145-01/4/000088-4A,2026C1,02/145-01,DERECHO,4,A,DERECHO CONSTITUCIONAL,2026-03-17 17:36:00,2026-07-29 16:57:00,13,100.0,2,4,100.0,97.5,96.82,2,8,17,Aprobado,0
9e1bc6604bf9,3227,01/2026C1/P/02/145-01/4/000165-4A,2026C1,02/145-01,DERECHO,4,A,METODOLOGÍA DE LA INVESTIGACIÓN,2026-03-16 18:13:00,2026-08-02 19:09:00,13,100.0,3,4,100.0,97.01,95.58,1,4,18,Aprobado,0
95b6bed52b60,3060,01/2026C1/P/05/167-02/5/000209-5B,2026C1,05/167-02,PSICOLOGÍA,5,B,PSICOLOGÍA GENERAL,2026-03-15 21:28:00,2026-08-02 20:46:00,13,100.0,4,4,100.0,93.62,93.1,0,4,21,Aprobado,0
95b6bed52b60,3061,01/2026C1/P/05/167-02/5/000110-5B,2026C1,05/167-02,PSICOLOGÍA,5,B,ESTADÍSTICA,2026-03-16 20:17:00,2026-07-29 21:25:00,13,100.0,1,4,100.0,94.07,93.61,1,8,20,Aprobado,0
95b6bed52b60,3062,01/2026C1/P/05/167-02/5/000187-5B,2026C1,05/167-02,PSICOLOGÍA,5,B,NEUROCIENCIAS,2026-03-16 20:25:00,2026-08-05 20:32:00,13,100.0,1,4,100.0,92.88,95.47,1,1,20,Aprobado,0
95b6bed52b60,3063,01/2026C1/P/05/167-02/5/000165-5B,2026C1,05/167-02,PSICOLOGÍA,5,B,METODOLOGÍA DE LA INVESTIGACIÓN,2026-03-22 21:05:00,2026-08-02 22:51:00,13,100.0,1,4,100.0,89.96,88.86,7,4,21,Aprobado,0
62e59c46c765,3100,01/2026C1/P/01/101-01/5/000011-5B,2026C1,01/101-01,MEDICINA,5,B,ANATOMÍA HUMANA,2026-03-18 22:19:00,2026-08-01 21:23:00,13,100.0,2,4,100.0,79.49,80.04,3,5,22,Aprobado,0
62e59c46c765,3101,01/2026C1/P/01/101-01/5/000033-5B,2026C1,01/101-01,MEDICINA,5,B,BIOQUÍMICA,2026-03-22 21:58:00,2026-08-01 20:53:00,13,92.31,2,4,75.0,56.1,71.29,7,5,21,Aprobado,0
62e59c46c765,3102,01/2026C1/P/01/101-01/5/000132-5B,2026C1,01/101-01,MEDICINA,5,B,FISIOLOGÍA,2026-03-25 22:25:00,2026-08-05 22:51:00,13,100.0,1,4,100.0,94.32,93.4,10,1,22,Aprobado,0
62e59c46c765,3103,01/2026C1/P/01/101-01/5/000165-5B,2026C1,01/101-01,MEDICINA,5,B,METODOLOGÍA DE LA INVESTIGACIÓN,2026-03-18 21:24:00,2026-08-06 21:56:00,13,100.0,3,4,100.0,80.5,79.63,3,0,21,Aprobado,0
6ac7ce19ffff,3076,01/2026C1/P/01/101-01/4/000011-4B,2026C1,01/101-01,MEDICINA,4,B,ANATOMÍA HUMANA,2026-03-25 00:51:00,2026-07-29 23:32:00,13,100.0,0,4,100.0,87.27,92.71,10,8,0,Aprobado,0
6ac7ce19ffff,3077,01/2026C1/P/01/101-01/4/000033-4B,2026C1,01/101-01,MEDICINA,4,B,BIOQUÍMICA,2026-03-16 00:45:00,2026-08-03 22:43:00,13,100.0,0,4,100.0,94.14,88.71,1,3,0,Aprobado,0
6ac7ce19ffff,3078,01/2026C1/P/01/101-01/4/000132-4B,2026C1,01/101-01,MEDICINA,4,B,FISIOLOGÍA,2026-03-18 23:27:00,2026-08-03 02:13:00,13,100.0,2,4,100.0,98.09,90.98,3,3,23,Aprobado,0
6ac7ce19ffff,3079,01/2026C1/P/01/101-01/4/000165-4B,2026C1,01/101-01,MEDICINA,4,B,METODOLOGÍA DE LA INVESTIGACIÓN,2026-03-16 00:03:00,2026-07-31 23:42:00,13,100.0,2,4,100.0,79.66,85.32,1,6,0,Aprobado,0
de802b04dcc8,3228,01/2026C1/P/05/167-02/4/000209-4B,2026C1,05/167-02,PSICOLOGÍA,4,B,PSICOLOGÍA GENERAL,2026-03-23 18:08:00,2026-06-13 17:46:00,13,69.23,2,4,100.0,89.11,60.53,8,54,18,Reprobado,1
de802b04dcc8,3229,01/2026C1/P/05/167-02/4/000110-4B,2026C1,05/167-02,PSICOLOGÍA,4,B,ESTADÍSTICA,2026-03-15 18:14:00,2026-06-14 19:47:00,13,61.54,2,4,100.0,85.22,49.01,0,53,18,Reprobado,1
de802b04dcc8,3230,01/2026C1/P/05/167-02/4/000187-4B,2026C1,05/167-02,PSICOLOGÍA,4,B,NEUROCIENCIAS,2026-03-15 19:24:00,2026-04-22 19:08:00,13,15.38,0,4,50.0,43.31,12.33,0,106,19,Reprobado,1
de802b04dcc8,3231,01/2026C1/P/05/167-02/4/000165-4B,2026C1,05/167-02,PSICOLOGÍA,4,B,METODOLOGÍA DE LA INVESTIGACIÓN,2026-03-16 19:14:00,2026-04-23 18:57:00,13,15.38,0,4,50.0,47.44,14.81,1,105,19,Reprobado,1
d7197836b958,3076,01/2026C1/P/01/101-01/4/000011-4B,2026C1,01/101-01,MEDICINA,4,B,ANATOMÍA HUMANA,2026-03-17 20:50:00,2026-08-02 20:42:00,13,100.0,4,4,100.0,87.86,75.12,2,4,20,Aprobado,0
d7197836b958,3077,01/2026C1/P/01/101-01/4/000033-4B,2026C1,01/101-01,MEDICINA,4,B,BIOQUÍMICA,2026-03-16 21:15:00,2026-07-31 22:31:00,13,100.0,2,4,100.0,91.97,88.0,1,6,21,Aprobado,0
d7197836b958,3078,01/2026C1/P/01/101-01/4/000132-4B,2026C1,01/101-01,MEDICINA,4,B,FISIOLOGÍA,2026-03-16 21:56:00,2026-07-29 21:07:00,13,100.0,0,4,100.0,93.72,87.35,1,8,21,Aprobado,0
d7197836b958,3079,01/2026C1/P/01/101-01/4/000165-4B,2026C1,01/101-01,MEDICINA,4,B,METODOLOGÍA DE LA INVESTIGACIÓN,2026-03-16 19:04:00,2026-08-07 21:55:00,13,100.0,4,4,100.0,67.17,73.49,1,0,19,Aprobado,0
5da06ed33590,3112,01/2026C1/P/02/145-01/4/000077-4B,2026C1,02/145-01,DERECHO,4,B,DERECHO CIVIL,2026-04-13 16:28:00,2026-08-03 17:54:00,13,61.54,2,4,75.0,53.92,44.19,29,3,16,Reprobado,1
5da06ed33590,3113,01/2026C1/P/02/145-01/4/000099-4B,2026C1,02/145-01,DERECHO,4,B,DERECHO PENAL,2026-03-17 17:13:00,2026-08-02 17:21:00,13,92.31,1,4,100.0,79.26,75.25,2,4,17,Aprobado,0
5da06ed33590,3114,01/2026C1/P/02/145-01/4/000088-4B,2026C1,02/145-01,DERECHO,4,B,DERECHO CONSTITUCIONAL,2026-03-20 16:11:00,2026-07-30 16:54:00,13,92.31,1,4,100.0,82.97,78.95,5,7,16,Aprobado,0
5da06ed33590,3115,01/2026C1/P/02/145-01/4/000165-4B,2026C1,02/145-01,DERECHO,4,B,METODOLOGÍA DE LA INVESTIGACIÓN,2026-03-19 17:52:00,2026-07-29 17:32:00,13,100.0,3,4,100.0,76.86,84.2,4,8,17,Aprobado,0
e445d502b656,3236,01/2026C1/P/02/145-01/5/000077-5B,2026C1,02/145-01,DERECHO,5,B,DERECHO CIVIL,2026-03-15 10:04:00,2026-08-04 11:39:00,13,100.0,1,4,100.0,92.18,92.5,0,2,10,Aprobado,0
e445d502b656,3237,01/2026C1/P/02/145-01/5/000099-5B,2026C1,02/145-01,DERECHO,5,B,DERECHO PENAL,2026-03-21 11:42:00,2026-08-03 10:32:00,13,92.31,5,4,75.0,61.0,78.7,6,3,11,Aprobado,0
e445d502b656,3238,01/2026C1/P/02/145-01/5/000088-5B,2026C1,02/145-01,DERECHO,5,B,DERECHO CONSTITUCIONAL,2026-03-30 10:18:00,2026-08-03 10:50:00,13,100.0,2,4,100.0,86.79,91.47,15,3,10,Aprobado,0
e445d502b656,3239,01/2026C1/P/02/145-01/5/000165-5B,2026C1,02/145-01,DERECHO,5,B,METODOLOGÍA DE LA INVESTIGACIÓN,2026-03-19 10:41:00,2026-08-04 12:36:00,13,100.0,4,4,100.0,77.68,81.63,4,2,10,Aprobado,0
1687d19b0b07,3244,01/2026C1/P/02/145-01/2/000077-2A,2026C1,02/145-01,DERECHO,2,A,DERECHO CIVIL,2026-03-25 15:39:00,2026-07-31 16:10:00,13,100.0,3,4,100.0,86.08,86.97,10,6,15,Aprobado,0
1687d19b0b07,3245,01/2026C1/P/02/145-01/2/000099-2A,2026C1,02/145-01,DERECHO,2,A,DERECHO PENAL,2026-03-17 17:12:00,2026-08-04 16:09:00,13,100.0,2,4,100.0,84.16,86.09,2,2,17,Aprobado,0
1687d19b0b07,3246,01/2026C1/P/02/145-01/2/000088-2A,2026C1,02/145-01,DERECHO,2,A,DERECHO CONSTITUCIONAL,2026-03-15 16:42:00,2026-08-05 18:00:00,13,100.0,2,4,100.0,89.69,84.48,0,1,16,Aprobado,0
1687d19b0b07,3247,01/2026C1/P/02/145-01/2/000165-2A,2026C1,02/145-01,DERECHO,2,A,METODOLOGÍA DE LA INVESTIGACIÓN,2026-03-16 16:56:00,2026-07-29 16:25:00,13,100.0,2,4,100.0,95.28,92.45,1,8,16,Aprobado,0
1bf4b6d1286f,3096,01/2026C1/P/02/145-01/2/000077-2B,2026C1,02/145-01,DERECHO,2,B,DERECHO CIVIL,2026-03-15 17:39:00,2026-08-05 19:39:00,13,100.0,3,4,100.0,96.99,96.24,0,1,17,Aprobado,0
1bf4b6d1286f,3097,01/2026C1/P/02/145-01/2/000099-2B,2026C1,02/145-01,DERECHO,2,B,DERECHO PENAL,2026-03-16 19:07:00,2026-08-01 18:09:00,13,100.0,3,4,100.0,88.6,90.06,1,5,19,Aprobado,0
1bf4b6d1286f,3098,01/2026C1/P/02/145-01/2/000088-2B,2026C1,02/145-01,DERECHO,2,B,DERECHO CONSTITUCIONAL,2026-03-18 17:09:00,2026-08-02 19:46:00,13,100.0,1,4,100.0,95.88,93.38,3,4,17,Aprobado,0
1bf4b6d1286f,3099,01/2026C1/P/02/145-01/2/000165-2B,2026C1,02/145-01,DERECHO,2,B,METODOLOGÍA DE LA INVESTIGACIÓN,2026-03-15 18:41:00,2026-07-31 17:46:00,13,100.0,2,4,100.0,94.5,92.09,0,6,18,Aprobado,0
dedfb3cdc2ea,3040,01/2026C1/P/04/132-02/1/000044-1A,2026C1,04/132-02,CONTABILIDAD Y AUDITORÍA,1,A,CONTABILIDAD GENERAL,2026-03-21 18:19:00,2026-07-30 17:53:00,13,100.0,1,4,100.0,94.5,96.72,6,7,18,Aprobado,0
dedfb3cdc2ea,3041,01/2026C1/P/04/132-02/1/000154-1A,2026C1,04/132-02,CONTABILIDAD Y AUDITORÍA,1,A,MATEMÁTICA FINANCIERA,2026-03-15 18:03:00,2026-07-29 19:44:00,13,100.0,1,4,100.0,91.02,86.14,0,8,18,Aprobado,0
dedfb3cdc2ea,3042,01/2026C1/P/04/132-02/1/000220-1A,2026C1,04/132-02,CONTABILIDAD Y AUDITORÍA,1,A,TRIBUTACIÓN,2026-03-15 17:09:00,2026-08-03 18:58:00,13,100.0,1,4,100.0,86.84,92.82,0,3,17,Aprobado,0
dedfb3cdc2ea,3043,01/2026C1/P/04/132-02/1/000165-1A,2026C1,04/132-02,CONTABILIDAD Y AUDITORÍA,1,A,METODOLOGÍA DE LA INVESTIGACIÓN,2026-03-25 19:44:00,2026-08-01 18:10:00,13,100.0,0,4,100.0,87.81,91.91,10,5,19,Aprobado,0
34dcc9d770ec,3208,01/2026C1/P/04/120-03/1/000143-1A,2026C1,04/120-03,ECONOMÍA,1,A,MACROECONOMÍA,2026-03-20 23:23:00,2026-08-05 22:32:00,13,92.31,1,4,100.0,78.27,73.11,5,1,23,Aprobado,0
34dcc9d770ec,3209,01/2026C1/P/04/120-03/1/000176-1A,2026C1,04/120-03,ECONOMÍA,1,A,MICROECONOMÍA,2026-03-30 00:16:00,2026-08-05 23:31:00,13,76.92,0,4,75.0,58.41,64.38,15,1,0,Reprobado,1
34dcc9d770ec,3210,01/2026C1/P/04/120-03/1/000110-1A,2026C1,04/120-03,ECONOMÍA,1,A,ESTADÍSTICA,2026-03-22 23:35:00,2026-08-05 00:11:00,13,92.31,4,4,100.0,75.03,72.45,7,1,23,Aprobado,0
34dcc9d770ec,3211,01/2026C1/P/04/120-03/1/000165-1A,2026C1,04/120-03,ECONOMÍA,1,A,METODOLOGÍA DE LA INVESTIGACIÓN,2026-04-07 22:40:00,2026-08-08 00:31:00,13,84.62,1,4,75.0,62.22,63.61,23,0,22,Reprobado,1
313fca861dda,3248,01/2026C1/P/01/188-01/1/000011-1B,2026C1,01/188-01,ENFERMERÍA,1,B,ANATOMÍA HUMANA,2026-03-26 17:46:00,2026-08-07 18:58:00,13,100.0,4,4,100.0,77.05,80.16,11,0,17,Aprobado,0
313fca861dda,3249,01/2026C1/P/01/188-01/1/000055-1B,2026C1,01/188-01,ENFERMERÍA,1,B,CUIDADO BÁSICO,2026-03-16 17:30:00,2026-08-07 19:22:00,13,100.0,0,4,100.0,90.39,87.4,1,0,17,Aprobado,0
313fca861dda,3250,01/2026C1/P/01/188-01/1/000121-1B,2026C1,01/188-01,ENFERMERÍA,1,B,FARMACOLOGÍA,2026-03-20 18:33:00,2026-08-06 17:14:00,13,100.0,4,4,100.0,86.09,80.25,5,0,18,Aprobado,0
313fca861dda,3251,01/2026C1/P/01/188-01/1/000165-1B,2026C1,01/188-01,ENFERMERÍA,1,B,METODOLOGÍA DE LA INVESTIGACIÓN,2026-04-02 18:42:00,2026-08-03 18:49:00,13,92.31,3,4,100.0,85.92,72.58,18,3,18,Aprobado,0
0e52a140583b,3088,01/2026C1/P/04/132-02/1/000044-1B,2026C1,04/132-02,CONTABILIDAD Y AUDITORÍA,1,B,CONTABILIDAD GENERAL,2026-03-20 18:54:00,2026-07-29 18:56:00,13,92.31,1,4,75.0,54.7,71.28,5,8,18,Aprobado,0
0e52a140583b,3089,01/2026C1/P/04/132-02/1/000154-1B,2026C1,04/132-02,CONTABILIDAD Y AUDITORÍA,1,B,MATEMÁTICA FINANCIERA,2026-04-08 20:51:00,2026-08-07 19:32:00,13,69.23,0,4,100.0,73.88,49.55,24,0,20,Reprobado,1
0e52a140583b,3090,01/2026C1/P/04/132-02/1/000220-1B,2026C1,04/132-02,CONTABILIDAD Y AUDITORÍA,1,B,TRIBUTACIÓN,2026-04-27 18:16:00,2026-07-30 19:42:00,13,38.46,0,4,25.0,15.25,23.22,43,7,18,Reprobado,1
0e52a140583b,3091,01/2026C1/P/04/132-02/1/000165-1B,2026C1,04/132-02,CONTABILIDAD Y AUDITORÍA,1,B,METODOLOGÍA DE LA INVESTIGACIÓN,2026-03-20 19:34:00,2026-07-31 18:28:00,13,100.0,4,4,100.0,77.51,76.52,5,6,19,Aprobado,0
de545c40215a,3200,01/2026C1/P/04/120-03/4/000143-4A,2026C1,04/120-03,ECONOMÍA,4,A,MACROECONOMÍA,2026-03-24 19:34:00,2026-08-06 19:06:00,13,100.0,0,4,100.0,89.33,88.52,9,0,19,Aprobado,0
de545c40215a,3201,01/2026C1/P/04/120-03/4/000176-4A,2026C1,04/120-03,ECONOMÍA,4,A,MICROECONOMÍA,2026-03-19 20:01:00,2026-08-05 20:09:00,13,100.0,2,4,100.0,83.33,83.84,4,1,20,Aprobado,0
de545c40215a,3202,01/2026C1/P/04/120-03/4/000110-4A,2026C1,04/120-03,ECONOMÍA,4,A,ESTADÍSTICA,2026-03-18 19:32:00,2026-08-04 17:26:00,13,100.0,2,4,100.0,79.4,81.5,3,2,19,Aprobado,0
de545c40215a,3203,01/2026C1/P/04/120-03/4/000165-4A,2026C1,04/120-03,ECONOMÍA,4,A,METODOLOGÍA DE LA INVESTIGACIÓN,2026-03-15 18:53:00,2026-07-31 19:02:00,13,100.0,1,4,100.0,95.15,95.96,0,6,18,Aprobado,0
83afa6fa61a6,3180,01/2026C1/P/02/145-01/3/000077-3B,2026C1,02/145-01,DERECHO,3,B,DERECHO CIVIL,2026-03-15 20:42:00,2026-07-31 20:14:00,13,84.62,1,4,100.0,84.33,71.96,0,6,20,Aprobado,0
83afa6fa61a6,3181,01/2026C1/P/02/145-01/3/000099-3B,2026C1,02/145-01,DERECHO,3,B,DERECHO PENAL,2026-03-24 20:52:00,2026-08-05 20:18:00,13,100.0,2,4,100.0,76.49,79.98,9,1,20,Aprobado,0
83afa6fa61a6,3182,01/2026C1/P/02/145-01/3/000088-3B,2026C1,02/145-01,DERECHO,3,B,DERECHO CONSTITUCIONAL,2026-03-28 22:58:00,2026-08-06 19:00:00,13,100.0,0,4,100.0,87.97,85.73,13,0,22,Aprobado,0
83afa6fa61a6,3183,01/2026C1/P/02/145-01/3/000165-3B,2026C1,02/145-01,DERECHO,3,B,METODOLOGÍA DE LA INVESTIGACIÓN,2026-03-15 19:46:00,2026-08-06 20:37:00,13,92.31,6,4,75.0,58.42,79.86,0,0,19,Aprobado,0
eef09257b598,3196,01/2026C1/P/01/101-01/4/000011-4A,2026C1,01/101-01,MEDICINA,4,A,ANATOMÍA HUMANA,2026-03-18 20:12:00,2026-08-04 20:40:00,13,76.92,1,4,75.0,56.82,60.27,3,2,20,Reprobado,1
eef09257b598,3197,01/2026C1/P/01/101-01/4/000033-4A,2026C1,01/101-01,MEDICINA,4,A,BIOQUÍMICA,2026-03-26 19:11:00,2026-07-30 19:02:00,13,92.31,1,4,100.0,70.74,65.39,11,7,19,Reprobado,1
eef09257b598,3198,01/2026C1/P/01/101-01/4/000132-4A,2026C1,01/101-01,MEDICINA,4,A,FISIOLOGÍA,2026-03-16 19:03:00,2026-08-04 18:49:00,13,100.0,2,4,100.0,87.31,87.08,1,2,19,Aprobado,0
eef09257b598,3199,01/2026C1/P/01/101-01/4/000165-4A,2026C1,01/101-01,MEDICINA,4,A,METODOLOGÍA DE LA INVESTIGACIÓN,2026-03-17 21:08:00,2026-07-30 19:14:00,13,100.0,2,4,100.0,79.96,75.02,2,7,21,Aprobado,0
26c5017465af,3056,01/2026C1/P/04/132-02/5/000044-5B,2026C1,04/132-02,CONTABILIDAD Y AUDITORÍA,5,B,CONTABILIDAD GENERAL,2026-03-16 23:19:00,2026-08-02 22:33:00,13,92.31,4,4,100.0,77.86,66.43,1,4,23,Reprobado,1
26c5017465af,3057,01/2026C1/P/04/132-02/5/000154-5B,2026C1,04/132-02,CONTABILIDAD Y AUDITORÍA,5,B,MATEMÁTICA FINANCIERA,2026-03-18 20:35:00,2026-08-06 00:13:00,13,92.31,3,4,100.0,76.2,65.03,3,0,20,Reprobado,1
26c5017465af,3058,01/2026C1/P/04/132-02/5/000220-5B,2026C1,04/132-02,CONTABILIDAD Y AUDITORÍA,5,B,TRIBUTACIÓN,2026-03-18 22:52:00,2026-07-31 23:07:00,13,92.31,1,4,100.0,83.36,76.93,3,6,22,Aprobado,0
26c5017465af,3059,01/2026C1/P/04/132-02/5/000165-5B,2026C1,04/132-02,CONTABILIDAD Y AUDITORÍA,5,B,METODOLOGÍA DE LA INVESTIGACIÓN,2026-03-17 22:16:00,2026-07-30 23:31:00,13,92.31,1,4,100.0,96.58,76.54,2,7,22,Aprobado,0
30b115df6b4d,3220,01/2026C1/P/04/120-03/5/000143-5B,2026C1,04/120-03,ECONOMÍA,5,B,MACROECONOMÍA,2026-03-19 18:17:00,2026-08-03 19:47:00,13,100.0,3,4,100.0,77.0,80.84,4,3,18,Aprobado,0
30b115df6b4d,3221,01/2026C1/P/04/120-03/5/000176-5B,2026C1,04/120-03,ECONOMÍA,5,B,MICROECONOMÍA,2026-03-15 17:26:00,2026-08-04 18:33:00,13,100.0,2,4,100.0,90.44,93.91,0,2,17,Aprobado,0
30b115df6b4d,3222,01/2026C1/P/04/120-03/5/000110-5B,2026C1,04/120-03,ECONOMÍA,5,B,ESTADÍSTICA,2026-03-16 16:50:00,2026-08-07 16:10:00,13,100.0,1,4,100.0,89.39,81.37,1,0,16,Aprobado,0
30b115df6b4d,3223,01/2026C1/P/04/120-03/5/000165-5B,2026C1,04/120-03,ECONOMÍA,5,B,METODOLOGÍA DE LA INVESTIGACIÓN,2026-03-21 17:39:00,2026-08-06 17:35:00,13,100.0,0,4,100.0,91.36,89.18,6,0,17,Aprobado,0
d83bd7b08a2e,3084,01/2026C1/P/04/120-03/2/000143-2A,2026C1,04/120-03,ECONOMÍA,2,A,MACROECONOMÍA,2026-04-08 00:29:00,2026-08-01 01:31:00,13,46.15,0,4,50.0,39.99,30.99,24,5,0,Reprobado,1
d83bd7b08a2e,3085,01/2026C1/P/04/120-03/2/000176-2A,2026C1,04/120-03,ECONOMÍA,2,A,MICROECONOMÍA,2026-03-26 23:08:00,2026-08-05 00:10:00,13,100.0,2,4,100.0,88.69,82.5,11,1,23,Aprobado,0
d83bd7b08a2e,3086,01/2026C1/P/04/120-03/2/000110-2A,2026C1,04/120-03,ECONOMÍA,2,A,ESTADÍSTICA,2026-03-20 00:04:00,2026-08-06 23:23:00,13,100.0,3,4,100.0,66.42,71.89,5,0,0,Aprobado,0
d83bd7b08a2e,3087,01/2026C1/P/04/120-03/2/000165-2A,2026C1,04/120-03,ECONOMÍA,2,A,METODOLOGÍA DE LA INVESTIGACIÓN,2026-03-16 23:13:00,2026-08-04 00:15:00,13,100.0,1,4,100.0,70.67,73.23,1,2,23,Aprobado,0
b454b7dc847d,3208,01/2026C1/P/04/120-03/1/000143-1A,2026C1,04/120-03,ECONOMÍA,1,A,MACROECONOMÍA,2026-03-22 17:08:00,2026-08-02 18:08:00,13,92.31,3,4,100.0,83.9,73.23,7,4,17,Aprobado,0
b454b7dc847d,3209,01/2026C1/P/04/120-03/1/000176-1A,2026C1,04/120-03,ECONOMÍA,1,A,MICROECONOMÍA,2026-03-15 15:51:00,2026-08-02 16:07:00,13,100.0,0,4,100.0,91.73,85.48,0,4,15,Aprobado,0
b454b7dc847d,3210,01/2026C1/P/04/120-03/1/000110-1A,2026C1,04/120-03,ECONOMÍA,1,A,ESTADÍSTICA,2026-04-02 17:56:00,2026-07-29 17:41:00,13,61.54,0,4,50.0,39.74,45.82,18,8,17,Reprobado,1
b454b7dc847d,3211,01/2026C1/P/04/120-03/1/000165-1A,2026C1,04/120-03,ECONOMÍA,1,A,METODOLOGÍA DE LA INVESTIGACIÓN,2026-03-15 18:59:00,2026-08-04 17:09:00,13,100.0,4,4,100.0,90.68,88.32,0,2,18,Aprobado,0
efa981fd60c9,3024,01/2026C1/P/05/167-02/4/000209-4A,2026C1,05/167-02,PSICOLOGÍA,4,A,PSICOLOGÍA GENERAL,2026-04-06 18:45:00,2026-08-01 20:41:00,13,53.85,3,4,50.0,25.54,35.41,22,5,18,Reprobado,1
efa981fd60c9,3025,01/2026C1/P/05/167-02/4/000110-4A,2026C1,05/167-02,PSICOLOGÍA,4,A,ESTADÍSTICA,2026-03-16 21:45:00,2026-08-02 20:12:00,13,100.0,4,4,100.0,78.5,72.04,1,4,21,Aprobado,0
efa981fd60c9,3026,01/2026C1/P/05/167-02/4/000187-4A,2026C1,05/167-02,PSICOLOGÍA,4,A,NEUROCIENCIAS,2026-03-23 20:40:00,2026-08-06 21:02:00,13,92.31,1,4,75.0,70.74,76.55,8,0,20,Aprobado,0
efa981fd60c9,3027,01/2026C1/P/05/167-02/4/000165-4A,2026C1,05/167-02,PSICOLOGÍA,4,A,METODOLOGÍA DE LA INVESTIGACIÓN,2026-04-07 21:02:00,2026-08-01 20:17:00,13,92.31,3,4,100.0,92.18,80.12,23,5,21,Aprobado,0
dce77d5ae9cc,3020,01/2026C1/P/03/210-01/3/000066-3A,2026C1,03/210-01,INGENIERÍA DE SOFTWARE,3,A,CÁLCULO DIFERENCIAL,2026-03-16 22:03:00,2026-08-05 19:37:00,13,100.0,0,4,100.0,83.31,77.35,1,1,22,Aprobado,0
dce77d5ae9cc,3021,01/2026C1/P/03/210-01/3/000198-3A,2026C1,03/210-01,INGENIERÍA DE SOFTWARE,3,A,PROGRAMACIÓN I,2026-03-26 19:41:00,2026-07-31 20:33:00,13,84.62,3,4,100.0,71.94,58.62,11,6,19,Reprobado,1
dce77d5ae9cc,3022,01/2026C1/P/03/210-01/3/000022-3A,2026C1,03/210-01,INGENIERÍA DE SOFTWARE,3,A,BASE DE DATOS,2026-04-08 21:34:00,2026-07-30 20:50:00,13,92.31,1,4,100.0,81.88,68.5,24,7,21,Reprobado,1
dce77d5ae9cc,3023,01/2026C1/P/03/210-01/3/000165-3A,2026C1,03/210-01,INGENIERÍA DE SOFTWARE,3,A,METODOLOGÍA DE LA INVESTIGACIÓN,2026-03-20 21:36:00,2026-07-30 21:38:00,13,92.31,1,4,100.0,85.02,75.97,5,7,21,Aprobado,0
b48ba6e34ceb,3176,01/2026C1/P/02/145-01/1/000077-1A,2026C1,02/145-01,DERECHO,1,A,DERECHO CIVIL,2026-03-30 16:57:00,2026-08-06 15:44:00,13,92.31,1,4,100.0,80.08,75.35,15,0,16,Aprobado,0
b48ba6e34ceb,3177,01/2026C1/P/02/145-01/1/000099-1A,2026C1,02/145-01,DERECHO,1,A,DERECHO PENAL,2026-03-17 17:40:00,2026-07-29 17:01:00,13,76.92,0,4,75.0,53.09,56.52,2,8,17,Reprobado,1
b48ba6e34ceb,3178,01/2026C1/P/02/145-01/1/000088-1A,2026C1,02/145-01,DERECHO,1,A,DERECHO CONSTITUCIONAL,2026-03-19 17:14:00,2026-07-31 17:01:00,13,100.0,1,4,100.0,79.81,81.26,4,6,17,Aprobado,0
b48ba6e34ceb,3179,01/2026C1/P/02/145-01/1/000165-1A,2026C1,02/145-01,DERECHO,1,A,METODOLOGÍA DE LA INVESTIGACIÓN,2026-03-23 17:58:00,2026-08-01 19:12:00,13,100.0,4,4,100.0,79.66,81.59,8,5,17,Aprobado,0
61202af4fb9b,3128,01/2026C1/P/01/188-01/2/000011-2B,2026C1,01/188-01,ENFERMERÍA,2,B,ANATOMÍA HUMANA,2026-03-15 18:15:00,2026-08-04 16:15:00,13,84.62,1,4,100.0,69.74,61.95,0,2,18,Reprobado,1
61202af4fb9b,3129,01/2026C1/P/01/188-01/2/000055-2B,2026C1,01/188-01,ENFERMERÍA,2,B,CUIDADO BÁSICO,2026-03-28 17:35:00,2026-08-05 16:56:00,13,84.62,1,4,100.0,83.78,68.32,13,1,17,Reprobado,1
61202af4fb9b,3130,01/2026C1/P/01/188-01/2/000121-2B,2026C1,01/188-01,ENFERMERÍA,2,B,FARMACOLOGÍA,2026-03-16 18:43:00,2026-07-29 17:57:00,13,100.0,1,4,100.0,81.85,80.84,1,8,18,Aprobado,0
61202af4fb9b,3131,01/2026C1/P/01/188-01/2/000165-2B,2026C1,01/188-01,ENFERMERÍA,2,B,METODOLOGÍA DE LA INVESTIGACIÓN,2026-04-15 18:20:00,2026-08-01 16:21:00,13,30.77,1,4,25.0,14.07,18.56,31,5,18,Reprobado,1
36a3d85aacd1,3080,01/2026C1/P/04/132-02/4/000044-4A,2026C1,04/132-02,CONTABILIDAD Y AUDITORÍA,4,A,CONTABILIDAD GENERAL,2026-03-17 16:17:00,2026-05-13 15:38:00,13,38.46,2,4,100.0,86.71,33.49,2,85,16,Reprobado,1
36a3d85aacd1,3081,01/2026C1/P/04/132-02/4/000154-4A,2026C1,04/132-02,CONTABILIDAD Y AUDITORÍA,4,A,MATEMÁTICA FINANCIERA,2026-03-20 16:57:00,2026-05-08 14:34:00,13,38.46,0,4,100.0,86.7,32.27,5,90,16,Reprobado,1
36a3d85aacd1,3082,01/2026C1/P/04/132-02/4/000220-4A,2026C1,04/132-02,CONTABILIDAD Y AUDITORÍA,4,A,TRIBUTACIÓN,2026-03-22 16:03:00,2026-06-14 17:30:00,13,61.54,0,4,100.0,98.84,56.45,7,53,16,Reprobado,1
36a3d85aacd1,3083,01/2026C1/P/04/132-02/4/000165-4A,2026C1,04/132-02,CONTABILIDAD Y AUDITORÍA,4,A,METODOLOGÍA DE LA INVESTIGACIÓN,2026-03-18 17:08:00,2026-05-24 16:45:00,13,38.46,1,4,100.0,85.04,31.69,3,74,17,Reprobado,1
1c6ebe120ab0,3260,01/2026C1/P/05/167-02/3/000209-3A,2026C1,05/167-02,PSICOLOGÍA,3,A,PSICOLOGÍA GENERAL,2026-03-17 15:25:00,2026-07-30 16:44:00,13,100.0,0,4,100.0,87.18,90.47,2,7,15,Aprobado,0
1c6ebe120ab0,3261,01/2026C1/P/05/167-02/3/000110-3A,2026C1,05/167-02,PSICOLOGÍA,3,A,ESTADÍSTICA,2026-03-17 16:51:00,2026-08-02 17:36:00,13,100.0,0,4,100.0,97.15,92.22,2,4,16,Aprobado,0
1c6ebe120ab0,3262,01/2026C1/P/05/167-02/3/000187-3A,2026C1,05/167-02,PSICOLOGÍA,3,A,NEUROCIENCIAS,2026-03-15 16:02:00,2026-08-04 17:28:00,13,100.0,2,4,100.0,89.7,82.33,0,2,16,Aprobado,0
1c6ebe120ab0,3263,01/2026C1/P/05/167-02/3/000165-3A,2026C1,05/167-02,PSICOLOGÍA,3,A,METODOLOGÍA DE LA INVESTIGACIÓN,2026-03-26 16:05:00,2026-08-01 17:36:00,13,100.0,1,4,100.0,94.04,90.17,11,5,16,Aprobado,0
8c6a1202eee4,3248,01/2026C1/P/01/188-01/1/000011-1B,2026C1,01/188-01,ENFERMERÍA,1,B,ANATOMÍA HUMANA,2026-03-25 23:30:00,2026-08-02 22:59:00,13,92.31,3,4,75.0,49.16,61.64,10,4,23,Reprobado,1
8c6a1202eee4,3249,01/2026C1/P/01/188-01/1/000055-1B,2026C1,01/188-01,ENFERMERÍA,1,B,CUIDADO BÁSICO,2026-03-18 01:06:00,2026-08-04 23:58:00,13,76.92,5,4,100.0,62.77,51.91,3,2,1,Reprobado,1
8c6a1202eee4,3250,01/2026C1/P/01/188-01/1/000121-1B,2026C1,01/188-01,ENFERMERÍA,1,B,FARMACOLOGÍA,2026-03-21 21:45:00,2026-08-03 22:37:00,13,84.62,2,4,50.0,26.16,55.94,6,3,21,Reprobado,1
8c6a1202eee4,3251,01/2026C1/P/01/188-01/1/000165-1B,2026C1,01/188-01,ENFERMERÍA,1,B,METODOLOGÍA DE LA INVESTIGACIÓN,2026-04-15 00:05:00,2026-07-30 23:59:00,13,53.85,2,4,100.0,69.68,34.21,31,7,0,Reprobado,1
91176342e09b,3192,01/2026C1/P/01/188-01/3/000011-3A,2026C1,01/188-01,ENFERMERÍA,3,A,ANATOMÍA HUMANA,2026-03-18 20:55:00,2026-07-31 22:56:00,13,100.0,4,4,100.0,78.58,77.09,3,6,20,Aprobado,0
91176342e09b,3193,01/2026C1/P/01/188-01/3/000055-3A,2026C1,01/188-01,ENFERMERÍA,3,A,CUIDADO BÁSICO,2026-03-19 21:39:00,2026-08-03 23:24:00,13,100.0,2,4,100.0,93.14,90.89,4,3,21,Aprobado,0
91176342e09b,3194,01/2026C1/P/01/188-01/3/000121-3A,2026C1,01/188-01,ENFERMERÍA,3,A,FARMACOLOGÍA,2026-03-15 21:09:00,2026-08-03 22:06:00,13,100.0,1,4,100.0,93.48,92.62,0,3,21,Aprobado,0
91176342e09b,3195,01/2026C1/P/01/188-01/3/000165-3A,2026C1,01/188-01,ENFERMERÍA,3,A,METODOLOGÍA DE LA INVESTIGACIÓN,2026-03-24 22:20:00,2026-08-01 23:08:00,13,100.0,0,4,100.0,83.39,87.47,9,5,22,Aprobado,0
456640093589,3180,01/2026C1/P/02/145-01/3/000077-3B,2026C1,02/145-01,DERECHO,3,B,DERECHO CIVIL,2026-03-20 20:20:00,2026-08-03 19:39:00,13,84.62,4,4,75.0,55.7,66.99,5,3,20,Reprobado,1
456640093589,3181,01/2026C1/P/02/145-01/3/000099-3B,2026C1,02/145-01,DERECHO,3,B,DERECHO PENAL,2026-03-15 22:20:00,2026-08-04 20:43:00,13,100.0,1,4,100.0,85.81,90.53,0,2,22,Aprobado,0
456640093589,3182,01/2026C1/P/02/145-01/3/000088-3B,2026C1,02/145-01,DERECHO,3,B,DERECHO CONSTITUCIONAL,2026-03-23 20:10:00,2026-08-07 22:53:00,13,100.0,1,4,100.0,83.76,85.05,8,0,20,Aprobado,0
456640093589,3183,01/2026C1/P/02/145-01/3/000165-3B,2026C1,02/145-01,DERECHO,3,B,METODOLOGÍA DE LA INVESTIGACIÓN,2026-03-18 22:19:00,2026-08-02 22:46:00,13,92.31,4,4,75.0,64.62,71.24,3,4,22,Aprobado,0
bb89356e6b9d,3192,01/2026C1/P/01/188-01/3/000011-3A,2026C1,01/188-01,ENFERMERÍA,3,A,ANATOMÍA HUMANA,2026-03-16 13:45:00,2026-08-01 14:27:00,13,100.0,1,4,100.0,94.2,87.18,1,5,13,Aprobado,0
bb89356e6b9d,3193,01/2026C1/P/01/188-01/3/000055-3A,2026C1,01/188-01,ENFERMERÍA,3,A,CUIDADO BÁSICO,2026-03-16 15:06:00,2026-08-03 13:47:00,13,100.0,0,4,100.0,99.48,99.26,1,3,15,Aprobado,0
bb89356e6b9d,3194,01/2026C1/P/01/188-01/3/000121-3A,2026C1,01/188-01,ENFERMERÍA,3,A,FARMACOLOGÍA,2026-03-18 13:04:00,2026-08-06 14:29:00,13,100.0,0,4,100.0,94.36,92.37,3,0,13,Aprobado,0
bb89356e6b9d,3195,01/2026C1/P/01/188-01/3/000165-3A,2026C1,01/188-01,ENFERMERÍA,3,A,METODOLOGÍA DE LA INVESTIGACIÓN,2026-03-24 11:53:00,2026-07-30 14:23:00,13,100.0,2,4,100.0,97.5,96.73,9,7,11,Aprobado,0
0826109c39d2,3128,01/2026C1/P/01/188-01/2/000011-2B,2026C1,01/188-01,ENFERMERÍA,2,B,ANATOMÍA HUMANA,2026-03-23 16:55:00,2026-07-31 14:38:00,13,100.0,1,4,100.0,97.74,92.13,8,6,16,Aprobado,0
0826109c39d2,3129,01/2026C1/P/01/188-01/2/000055-2B,2026C1,01/188-01,ENFERMERÍA,2,B,CUIDADO BÁSICO,2026-03-15 15:44:00,2026-08-03 15:38:00,13,100.0,4,4,100.0,94.75,96.94,0,3,15,Aprobado,0
0826109c39d2,3130,01/2026C1/P/01/188-01/2/000121-2B,2026C1,01/188-01,ENFERMERÍA,2,B,FARMACOLOGÍA,2026-03-19 16:48:00,2026-07-29 18:15:00,13,100.0,2,4,100.0,93.61,93.7,4,8,16,Aprobado,0
0826109c39d2,3131,01/2026C1/P/01/188-01/2/000165-2B,2026C1,01/188-01,ENFERMERÍA,2,B,METODOLOGÍA DE LA INVESTIGACIÓN,2026-03-21 18:00:00,2026-07-31 14:28:00,13,92.31,0,4,100.0,97.13,90.26,6,6,18,Aprobado,0
b8dc20425867,3128,01/2026C1/P/01/188-01/2/000011-2B,2026C1,01/188-01,ENFERMERÍA,2,B,ANATOMÍA HUMANA,2026-03-15 18:20:00,2026-07-30 19:15:00,13,100.0,0,4,100.0,89.64,75.29,0,7,18,Aprobado,0
b8dc20425867,3129,01/2026C1/P/01/188-01/2/000055-2B,2026C1,01/188-01,ENFERMERÍA,2,B,CUIDADO BÁSICO,2026-03-16 20:11:00,2026-07-31 18:48:00,13,84.62,7,4,50.0,41.55,60.84,1,6,20,Reprobado,1
b8dc20425867,3130,01/2026C1/P/01/188-01/2/000121-2B,2026C1,01/188-01,ENFERMERÍA,2,B,FARMACOLOGÍA,2026-03-20 20:40:00,2026-08-03 20:14:00,13,100.0,3,4,100.0,86.01,76.4,5,3,20,Aprobado,0
b8dc20425867,3131,01/2026C1/P/01/188-01/2/000165-2B,2026C1,01/188-01,ENFERMERÍA,2,B,METODOLOGÍA DE LA INVESTIGACIÓN,2026-03-17 18:43:00,2026-08-04 19:47:00,13,100.0,2,4,100.0,76.64,81.07,2,2,18,Aprobado,0
